id,name,brand,category,subcategory,description,attributes,image_url
P0001,מטהג אוויר חם Air Fryer XL,Philips,מטבח ובישול,מכשירי חשמל קטנים למטבח,"מטהג אוויר המשתמש בטכנולוגיית זרימת אוויר חמה כדי לטגן, לאפות ולצלות מזון בכמות שמן מזערית. מתאים למנות פריכות כמו צ׳יפס, כנפיים ומאפים, עם קיבולת גדולה המספיקה למשפחה. כולל תוכניות בישול מוגדרות מראש ומגש ניתן להסרה לניקוי קל ופשוט.",הספק: 1400W | נפח: 6.2 ליטר | תוכניות בישול: 7 | צבע: שחור,https://placehold.co/600x600/f4f4f5/27272a/png?text=Air%20Fryer
P0002,Air Fryer קומפקטי דיגיטלי,Tefal,מטבח ובישול,מכשירי חשמל קטנים למטבח,"מכשיר טיגון באוויר חם בגודל קומפקטי המתאים למטבחים קטנים או לזוגות צעירים. מסך דיגיטלי לבחירת טמפרטורה וזמן, סל הרמטי מצופה טפלון ובית חיצוני שנשאר קריר למגע במהלך הפעולה כולה.",הספק: 1200W | נפח: 3.5 ליטר | טווח טמפרטורה: 80-200 מעלות,https://placehold.co/600x600/f4f4f5/27272a/png?text=Air%20Fryer
P0003,בלנדר עוצמתי High Speed,Ninja,מטבח ובישול,מכשירי חשמל קטנים למטבח,"בלנדר עוצמתי עם להבים מפלדת אל-חלד המסוגל לטחון קרח, לייצר אבקת פירות קפואים ולהכין מרקים חלקים בשניות ספורות. כד טריטן עמיד נגד שריטות בנפח גדול, ושלוש מהירויות קבועות בנוסף לתוכנית פולס לערבוב קצר.",הספק: 1200W | נפח כד: 1.8 ליטר | מהירויות: 3,https://placehold.co/600x600/f4f4f5/27272a/png?text=Blender
P0004,בלנדר ידני מוט טבילה,Braun,מטבח ובישול,מכשירי חשמל קטנים למטבח,"בלנדר מוט לערבוב ישירות בסיר או בקערה, נוח להכנת מרקים, רטבים ומחיות תינוקות. ראש נשלף לשטיפה בנוחות, ידית מרופדת ובקרת מהירות משתנה בלחיצת כפתור אחד פשוט.",הספק: 700W | חומר מוט: נירוסטה | מהירויות: משתנות,https://placehold.co/600x600/f4f4f5/27272a/png?text=Hand%20Blender
P0005,מיקסר עומד מקצועי,KitchenAid,מטבח ובישול,מכשירי חשמל קטנים למטבח,"מיקסר עומד קלאסי בגוף מתכת מלא, מגיע עם קערת נירוסטה, וו לישה, מקציף חוט ומקצף שטוח. ראש נטייה מאפשר גישה נוחה לקערה, ותושבת הבל מאפשרת חיבור מכשירים נלווים כמו טוחנת בשר או מכונת פסטה.",הספק: 300W | נפח קערה: 4.8 ליטר | מהירויות: 10 | צבע: אדום,https://placehold.co/600x600/f4f4f5/27272a/png?text=Stand%20Mixer
P0006,מיקסר עומד קומפקטי,Kenwood,מטבח ובישול,מכשירי חשמל קטנים למטבח,"מיקסר עומד בגודל חסכוני לשטח עבודה מוגבל, עם קערת פלסטיק שקופה וראשי ערבוב מתחלפים ללישה, הקצפה וערבוב. מנוע שקט יחסית ומתאים לכמויות בישול ביתיות רגילות בלי צורך במקום אחסון גדול.",הספק: 250W | נפח קערה: 3 ליטר | מהירויות: 6,https://placehold.co/600x600/f4f4f5/27272a/png?text=Stand%20Mixer
P0007,מיקסר יד עם מעמד,Bosch,מטבח ובישול,מכשירי חשמל קטנים למטבח,"מיקסר יד קל משקל עם מעמד קבוע לשימוש ללא החזקה, כולל קערת ערבוב וידיות הקצפה ולישה מנירוסטה. מתאים להכנת עוגות, קצפת וקצפת חלבונים במהירות ובנוחות רבה.","הספק: 450W | מהירויות: 5 | אביזרים: 2 ידיות הקצפה, 2 וווי לישה",https://placehold.co/600x600/f4f4f5/27272a/png?text=Hand%20Mixer
P0008,מעבד מזון רב תכליתי,Moulinex,מטבח ובישול,מכשירי חשמל קטנים למטבח,"מעבד מזון עם קערה גדולה ומגוון להבים לקצוץ, לפרוס, לגרר ולעבד בצק. מנוע חזק המתמודד עם ירקות קשים ואגוזים, ופיה להזנת מזון שלם ללא צורך בחיתוך מקדים לפני העיבוד.",הספק: 900W | נפח קערה: 3.2 ליטר | להבים: 6,https://placehold.co/600x600/f4f4f5/27272a/png?text=Food%20Processor
P0009,קומקום חשמלי עם בקרת חום,Russell Hobbs,מטבח ובישול,מכשירי חשמל קטנים למטבח,"קומקום חשמלי מנירוסטה עם בקרת טמפרטורה מדויקת המתאימה לחליטת סוגי תה שונים, מסנן אבנית נשלף ותצוגת מים דרך חלון מדידה. כיבוי אוטומטי כשהמים רותחים או כשמסירים אותו מהבסיס.",הספק: 2200W | נפח: 1.7 ליטר | טווח חום: 40-100 מעלות,https://placehold.co/600x600/f4f4f5/27272a/png?text=Electric%20Kettle
P0010,טוסטר לחיטה שתי פרוסות,Russell Hobbs,מטבח ובישול,מכשירי חשמל קטנים למטבח,"טוסטר קלאסי עם חריצים רחבים המתאימים גם לפרוסות עבות, בקרת שיזוף עם שבע דרגות ופונקציית הפשרה וחימום מחדש. מגש פירורים נשלף לניקוי פשוט ומהיר.",חריצים: 2 | דרגות שיזוף: 7 | הספק: 950W,https://placehold.co/600x600/f4f4f5/27272a/png?text=Toaster
P0011,מכשיר טוסט סגור עם לחיצה,Tefal,מטבח ובישול,מכשירי חשמל קטנים למטבח,מכשיר להכנת טוסטים סגורים עם לוחות מצופים בציפוי אל-דבק המדביקים את קצוות הלחם ליצירת כיס ממולא. מתאים גם לפריסות פשוטות בזכות לוחות שטוחים להחלפה בין השניים.,הספק: 700W | לוחות: מתחלפים | נורית מוכנות: יש,https://placehold.co/600x600/f4f4f5/27272a/png?text=Sandwich%20Maker
P0012,מבשל רב תכליתי לחץ ובישול איטי,Ninja,מטבח ובישול,מכשירי חשמל קטנים למטבח,"מכשיר בישול משולב המשמש כסיר לחץ, סיר בישול איטי, מחבת אידוי וסיר להזהבה, כל זאת בקערה אחת הניתנת להסרה. מתאים להכנת תבשילים, מרקים ובשרים רכים תוך זמן קצר יחסית לשיטות המסורתיות.",הספק: 1460W | נפח: 6 ליטר | תוכניות: 6,https://placehold.co/600x600/f4f4f5/27272a/png?text=Multicooker
P0013,סיר בישול איטי חשמלי,Crock-Pot,מטבח ובישול,מכשירי חשמל קטנים למטבח,"סיר קרמי המונח בתוך בסיס חימום חשמלי, מיועד לבישול ממושך בטמפרטורה נמוכה עד לריכוך מלא של הבשר והירקות. שלוש דרגות חום ומכסה זכוכית לצפייה בתהליך הבישול ללא צורך בפתיחה.","נפח: 5.6 ליטר | דרגות חום: נמוך, גבוה, שימור חום",https://placehold.co/600x600/f4f4f5/27272a/png?text=Slow%20Cooker
P0014,מכשיר בישול ואקום Sous Vide,Anova,מטבח ובישול,מכשירי חשמל קטנים למטבח,"מכשיר טבילה לבישול בשיטת סו-ווید השומר על טמפרטורת מים מדויקת סביב שקית הבישול הוואקומית, לתוצאה אחידה של בשר, דגים וירקות. חיבור לאפליקציה לשליטה מרחוק בזמן ובטמפרטורה.",הספק: 1000W | דיוק טמפרטורה: 0.1 מעלות | חיבור: Wi-Fi,https://placehold.co/600x600/f4f4f5/27272a/png?text=Sous%20Vide
P0015,מכונת לחם ביתית אוטומטית,Panasonic,מטבח ובישול,מכשירי חשמל קטנים למטבח,"מכונה ללישה, תפיחה ואפיית לחם בתוך תבנית אחת, עם תוכניות מוגדרות ללחם לבן, מלא, גלוטן פרי ואף ריבה. מתזמן דחיית התחלה המאפשר לחם טרי ומהביל בבוקר ללא מאמץ.",הספק: 550W | תוכניות: 15 | משקל כיכר: עד 1 ק״ג,https://placehold.co/600x600/f4f4f5/27272a/png?text=Bread%20Maker
P0016,פלטת גריל חשמלית שטוחה,Russell Hobbs,מטבח ובישול,מכשירי חשמל קטנים למטבח,"פלטת גריל גדולה מצופה ציפוי אל-דבק לצליית בשרים, דגים וירקות ישירות על שולחן האוכל. משטח מתכוונן לניקוז שומן עודף ובקרת חום נפרדת לחימום אחיד לכל אורך הפלטה.",שטח צלייה: 46x27 ס״מ | הספק: 2000W,https://placehold.co/600x600/f4f4f5/27272a/png?text=Electric%20Grill
P0017,מכונת וופלים ביתית,Kalorik,מטבח ובישול,מכשירי חשמל קטנים למטבח,"מכונה קומפקטית להכנת וופלים פריכים בתבנית קלאסית בעלת רשת עמוקה. נורית חיווי מוכנות, ידיות בטוחות למגע ומשטח מצופה המקל על ההוצאה והניקוי בסיום הבישול.",הספק: 800W | צורת תבנית: קלאסית | צבע: לבן,https://placehold.co/600x600/f4f4f5/27272a/png?text=Waffle%20Maker
P0018,מסחטת הדרים ופירות חשמלית,Philips,מטבח ובישול,מכשירי חשמל קטנים למטבח,"מסחטה חשמלית להכנת מיצים טריים מתפוזים, לימונים ואשכוליות במהירות. חרוט סחיטה דו כיווני להתאמה לגדלי פרי שונים וקנקן איסוף עם פיה למניעת טפטוף בזמן היציקה.",הספק: 60W | קיבולת קנקן: 0.5 ליטר,https://placehold.co/600x600/f4f4f5/27272a/png?text=Citrus%20Juicer
P0019,מחבת נון-סטיק 28 ס״מ,Tefal,מטבח ובישול,סירים ומחבתות,מחבת בישול יומיומית עם ציפוי אל-דבק המאפשר בישול בכמות שמן מינימלית וניקוי קל. בסיס עבה המפזר חום באחידות ומתאים לכל סוגי הכיריים כולל אינדוקציה.,קוטר: 28 ס״מ | חומר: אלומיניום מצופה | מתאים לאינדוקציה: כן,https://placehold.co/600x600/f4f4f5/27272a/png?text=Frying%20Pan
P0020,סיר רוטב מנירוסטה עם מכסה,Fissler,מטבח ובישול,סירים ומחבתות,סיר רוטב איכותי מנירוסטה רב שכבתית עם בסיס קפסולה המבטיח פיזור חום אחיד ושמירה על טמפרטורה קבועה. ידית ארוכה שנשארת קרירה למגע ומכסה זכוכית לצפייה בבישול.,נפח: 2 ליטר | חומר: נירוסטה 18/10 | מתאים לאינדוקציה: כן,https://placehold.co/600x600/f4f4f5/27272a/png?text=Saucepan
P0021,סיר ענק לבישול מרקים,WMF,מטבח ובישול,סירים ומחבתות,"סיר גדול מנירוסטה עמיד המיועד לבישול מרקים, אטריות ותבשילים בכמות גדולה. שתי ידיות צד לנשיאה בטוחה ומכסה הדוק השומר על לחות בזמן בישול ממושך.",נפח: 8 ליטר | חומר: נירוסטה | ידיות: 2 צדדיות,https://placehold.co/600x600/f4f4f5/27272a/png?text=Stock%20Pot
P0022,מחבת גריל ברזל יצוק מאמייל,Le Creuset,מטבח ובישול,סירים ומחבתות,"מחבת גריל כבדה מברזל יצוק בציפוי אמייל צבעוני, עם פסי צלייה בולטים המדמים סימוני מנגל ומנקזים שומן עודף. שומרת על חום גבוה לאורך זמן ומתאימה גם לשימוש בתנור.",משקל: 3.2 ק״ג | חומר: ברזל יצוק מאומיין | מתאים לתנור: כן,https://placehold.co/600x600/f4f4f5/27272a/png?text=Grill%20Pan
P0023,וואק פלדת פחמן מסורתי,Tramontina,מטבח ובישול,סירים ומחבתות,"וואק עמוק מפלדת פחמן קלאסית המתאים לטיגון מוקפץ בחום גבוה במיוחד, כפי שנהוג במטבח האסייתי המסורתי. דורש חימום ראשוני ליצירת שכבת הגנה טבעית וזמין עם שתי ידיות אחיזה נוחות.",קוטר: 32 ס״מ | חומר: פלדת פחמן | בסיס: שטוח,https://placehold.co/600x600/f4f4f5/27272a/png?text=Wok
P0024,סט סירים ומחבתות 5 חלקים,Zwilling,מטבח ובישול,סירים ומחבתות,"סט בישול הכולל שני סירים, מחבת וקערת הגשה עם מכסים תואמים, מיוצר מנירוסטה עבה בעלת ליבת אלומיניום למוליכות חום מיטבית. פתרון שלם לצייד מטבח חדש בבת אחת.",מספר חלקים: 5 | חומר: נירוסטה | מתאים לאינדוקציה: כן,https://placehold.co/600x600/f4f4f5/27272a/png?text=Cookware%20Set
P0025,מחבת קרמית ידידותית לסביבה,Berlinger Haus,מטבח ובישול,סירים ומחבתות,"מחבת בישול עם ציפוי קרמי נטול חומרים מסוכנים, המפחית את הצורך בשמן ומאפשר ניקוי קל. ידית סיליקון קרה למגע ותחתית מוקשחת לפיזור חום שווה על פני כל המשטח.",קוטר: 24 ס״מ | ציפוי: קרמי | צבע: אפור,https://placehold.co/600x600/f4f4f5/27272a/png?text=Ceramic%20Pan
P0026,סיר לחץ קלאסי לכיריים,Fissler,מטבח ובישול,סירים ומחבתות,"סיר לחץ ידני להנחה ישירה על הכיריים, מקצר משמעותית את זמני הבישול של קטניות, בשרים ותבשילים סמיכים. מנגנון בטיחות כפול ושסתום שחרור לחץ מבוקר לשליטה מלאה בתהליך.",נפח: 6 ליטר | חומר: נירוסטה | דרגות לחץ: 2,https://placehold.co/600x600/f4f4f5/27272a/png?text=Pressure%20Cooker
P0027,מחבת פנקייק קטנה,Tefal,מטבח ובישול,סירים ומחבתות,"מחבת קטנה ורדודה המתאימה בדיוק להכנת פנקייק אחד או ביצת עין, עם ציפוי אל-דבק וידית קצרה ונוחה. פתרון נחמד לארוחת בוקר אישית ומהירה בלי לכלוך מיותר.",קוטר: 16 ס״מ | חומר: אלומיניום מצופה,https://placehold.co/600x600/f4f4f5/27272a/png?text=Pancake%20Pan
P0028,סיר טאג׳ין קרמי מסורתי,Emile Henry,מטבח ובישול,סירים ומחבתות,"סיר בישול בעל מכסה חרוטי מקרמיקה, המבוסס על שיטת בישול צפון אפריקאית מסורתית, מאפשר לאדים לחזור אל התבשיל ולשמור על לחות ורכות הבשר והירקות לאורך בישול ממושך על אש נמוכה.",קוטר: 30 ס״מ | חומר: קרמיקה | מתאים לתנור: כן,https://placehold.co/600x600/f4f4f5/27272a/png?text=Tagine
P0029,מחבת וואק נון-סטיק עם מכסה,Tefal,מטבח ובישול,סירים ומחבתות,"מחבת וואק ביתית עם ציפוי אל-דבק עמיד ומכסה זכוכית נלווה, מתאימה לטיגון מוקפץ, אידוי ואף להגשה ישירה לשולחן. ידיות צד נוספות לנשיאה נוחה כשהמחבת מלאה בתבשיל.",קוטר: 30 ס״מ | חומר: אלומיניום מצופה | כולל מכסה: כן,https://placehold.co/600x600/f4f4f5/27272a/png?text=Wok
P0030,סיר פונדו עם מבערון,Le Creuset,מטבח ובישול,סירים ומחבתות,"סיר קטן וחגיגי המיועד להכנת פונדו גבינה או שוקולד לשולחן, מגיע עם מבערון להחזקת חום ומזלגות ארוכים להגשה. גוף ברזל יצוק המחזיק חום לאורך זמן ומעניק אווירה חגיגית לערב עם חברים.",נפח: 1 ליטר | כולל: מבערון ו-6 מזלגות | חומר: ברזל יצוק,https://placehold.co/600x600/f4f4f5/27272a/png?text=Fondue%20Pot
P0031,סיר צרפתי עגול מאמייל,Le Creuset,מטבח ובישול,סירים ומחבתות,"סיר בישול איקוני מברזל יצוק בציפוי אמייל, מתאים לבישול איטי, תבשילים, לחמים ואף להגשה ישירה מהתנור לשולחן. שומר על חום אחיד ומחזיק מעמד לשנים רבות של שימוש יומיומי.",נפח: 4.2 ליטר | חומר: ברזל יצוק מאומיין | מתאים לתנור: כן,https://placehold.co/600x600/f4f4f5/27272a/png?text=Dutch%20Oven
P0032,מחבת גריזל משיש עם ידיות,Berlinger Haus,מטבח ובישול,סירים ומחבתות,"מחבת גריזל כפולה בציפוי אבן משולב עם קוורץ המפזר חום באופן אחיד במיוחד, מתאימה לצלייה בריאה עם מעט שמן. ידיות נשלפות המקלות על אחסון בארון מטבח צר.",קוטר: 26 ס״מ | ציפוי: אבן-קוורץ | ידית: נשלפת,https://placehold.co/600x600/f4f4f5/27272a/png?text=Stone%20Pan
P0033,סכין שף מקצועית 20 ס״מ,Victorinox,מטבח ובישול,סכינים וקרשי חיתוך,"סכין שף בעלת להב מפלדת אל-חלד מחוסמת בחדות גבוהה, מתאימה לחיתוך, פריסה וקיצוץ יומיומי במטבח. ידית פיברוקס אנטי החלקה השומרת על אחיזה בטוחה גם כשידיים רטובות.",אורך להב: 20 ס״מ | חומר להב: פלדת אל-חלד | ידית: פיברוקס,https://placehold.co/600x600/f4f4f5/27272a/png?text=Chef%20Knife
P0034,סכין סנטוקו יפנית,Zwilling,מטבח ובישול,סכינים וקרשי חיתוך,"סכין רב תכליתית בסגנון יפני עם להב קצר ורחב יחסית, כולל שקעים לאורך הלהב המונעים הידבקות פרוסות דקות. מתאימה לחיתוך ירקות, דגים ובשר רזה במהירות ובדיוק.",אורך להב: 17 ס״מ | חומר להב: פלדת פחמן-כרום,https://placehold.co/600x600/f4f4f5/27272a/png?text=Santoku%20Knife
P0035,סכין פילוט גמישה,Victorinox,מטבח ובישול,סכינים וקרשי חיתוך,"סכין דקה וגמישה המיועדת לפירוק דגים ועופות, עם להב דק המאפשר גישה מדויקת סביב עצמות וסחוסים. ידית קלה ואיזון נוח לעבודה ממושכת בלי עייפות ביד.",אורך להב: 18 ס״מ | גמישות להב: גבוהה,https://placehold.co/600x600/f4f4f5/27272a/png?text=Fillet%20Knife
P0036,סכין לחם משוננת,Fiskars,מטבח ובישול,סכינים וקרשי חיתוך,"סכין ארוכה עם להב משונן המאפשר פריסת לחם, עוגות ופירות רכים ללא מעיכה של הפרוסה. עיצוב ארגונומי עם ידית פלסטיק קלה ועמידה לשימוש יומיומי במטבח.",אורך להב: 23 ס״מ | סוג להב: משונן,https://placehold.co/600x600/f4f4f5/27272a/png?text=Bread%20Knife
P0037,סט סכינים 6 חלקים עם בלוק עץ,Zwilling,מטבח ובישול,סכינים וקרשי חיתוך,"סט שלם המכיל סכין שף, סכין פרוסות, סכין ירקות, סכין לחם, מספריים ומשחזת, השמורים בבלוק עץ מהודר לתצוגה נוחה ליד משטח העבודה. פתרון מקיף לצייד מטבח מלא בפעם אחת.",מספר חלקים: 6 | חומר להבים: פלדת אל-חלד | כולל בלוק עץ: כן,https://placehold.co/600x600/f4f4f5/27272a/png?text=Knife%20Set
P0038,סכין ירקות קטנה,WMF,מטבח ובישול,סכינים וקרשי חיתוך,"סכין קטנה ורב תכליתית לקילוף וחיתוך ירקות ופירות, עם להב קצר המאפשר שליטה מדויקת בעבודות עדינות. קלה לאחיזה ונוחה במיוחד לשימוש יומיומי ליד הכיור.",אורך להב: 9 ס״מ | חומר להב: פלדת אל-חלד,https://placehold.co/600x600/f4f4f5/27272a/png?text=Paring%20Knife
P0039,משחזת סכינים ידנית,Fiskars,מטבח ובישול,סכינים וקרשי חיתוך,"משחזת קומפקטית עם שני שלבי השחזה לחידוד וליטוש להב הסכין, מתאימה לרוב סוגי הסכינים הביתיים. בסיס יציב המונע החלקה בזמן השימוש ומבטיח תוצאה בטוחה.",שלבי השחזה: 2 | חומר: קרביד וקרמיקה,https://placehold.co/600x600/f4f4f5/27272a/png?text=Knife%20Sharpener
P0040,קרש חיתוך במבוק עם תעלת ניקוז,Joseph Joseph,מטבח ובישול,סכינים וקרשי חיתוך,קרש חיתוך מבמבוק בר קיימא עם תעלה היקפית האוספת נוזלים מבשר או ירקות ומונעת שפיכה לשיש. משטח עמיד לחיתוך שאינו פוגע בלהב הסכין לאורך זמן רב.,חומר: במבוק | מידות: 45x30 ס״מ | כולל תעלת ניקוז: כן,https://placehold.co/600x600/f4f4f5/27272a/png?text=Cutting%20Board
P0041,סט קרשי חיתוך פלסטיק צבעוניים,Joseph Joseph,מטבח ובישול,סכינים וקרשי חיתוך,"סט קרשי חיתוך גמישים בצבעים שונים לכל סוג מזון, מונע העברת ריחות וזיהום צולב במטבח. כל קרש מתקפל להזלת שאריות ישירות לסיר או לפח האשפה.",מספר חלקים: 4 | חומר: פוליפרופילן | ניתן לשטיפה במדיח: כן,https://placehold.co/600x600/f4f4f5/27272a/png?text=Cutting%20Board%20Set
P0042,קרש חיתוך עץ זית מלא,T&G Woodware,מטבח ובישול,סכינים וקרשי חיתוך,"קרש חיתוך מעץ זית טבעי בעל גימור וגיין ייחודי לכל יחידה, עמיד וקשיח במיוחד ומתאים גם להגשה ישירות על השולחן. דורש טיפול תקופתי בשמן מינרלי לשמירה על המראה והעמידות.",חומר: עץ זית | מידות: 40x25 ס״מ,https://placehold.co/600x600/f4f4f5/27272a/png?text=Wooden%20Cutting%20Board
P0043,סכין קילוף ארגונומית,OXO,מטבח ובישול,סכינים וקרשי חיתוך,סכין קילוף עם ידית עבה ורכה המתאימה לאחיזה נוחה גם למשתמשים עם בעיות מפרקים. להב קטן וחד לקילוף מדויק של פירות וירקות ללא מאמץ מיותר.,אורך להב: 8 ס״מ | ידית: סיליקון רך,https://placehold.co/600x600/f4f4f5/27272a/png?text=Peeling%20Knife
P0044,מספריים רב תכליתיות למטבח,Fiskars,מטבח ובישול,סכינים וקרשי חיתוך,"מספריים חזקות עם להבים מפורקים לניקוי קל, מתאימות לחיתוך עוף, עשבי תיבול ואריזות שונות. כוללות פותחן בקבוקים ושובר אגוזים המשולבים בידית לשימוש רב תכליתי.",אורך: 21 ס״מ | ניתן לפירוק: כן,https://placehold.co/600x600/f4f4f5/27272a/png?text=Kitchen%20Shears
P0045,תבנית אפייה מלבנית מזכוכית,Pyrex,מטבח ובישול,אפייה,"תבנית אפייה עשויה זכוכית בורוסיליקט העמידה בפני הלם תרמי, מתאימה לאפיית עוגות, קוגלים ומאפי תבנית. ניתן להעביר אותה ישירות מהתנור לשולחן ולאחר מכן לאחסון במקרר.",מידות: 33x23 ס״מ | חומר: זכוכית בורוסיליקט | עמיד לתנור: עד 300 מעלות,https://placehold.co/600x600/f4f4f5/27272a/png?text=Baking%20Dish
P0046,סט קערות ערבוב מנירוסטה,Westmark,מטבח ובישול,אפייה,"שלוש קערות ערבוב בגדלים מדורגים המתאימות לערבוב בצק, הקצפת קצפת ועירבוב סלטים. בסיס גומי מונע החלקה על השיש בזמן העבודה, גם בקצב מהיר.","מספר חלקים: 3 | חומר: נירוסטה | נפחים: 1.5, 2.5, 4 ליטר",https://placehold.co/600x600/f4f4f5/27272a/png?text=Mixing%20Bowls
P0047,תבנית סיליקון לקאפקייקס,Wilton,מטבח ובישול,אפייה,תבנית סיליקון גמישה ל-12 קאפקייקס המאפשרת הוצאה קלה של המאפה ללא הצמדות. עמידה בטמפרטורות גבוהות ונמוכות ומתאימה גם להקפאה של בצק מוכן מראש.,מספר גומחות: 12 | חומר: סיליקון | טווח טמפרטורה: 40- עד 230 מעלות,https://placehold.co/600x600/f4f4f5/27272a/png?text=Cupcake%20Mold
P0048,מאזני מטבח דיגיטליים,Westmark,מטבח ובישול,אפייה,"מאזניים דיגיטליות מדויקות למדידת חומרי גלם באפייה, עם פונקציית טאר לאיפוס משקל הקערה ותצוגה דיגיטלית ברורה. מתאימות למתכונים הדורשים דיוק בגרמים ובמיליליטרים כאחד.",קיבולת מדידה: עד 5 ק״ג | דיוק: 1 גרם | סוללות: 2 AAA,https://placehold.co/600x600/f4f4f5/27272a/png?text=Kitchen%20Scale
P0049,תבנית לוף קרמית,Le Creuset,מטבח ובישול,אפייה,תבנית מוארכת לאפיית לחמים ועוגות בציפוי קרמי המונע הידבקות ומאפשר הוצאה נקייה. מתאימה גם להגשה ישירות מהתנור לשולחן בזכות מראה מהודר ואלגנטי.,מידות: 26x12 ס״מ | חומר: קרמיקה | מתאים לתנור: כן,https://placehold.co/600x600/f4f4f5/27272a/png?text=Loaf%20Pan
P0050,גלגלת בצק מעץ מלא,Kesper,מטבח ובישול,אפייה,"גלגלת מסורתית לרידוד בצק, עשויה עץ מלא חלק ונעים למגע ביד. ידיות אחיזה בקצוות המאפשרות הפעלת לחץ אחיד לאורך כל הרידוד, גם בבצקים עבים יחסית.",אורך: 40 ס״מ | חומר: עץ מלא,https://placehold.co/600x600/f4f4f5/27272a/png?text=Rolling%20Pin
P0051,תבנית פאי עגולה ניתקת,Kaiser,מטבח ובישול,אפייה,תבנית פאי עם בסיס ניתק המקל על הוצאת העוגה בשלמותה ללא שבירה. ציפוי אל-דבק איכותי ודפנות גליות היוצרות מראה מקצועי לעוגות ופשטידות ביתיות.,קוטר: 26 ס״מ | חומר: פח מצופה | בסיס: ניתק,https://placehold.co/600x600/f4f4f5/27272a/png?text=Pie%20Pan
P0052,סט שקיות זילוף עם צנתרים,Wilton,מטבח ובישול,אפייה,"ערכת קישוט עוגות הכוללת שקיות זילוף רב פעמיות ומגוון צנתרים בצורות שונות ליצירת פרחים, כוכביות וכתיבה על עוגות ועוגיות. מתאימה לחובבי עיצוב קינוחים ולמקצוענים כאחד.",מספר צנתרים: 12 | שקיות: 3 | חומר צנתרים: נירוסטה,https://placehold.co/600x600/f4f4f5/27272a/png?text=Piping%20Tips
P0053,תבנית מאפינס 12 גומחות,Tefal,מטבח ובישול,אפייה,"תבנית מתכת מצופה לאפיית 12 מאפינס בגודל אחיד, עם דפנות עבות המונעות עיוות בחום גבוה. קלה לניקוי ומתאימה לשטיפה במדיח כלים ביתי.",מספר גומחות: 12 | חומר: פלדה מצופה,https://placehold.co/600x600/f4f4f5/27272a/png?text=Muffin%20Pan
P0054,מברשת סיליקון לאפייה,Joseph Joseph,מטבח ובישול,אפייה,"מברשת עם סיבי סיליקון עמידים בחום למריחת שמן, חמאה מומסת או ביצה טרופה על בצק ובשר. ידית ארוכה השומרת על מרחק מהחום וניתנת לשטיפה קלה במדיח.",אורך: 24 ס״מ | חומר סיבים: סיליקון | עמיד בחום: עד 230 מעלות,https://placehold.co/600x600/f4f4f5/27272a/png?text=Pastry%20Brush
P0055,מחצלת סיליקון לאפייה רב פעמית,Lekue,מטבח ובישול,אפייה,"מחצלת אפייה המחליפה נייר אפייה חד פעמי, מונחת ישירות על התבנית ומונעת הידבקות עוגיות ומאפים. ניתנת לשטיפה וחוזרת לשימוש מאות פעמים בלי לאבד מתכונותיה.",מידות: 40x30 ס״מ | חומר: סיליקון ופיברגלס,https://placehold.co/600x600/f4f4f5/27272a/png?text=Baking%20Mat
P0056,תבנית פיצה עגולה מחוררת,WMF,מטבח ובישול,אפייה,"תבנית מחוררת המאפשרת זרימת חום אחידה מתחת לבצק, ליצירת בצק פריך בסגנון פיצריה אמיתית. מתאימה גם לתנור ביתי רגיל ולא רק לתנורי אבן מקצועיים.",קוטר: 32 ס״מ | חומר: פלדת פחמן מצופה,https://placehold.co/600x600/f4f4f5/27272a/png?text=Pizza%20Pan
P0057,סט כלי מדידה כוסות וכפות,OXO,מטבח ובישול,אפייה,סט כוסות וכפות מדידה מנירוסטה עם סימוני נפח ברורים וטבעת חיבור לאחסון מסודר במגירה. מיועד למדידה מדויקת של חומרים יבשים ונוזליים במתכוני אפייה שונים.,מספר חלקים: 8 | חומר: נירוסטה,https://placehold.co/600x600/f4f4f5/27272a/png?text=Measuring%20Cups
P0058,תרמומטר אפייה לתנור,Westmark,מטבח ובישול,אפייה,"תרמומטר אנלוגי הנתלה בתוך התנור ומאפשר לוודא שהטמפרטורה בפועל תואמת את זו שהוגדרה, מה שמשפר משמעותית את תוצאות האפייה. עמיד בחום גבוה וקל לקריאה מבחוץ.",טווח מדידה: 50-300 מעלות | חומר: נירוסטה וזכוכית,https://placehold.co/600x600/f4f4f5/27272a/png?text=Oven%20Thermometer
P0059,סט צלחות הגשה מקרמיקה,Villeroy & Boch,מטבח ובישול,כלי הגשה ושולחן,"סט צלחות עמוקות ושטוחות בעיצוב נקי ומינימליסטי, מתאימות הן לארוחות יומיומיות והן לאירוח חגיגי. ניתנות לשימוש במדיח כלים ובמיקרוגל ללא חשש לפגיעה בגימור.",מספר חלקים: 12 | חומר: פורצלן | ניתן למדיח: כן,https://placehold.co/600x600/f4f4f5/27272a/png?text=Dinner%20Plates
P0060,קערת הגשה גדולה מעץ זית,T&G Woodware,מטבח ובישול,כלי הגשה ושולחן,"קערת עץ זית טבעית להגשת סלטים, פירות או פסטה, כאשר כל יחידה ייחודית בגווניה בזכות טבעיות העץ. דורשת ניגוב יבש בלבד ומתן שמן מינרלי מדי פעם לשמירה על המראה.",קוטר: 32 ס״מ | חומר: עץ זית,https://placehold.co/600x600/f4f4f5/27272a/png?text=Wooden%20Bowl
P0061,מגש הגשה מבמבוק עם ידיות,Joseph Joseph,מטבח ובישול,כלי הגשה ושולחן,"מגש מלבני מבמבוק בר קיימא עם ידיות חיתוך המקלות על נשיאה, מתאים להגשת גבינות, פירות או מאפים בזמן אירוח. משטח חלק וקל לניקוי לאחר השימוש.",מידות: 40x25 ס״מ | חומר: במבוק,https://placehold.co/600x600/f4f4f5/27272a/png?text=Serving%20Tray
P0062,סט כוסות זכוכית לשתייה קרה,Luminarc,מטבח ובישול,כלי הגשה ושולחן,"סט כוסות זכוכית מחוסמת עמידה בשבירה, מתאימות למים, מיצים ומשקאות קרים. עיצוב קלאסי המשתלב בכל שולחן ועמיד בשטיפה תכופה במדיח כלים.",מספר חלקים: 6 | נפח כל כוס: 300 מ״ל | חומר: זכוכית מחוסמת,https://placehold.co/600x600/f4f4f5/27272a/png?text=Drinking%20Glasses
P0063,קנקן זכוכית עם מסננת לימונדה,Trudeau,מטבח ובישול,כלי הגשה ושולחן,"קנקן זכוכית גדול עם מסננת נשלפת המאפשרת הכנת לימונדה, תה קר או מים בטעמים ללא זרעים ושאריות פרי. מכסה הרמטי השומר על רעננות המשקה במקרר לאורך זמן.",נפח: 2 ליטר | חומר: זכוכית | כולל מסננת: כן,https://placehold.co/600x600/f4f4f5/27272a/png?text=Glass%20Pitcher
P0064,סט סכו״ם נירוסטה 24 חלקים,WMF,מטבח ובישול,כלי הגשה ושולחן,"סט סכו״ם מלא לשישה סועדים הכולל מזלגות, סכינים, כפות וכפיות קינוח, מיוצר מנירוסטה מלוטשת שאינה מחלידה. עיצוב נוח לאחיזה ומתאים לשימוש יומיומי ולאירוח כאחד.",מספר חלקים: 24 | חומר: נירוסטה 18/10 | ניתן למדיח: כן,https://placehold.co/600x600/f4f4f5/27272a/png?text=Cutlery%20Set
P0065,צלחות עץ להגשת פיצה,Continenta,מטבח ובישול,כלי הגשה ושולחן,"צלחות עגולות מעץ אקציה מלא להגשת פיצה או מאפים ישירות משולחן העבודה לשולחן האוכל, מוסיפות מראה כפרי וחם לכל ארוחה ומחזיקות מעמד לשנים רבות של שימוש קבוע.",קוטר: 33 ס״מ | חומר: עץ אקציה,https://placehold.co/600x600/f4f4f5/27272a/png?text=Wooden%20Plate
P0066,קערת סלט מזכוכית מחוסמת,Luminarc,מטבח ובישול,כלי הגשה ושולחן,"קערה שקופה ומהודרת להגשת סלטים ופירות, עשויה זכוכית מחוסמת עמידה בשבירה ובשריטות. מתאימה למדיח כלים ולתצוגה נאה על שולחן החג או ארוחת שישי משפחתית.",קוטר: 26 ס״מ | חומר: זכוכית מחוסמת,https://placehold.co/600x600/f4f4f5/27272a/png?text=Salad%20Bowl
P0067,מגש גבינות מעץ עם סכיני הגשה,Boska,מטבח ובישול,כלי הגשה ושולחן,"מגש עץ מהודר להגשת מגוון גבינות, כולל שלושה סכיני הגשה ייעודיים בעיצוב נקי ופרקטי. מתאים לערבי יין וגבינות ולאירוח ביתי שגרתי כאחד.",כולל: מגש ו-3 סכיני הגשה | חומר מגש: עץ אלון,https://placehold.co/600x600/f4f4f5/27272a/png?text=Cheese%20Board
P0068,סט קעריות דיפ קרמיות,Rosenthal,מטבח ובישול,כלי הגשה ושולחן,"שש קעריות קטנות להגשת רטבים, ממרחים וחטיפים לצד הארוחה העיקרית, בעיצוב מהודר ובגימור פורצלן חלק. מתאימות גם להגשת קינוחים אישיים בכוסיות נפרדות.",מספר חלקים: 6 | נפח כל קערית: 100 מ״ל | חומר: פורצלן,https://placehold.co/600x600/f4f4f5/27272a/png?text=Dip%20Bowls
P0069,תחתיות לשולחן מבמבוק סט,Brabantia,מטבח ובישול,כלי הגשה ושולחן,"סט תחתיות עגולות מבמבוק המגנות על השולחן מחום וכתמים, בעיצוב טבעי ומינימליסטי המשתלב עם כל סגנון עיצוב. קלות לניקוי במטלית לחה בלבד.",מספר חלקים: 6 | חומר: במבוק | קוטר: 10 ס״מ,https://placehold.co/600x600/f4f4f5/27272a/png?text=Coasters
P0070,סלסלת לחם קלועה,,מטבח ובישול,כלי הגשה ושולחן,"סלסלה קלועה מקנים טבעיים להגשת לחם ולחמניות על שולחן הארוחה, קלה במיוחד לנשיאה ומתקפלת בקלות לאחסון נוח כשאינה בשימוש שוטף במטבח.",קוטר: 28 ס״מ | חומר: קנה טבעי,https://placehold.co/600x600/f4f4f5/27272a/png?text=Bread%20Basket
P0071,מעמד עוגה מזכוכית עם כיסוי,Trudeau,מטבח ובישול,כלי הגשה ושולחן,"מעמד להצגת עוגות ומאפים על בסיס זכוכית מסתובב, כולל כיסוי גומי המגן על המאפה מאבק ושומר על טריותו. מוסיף נגיעה מהודרת לשולחן החג או יום ההולדת המשפחתי.",קוטר בסיס: 30 ס״מ | חומר: זכוכית | כולל כיסוי: כן,https://placehold.co/600x600/f4f4f5/27272a/png?text=Cake%20Stand
P0072,כד מים זכוכית עם ידית,Luminarc,מטבח ובישול,כלי הגשה ושולחן,"כד זכוכית קלאסי עם ידית אחיזה נוחה ופיה למניעת טפטוף, מתאים להגשת מים או משקאות קרים לשולחן בכל ארוחה, יומיומית או חגיגית כאחד.",נפח: 1.3 ליטר | חומר: זכוכית,https://placehold.co/600x600/f4f4f5/27272a/png?text=Water%20Jug
P0073,סט קופסאות אחסון מזכוכית עם מכסה,Pyrex,מטבח ובישול,אחסון ושימור מזון,"סט קופסאות זכוכית בגדלים שונים עם מכסה פלסטיק הרמטי, מתאימות לאחסון שאריות אוכל במקרר ולחימום ישיר במיקרוגל. הזכוכית אינה סופגת ריחות או צבעים משאריות המזון לאורך זמן.",מספר חלקים: 5 | חומר: זכוכית בורוסיליקט | מתאים למיקרוגל: כן,https://placehold.co/600x600/f4f4f5/27272a/png?text=Glass%20Storage%20Containers
P0074,מיכל אחסון קמח הרמטי,OXO,מטבח ובישול,אחסון ושימור מזון,"מיכל פלסטיק שקוף עם מנגנון סגירה הרמטי בלחיצת כפתור, שומר על קמח, סוכר או דגנים טריים ומרוחקים מלחות וחרקים. כולל כוס מדידה מובנית בפנים המכסה לשימוש נוח.",נפח: 4.5 ליטר | חומר: פלסטיק BPA free | כולל כוס מדידה: כן,https://placehold.co/600x600/f4f4f5/27272a/png?text=Flour%20Container
P0075,פח לחם עם מכסה במבוק,Brabantia,מטבח ובישול,אחסון ושימור מזון,"פח לחם מפח מצופה עם מכסה עץ במבוק, מאוורר מעט לשמירה על הלחם טרי ופריך זמן ארוך יותר מאשר בשקית ניילון סגורה לחלוטין.",מידות: 35x20x15 ס״מ | חומר: פלדה מצופה ובמבוק,https://placehold.co/600x600/f4f4f5/27272a/png?text=Bread%20Bin
P0076,סט קופסאות פלסטיק לאחסון במקרר,Sistema,מטבח ובישול,אחסון ושימור מזון,סט קופסאות ערימה עם מכסה נעילה בארבע פינות המונע דליפות בזמן נשיאה או הקפאה. מתאימות לאחסון ארוחות מוכנות מראש ולסידור המקרר או המקפיא בצורה מסודרת יותר.,מספר חלקים: 6 | חומר: פלסטיק | מתאים להקפאה: כן,https://placehold.co/600x600/f4f4f5/27272a/png?text=Food%20Storage%20Containers
P0077,שקיות ואקום לאחסון מזון רב פעמיות,FoodSaver,מטבח ובישול,אחסון ושימור מזון,"שקיות עם שסתום חד כיווני לשאיבת אוויר ידנית או במשאבה, מאריכות את חיי המדף של מזון במקרר ובמקפיא ומצמצמות משמעותית את תפיסת המקום בפריזר.","מספר חלקים: 10 | גדלים: S,M,L | ניתן לשימוש חוזר: כן",https://placehold.co/600x600/f4f4f5/27272a/png?text=Vacuum%20Bags
P0078,מכשיר ואקום לאיטום שקיות מזון,FoodSaver,מטבח ובישול,אחסון ושימור מזון,"מכשיר שולחני השואב אוויר משקיות ייעודיות ואוטם אותן, מאריך משמעותית את זמן השמירה של בשר, גבינות ומזון מוכן במקפיא. פועל גם עם שקיות רולים לגזירה בגודל מותאם אישית.",הספק: 120W | סוג איטום: פס חום | כולל: 10 שקיות התחלה,https://placehold.co/600x600/f4f4f5/27272a/png?text=Vacuum%20Sealer
P0079,צנצנות זכוכית לשימורים סט,Kilner,מטבח ובישול,אחסון ושימור מזון,"סט צנצנות זכוכית עם מכסה מתכת ואטם גומי, מתאימות להכנת ריבות, כבושים ושימורים ביתיים בשיטת פסטור. עמידות בחימום ובאחסון ממושך במזווה או במרתף.",מספר חלקים: 6 | נפח כל צנצנת: 500 מ״ל | חומר: זכוכית,https://placehold.co/600x600/f4f4f5/27272a/png?text=Mason%20Jars
P0080,מיכל אחסון תבלינים מסתובב,Brabantia,מטבח ובישול,אחסון ושימור מזון,"מארז מסתובב עם תאים נפרדים לאחסון תבלינים שונים בסדר נגיש, חוסך מקום בארון ומקל על מציאת התבלין המבוקש במהירות בזמן בישול פעיל.",מספר תאים: 12 | חומר: פלסטיק ומתכת | קוטר בסיס: 25 ס״מ,https://placehold.co/600x600/f4f4f5/27272a/png?text=Spice%20Rack
P0081,סט קליפסים לאיטום שקיות מזון,Joseph Joseph,מטבח ובישול,אחסון ושימור מזון,"קליפסים בגדלים שונים לסגירת שקיות פתוחות של חטיפים, ירקות קפואים או קמח, שומרים על טריות ומונעים דליפת ריח במקרר או במזווה הבית.","מספר חלקים: 8 | גדלים: קטן, בינוני, גדול",https://placehold.co/600x600/f4f4f5/27272a/png?text=Bag%20Clips
P0082,קופסת אחסון ירקות למקרר,Snips,מטבח ובישול,אחסון ושימור מזון,"קופסה עם רשת אוורור פנימית השומרת על ירקות עליים ופירות טריים לאורך זמן רב יותר, על ידי ויסות מדויק של רמת הלחות סביב המזון המאוחסן.",נפח: 3.5 ליטר | חומר: פלסטיק שקוף,https://placehold.co/600x600/f4f4f5/27272a/png?text=Vegetable%20Storage%20Box
P0083,מארז ביצים לאחסון במקרר,Snips,מטבח ובישול,אחסון ושימור מזון,"מארז קשיח לאחסון עד שתים עשרה ביצים במקרר בצורה מסודרת ובטוחה משבירה, מונע גם ספיגת ריחות זרים לביצה דרך הקליפה הנקבובית.",קיבולת: 12 ביצים | חומר: פלסטיק,https://placehold.co/600x600/f4f4f5/27272a/png?text=Egg%20Holder
P0084,פלטת קרח סיליקון עם מכסה,,מטבח ובישול,אחסון ושימור מזון,"פלטת קרח גמישה עם מכסה המונע שפיכה בזמן נשיאה למקפיא, וקוביות קלות להוצאה בזכות חומר הסיליקון הרך שאינו נדבק לתבנית לאחר הקפאה.",מספר קוביות: 15 | חומר: סיליקון,https://placehold.co/600x600/f4f4f5/27272a/png?text=Ice%20Tray
P0085,מיכל אחסון אורז וקטניות עם מד נפח,OXO,מטבח ובישול,אחסון ושימור מזון,"מיכל גדול ושקוף לאחסון אורז, פסטה או קטניות עם חלון מד נפח בצד המאפשר לראות את הכמות הנותרת ללא פתיחת המכסה. מכסה הרמטי בלחיצה השומר על טריות המוצר.",נפח: 5.7 ליטר | חומר: פלסטיק BPA free,https://placehold.co/600x600/f4f4f5/27272a/png?text=Rice%20Container
P0086,שקיות פריזר רב פעמיות עמידות,Stasher,מטבח ובישול,אחסון ושימור מזון,"שקיות סיליקון עבות עם רוכסן להקפאה חוזרת ונשנית, חלופה ידידותית לסביבה לשקיות פריזר חד פעמיות. עמידות לשטיפה חוזרת ולשימוש ממושך במקרר ובמקפיא.","מספר חלקים: 4 | חומר: סיליקון | גדלים: M, L",https://placehold.co/600x600/f4f4f5/27272a/png?text=Freezer%20Bags
P0087,מגררת גבינה מיקרופליין,Microplane,מטבח ובישול,גאדג'טים ואביזרי מטבח,"מגררה חדה במיוחד עם להב פלדה מחורר בטכנולוגיה תעשייתית, מתאימה לגירוד קליפות הדר, שום, אגוזי מוסקט וגבינות קשות בפרוסות דקיקות ואחידות במיוחד.",אורך: 30 ס״מ | חומר להב: פלדת אל-חלד,https://placehold.co/600x600/f4f4f5/27272a/png?text=Zester%20Grater
P0088,פותחן פחיות ובקבוקים רב תכליתי,OXO,מטבח ובישול,גאדג'טים ואביזרי מטבח,"פותחן עם ידית עבה מרופדת המקלה על אחיזה ומופעל בסיבוב חלק, כולל גם פותחן בקבוקים ופותחן צנצנות בגב הכלי. מתאים למשתמשים עם כוח אחיזה מוגבל, כולל קשישים.","פונקציות: פחיות, בקבוקים, צנצנות | ידית: סיליקון רך",https://placehold.co/600x600/f4f4f5/27272a/png?text=Can%20Opener
P0089,מסחטת שום ידנית,Zyliss,מטבח ובישול,גאדג'טים ואביזרי מטבח,"מסחטת שום חזקה עם מנגנון מנוף המקל על סחיטת השן ללא צורך בקילוף מוקדם, כולל מנקה שיניים מובנה לניקוי קל ומהיר של הרשת לאחר השימוש.",חומר: אלומיניום יצוק | כולל מנקה: כן,https://placehold.co/600x600/f4f4f5/27272a/png?text=Garlic%20Press
P0090,מקלף ירקות ארגונומי,OXO,מטבח ובישול,גאדג'טים ואביזרי מטבח,"מקלף עם ידית עבה ורכה ולהב חד הניתן להטיה, מתאים לקילוף תפוחי אדמה, גזר ותפוחי עץ במהירות ובנוחות רבה גם בשימוש ממושך.",סוג להב: מתכוונן | ידית: סיליקון רך,https://placehold.co/600x600/f4f4f5/27272a/png?text=Vegetable%20Peeler
P0091,מצקת סיליקון עמידה בחום,Gefu,מטבח ובישול,גאדג'טים ואביזרי מטבח,"מצקת גדולה עם ראש סיליקון עמיד בחום גבוה שאינו שורט סירים מצופים, וידית עץ ארוכה השומרת על מרחק בטוח מהחום בזמן בישול פעיל על הכיריים.",אורך: 34 ס״מ | חומר ראש: סיליקון | חומר ידית: עץ,https://placehold.co/600x600/f4f4f5/27272a/png?text=Ladle
P0092,מספריים לעשבי תיבול עם מברשת ניקוי,Joseph Joseph,מטבח ובישול,גאדג'טים ואביזרי מטבח,"מספריים בעלות חמישה להבים מקבילים לגזירה מהירה של עשבי תיבול טריים ישירות לתוך הקערה, כולל מברשת קטנה לניקוי בין הלהבים לאחר השימוש.",מספר להבים: 5 | כולל מברשת ניקוי: כן,https://placehold.co/600x600/f4f4f5/27272a/png?text=Herb%20Scissors
P0093,מטחנת פלפל ומלח קרמית,Berlinger Haus,מטבח ובישול,גאדג'טים ואביזרי מטבח,"זוג מטחנות עם מנגנון טחינה קרמי המתאים גם למלח גס וגם לגרגירי פלפל, עם בקרת עדינות טחינה בסיבוב הראש העליון של כל מטחנה.",מספר חלקים: 2 | מנגנון טחינה: קרמי | גובה: 18 ס״מ,https://placehold.co/600x600/f4f4f5/27272a/png?text=Salt%20Pepper%20Mill
P0094,מגש כיור מתקפל מסיליקון,Metaltex,מטבח ובישול,גאדג'טים ואביזרי מטבח,"מגש ייבוש כלים גמיש המתקפל לאחסון קומפקטי כשאינו בשימוש, עמיד בחום ומונע החלקת כלים בזמן ייבוש ליד הכיור. חוסך מקום במטבחים קטנים במיוחד.",חומר: סיליקון | מתקפל: כן,https://placehold.co/600x600/f4f4f5/27272a/png?text=Dish%20Drying%20Rack
P0095,מברשת ניקוי כלים עם בית סבון,Full Circle,מטבח ובישול,גאדג'טים ואביזרי מטבח,"מברשת עם ידית חלולה המתמלאת בסבון כלים נוזלי ומשחררת אותו בלחיצה קלה בזמן השטיפה, חוסכת מילוי חוזר של ספוגית. ראש המברשת מתחלף בעת בלאי.",כולל: מיכל סבון פנימי | ראש: מתחלף,https://placehold.co/600x600/f4f4f5/27272a/png?text=Dish%20Brush
P0096,מסננת פסטה מתקפלת,Joseph Joseph,מטבח ובישול,גאדג'טים ואביזרי מטבח,"מסננת סיליקון הניתנת לקיפול לאחסון שטוח במגירה, פותחת לקערה עמוקה בזמן שימוש בפועל. ידיות אחיזה קרות למגע גם עם מים חמים ורותחים.",קוטר פתוח: 27 ס״מ | חומר: סיליקון ופלסטיק,https://placehold.co/600x600/f4f4f5/27272a/png?text=Colander
P0097,פד סיליקון לכלי בישול חמים,Metaltex,מטבח ובישול,גאדג'טים ואביזרי מטבח,"תחתית עמידה בחום המונחת על השיש להנחת סירים ומחבתות חמים ישירות מהכיריים או התנור, מגנה על המשטח משריטות ומכתמי חום בלתי הפיכים.",קוטר: 20 ס״מ | חומר: סיליקון,https://placehold.co/600x600/f4f4f5/27272a/png?text=Trivet
P0098,שעון בישול דיגיטלי,TFA,מטבח ובישול,גאדג'טים ואביזרי מטבח,"טיימר מטבח קטן עם צליל התראה ברור בתום הזמן שהוגדר, מגנט בגב לתלייה על המקרר ותצוגה גדולה הנוחה לקריאה גם ממרחק, נוח לזוגות מבוגרים בבית.",טווח מדידה: עד 99 דקות | כולל מגנט: כן,https://placehold.co/600x600/f4f4f5/27272a/png?text=Kitchen%20Timer
P0099,מד חום בישול דיגיטלי מיידי,TFA,מטבח ובישול,גאדג'טים ואביזרי מטבח,"מד חום עם חיישן קצה דק המחובר לבדיקת טמפרטורה פנימית של בשר, עוף או מאפים תוך שניות ספורות, לתוצאה מדויקת ובטוחה יותר בכל בישול.",זמן מדידה: 3 שניות | טווח מדידה: 40- עד 300 מעלות,https://placehold.co/600x600/f4f4f5/27272a/png?text=Meat%20Thermometer
P0100,סט כלי בישול סיליקון עם מעמד,OXO,מטבח ובישול,גאדג'טים ואביזרי מטבח,"סט כלי הגשה ובישול הכולל כפית, מרית, מצקת ומזלג סיליקון, שמורים במעמד עומד המונח על השיש. מתאים גם לכלים מצופים אל-דבק ואינו שורט אותם בשימוש יומיומי.",מספר חלקים: 5 | חומר: סיליקון וניילון | כולל מעמד: כן,https://placehold.co/600x600/f4f4f5/27272a/png?text=Utensil%20Set
P0101,מכונת אספרסו אוטומטית דלונגי מגניפיקה,De'Longhi,"קפה, משקאות וגורמה",מכונות קפה,"מכונת אספרסו אוטומטית עם טוחנת פולים מובנית וראש קצף חלב מתכוונן, מאפשרת הכנת אספרסו, קפוצ'ינו ולאטה בלחיצת כפתור. מיכל מים נשלף וצג דיגיטלי לבחירת עוצמת הטחינה וכמות הקפה, מתאימה לשימוש יומיומי במטבח הביתי.",לחץ: 15 בר | מיכל מים: 1.8 ליטר | טוחנת פולים: מובנית | הספק: 1450 וואט,https://placehold.co/600x600/f4f4f5/27272a/png?text=Espresso%20Machine
P0102,מכונת קפסולות נספרסו וורטואו,Nespresso,"קפה, משקאות וגורמה",מכונות קפה,"מכונת קפסולות קומפקטית הפועלת בטכנולוגיית סנטריפיוזן ליצירת קרמה עשירה, עם קריאת ברקוד אוטומטית המתאימה את כמות המים לכל קפסולה. מתאימה להכנת אספרסו וקפה גדול כאחד, כולל מיכל מים נשלף ומגש טפטוף מתכוונן.",טכנולוגיה: סנטריפיוזן | נפח מיכל מים: 1.2 ליטר | זמן חימום: כ-25 שניות,https://placehold.co/600x600/f4f4f5/27272a/png?text=Capsule%20Coffee%20Machine
P0103,מכונת קפה טפטוף מליטה,Melitta,"קפה, משקאות וגורמה",מכונות קפה,"מכונת פילטר קלאסית להכנת קפה שחור בכמות גדולה, עם לוחית חימום השומרת על הקפה חם לאחר ההכנה ומיכל זכוכית עמיד. פשוטה להפעלה עם מתג הפעלה יחיד, מתאימה למשרד או למטבח משפחתי.",נפח: 1.2 ליטר | מספר כוסות: עד 10 | הספק: 1000 וואט,https://placehold.co/600x600/f4f4f5/27272a/png?text=Drip%20Coffee%20Maker
P0104,מכונת קפה אוטומטית טוחנת פולים יורה,Jura,"קפה, משקאות וגורמה",מכונות קפה,"מכונה אוטומטית מדגם עומד, טוחנת את הפולים הטריים לפני כל הכנה ומתכנתת עד שמונה משקאות קפה שונים. מצוידת במערכת ניקוי עצמית ובממשק מגע פשוט לבחירת עוצמה וכמות חלב מוקצף.",מספר משקאות מתוכנתים: 8 | ניקוי עצמי: כן | מיכל פולים: 250 גרם,https://placehold.co/600x600/f4f4f5/27272a/png?text=Bean%20to%20Cup%20Machine
P0105,קנקן מוקה איטלקי ביאלטי,Bialetti,"קפה, משקאות וגורמה",מכונות קפה,"קנקן אלומיניום קלאסי בצורה מתומנת להכנת קפה מוקה בשיטת הבישול המסורתית על גבי כיריים, עם ידית בקליט עמידה בחום ושסתום ביטחון. מייצר קפה סמיך ומרוכז בסגנון איטלקי אותנטי.",חומר: אלומיניום | כמות: 3 כוסות | סוג כיריים: גז/חשמל,https://placehold.co/600x600/f4f4f5/27272a/png?text=Moka%20Pot
P0106,פרס צרפתי זכוכית בודום שאמבורד,Bodum,"קפה, משקאות וגורמה",מכונות קפה,כלי הכנת קפה בשיטת הכבישה הצרפתית עם גוף זכוכית בורוסיליקט עמידה בחום ומסננת נירוסטה תלת-שכבתית. מאפשר שליטה מלאה בזמן החליטה לקבלת קפה עשיר בשמנים טבעיים וטעם מלא.,נפח: 1 ליטר | חומר: זכוכית ונירוסטה | מספר כוסות: 8,https://placehold.co/600x600/f4f4f5/27272a/png?text=French%20Press
P0107,מכשיר חליטה לקפה קר הריו,Hario,"קפה, משקאות וגורמה",מכונות קפה,"מערכת זכוכית לחליטת קפה קר (קולד ברו) באמצעות טפטוף איטי ומבוקר, המאפשרת שליטה בקצב הטפטוף לקבלת ריכוז אחיד. תוצאה: קפה קר חלק ופחות חומצי, אידיאלי לימי קיץ חמים.",נפח: 700 מ״ל | חומר: זכוכית | זמן חליטה מומלץ: 4-6 שעות,https://placehold.co/600x600/f4f4f5/27272a/png?text=Cold%20Brew%20Maker
P0108,מכונת אספרסו חצי-אוטומטית סייג' בריסטה אקספרס,Sage,"קפה, משקאות וגורמה",מכונות קפה,"מכונת אספרסו לחובבי קפה רציניים, כוללת טוחנת פולים מובנית עם 30 רמות טחינה, מד לחץ אנלוגי וזרוע קצף חלב מקצועית להקצפה ידנית. מאפשרת שליטה מלאה בכל שלב ההכנה, מטחינה ועד חליטה.",לחץ: 15 בר | רמות טחינה: 30 | הספק: 1680 וואט | דוד: נירוסטה,https://placehold.co/600x600/f4f4f5/27272a/png?text=Espresso%20Machine
P0109,מכונת קפסולות דולצ'ה גוסטו קרופ,Krups,"קפה, משקאות וגורמה",מכונות קפה,מכונת קפסולות קומפקטית וקלה במיוחד המתאימה גם למשקאות חמים כמו שוקו חם ומאצ'ה. פועלת בלחיצת כפתור אחת ומגיעה בגוונים צבעוניים שונים המתאימים לכל מטבח.,לחץ: 15 בר | מיכל מים: 0.8 ליטר | משקל: 2.4 ק״ג,https://placehold.co/600x600/f4f4f5/27272a/png?text=Capsule%20Machine
P0110,מכונת טפטוף חכמה פיליפס עם טיימר,Philips,"קפה, משקאות וגורמה",מכונות קפה,מכונת קפה טפטוף עם טיימר דיגיטלי המאפשר תזמון הכנה מראש כך שהקפה מוכן בדיוק בזמן היקיצה. כוללת מערכת נגד טפטוף המונעת נזילות בעת הוצאת הקנקן באמצע ההכנה.,נפח: 1.5 ליטר | טיימר: דיגיטלי 24 שעות | הספק: 1000 וואט,https://placehold.co/600x600/f4f4f5/27272a/png?text=Drip%20Coffee%20Maker
P0111,מכונת קפה אוטומטית זימנס עם מסך מגע,Siemens,"קפה, משקאות וגורמה",מכונות קפה,"מכונה אוטומטית מלאה עם מסך מגע צבעוני, טוחנת קרמית שקטה ומערכת קצף חלב אוטומטית התומכת בשמונה סוגי משקאות. מתאימה לבתים בהם נצרך קפה במגוון רחב של סגנונות מדי יום.",מסך: מגע צבעוני | סוגי משקאות: 8 | ניקוי אוטומטי: כן,https://placehold.co/600x600/f4f4f5/27272a/png?text=Bean%20to%20Cup%20Machine
P0112,קנקן מוקה מיני חד-אישי,BrewCraft,"קפה, משקאות וגורמה",מכונות קפה,"קנקן מוקה קטן במיוחד להכנת מנה בודדת של קפה מרוכז, מתאים לנסיעות, קמפינג או שימוש יומיומי לאדם אחד. גוף אלומיניום קל משקל וידית בקליט שאינה מתחממת.",חומר: אלומיניום | כמות: כוס אחת,https://placehold.co/600x600/f4f4f5/27272a/png?text=Moka%20Pot
P0113,פרס צרפתי דופן כפולה תרמי,Bodum,"קפה, משקאות וגורמה",מכונות קפה,כלי הכנת קפה בשיטת הכבישה עם דופן כפולה מנירוסטה השומרת על חום המשקה לאורך זמן ומונעת שבירה. מתאים גם להכנת תה עלים בשיטה דומה.,נפח: 0.35 ליטר | חומר: נירוסטה כפולת דופן,https://placehold.co/600x600/f4f4f5/27272a/png?text=French%20Press
P0114,מגדל חליטה לקפה קר עם ברז,ColdBrew Co,"קפה, משקאות וגורמה",מכונות קפה,"מערכת חליטה גדולה לקפה קר המיועדת להכנת כמות גדולה בבת אחת, עם ברז נוח למזיגה ישירות לכוס. שומרת על טריות המשקה במקרר למספר ימים ומתאימה למשפחות ולאירוח.",נפח: 1.5 ליטר | חומר: זכוכית ופלסטיק ללא BPA | כולל ברז: כן,https://placehold.co/600x600/f4f4f5/27272a/png?text=Cold%20Brew%20Tower
P0115,מכונת אספרסו ידנית עם מנוף רוקט אספרסו,Rocket Espresso,"קפה, משקאות וגורמה",מכונות קפה,"מכונת אספרסו מקצועית בעיצוב איטלקי רטרו עם גוף נחושת ופליז, פועלת בבוילר יחיד ומעניקה שליטה מלאה בלחץ החליטה. מיועדת לחובבי קפה שמחפשים חוויית הכנה מסורתית וידנית.",בוילר: נחושת יחיד | לחץ: 9 בר | גימור: פליז מוברש,https://placehold.co/600x600/f4f4f5/27272a/png?text=Espresso%20Machine
P0116,טוחנת פולי קפה חשמלית באראצה,Baratza,"קפה, משקאות וגורמה",אביזרי קפה,"טוחנת קפה ביתית עם להבים קוניים מדויקים ו-40 הגדרות טחינה, מתאימה הן להכנת אספרסו סמיך והן לקפה מסונן עדין. גוף קומפקטי וקל לניקוי, מומלצת לשימוש יומיומי.",סוג להבים: קוניים | הגדרות טחינה: 40 | הספק: 40 וואט,https://placehold.co/600x600/f4f4f5/27272a/png?text=Coffee%20Grinder
P0117,מקציף חלב חשמלי נטען USB,Barista Home,"קפה, משקאות וגורמה",אביזרי קפה,"מקציף חלב אלחוטי בעל ראש קפיץ נירוסטה, נטען באמצעות כבל USB ומספק קצף חלב אחיד תוך שניות. קל לאחיזה ומתאים גם להקצפת מטריקה, שוקו חם או ביצים.",סוללה: נטענת USB | ראש: קפיץ נירוסטה,https://placehold.co/600x600/f4f4f5/27272a/png?text=Milk%20Frother
P0118,משקל קפה דיגיטלי עם טיימר הריו,Hario,"קפה, משקאות וגורמה",אביזרי קפה,"משקל מדויק במיוחד לשימוש בהכנת קפה בשיטת פור אובר, כולל טיימר מובנה המסייע לעקוב אחר קצב וזמן החליטה. משטח נירוסטה עמיד ורגיש הניתן לניקוי בקלות.",דיוק: 0.1 גרם | טיימר מובנה: כן | משטח: נירוסטה,https://placehold.co/600x600/f4f4f5/27272a/png?text=Coffee%20Scale
P0119,טמפר אלומיניום להידוק אבקת קפה,Barista Home,"קפה, משקאות וגורמה",אביזרי קפה,"כלי הידוק מקצועי לאבקת קפה טחונה טרם החליטה באספרסו, בעל בסיס שטוח ומדויק בקוטר סטנדרטי וידית אלומיניום נוחה לאחיזה. מסייע להשגת חליטה אחידה ומאוזנת.",קוטר בסיס: 58 מ״מ | חומר: אלומיניום,https://placehold.co/600x600/f4f4f5/27272a/png?text=Coffee%20Tamper
P0120,סט פור אובר קליטה קלימנג'רו,Kalita,"קפה, משקאות וגורמה",אביזרי קפה,"סט הכנת קפה בשיטת החליטה הידנית הכולל דריפר בעל שלושה חורי ניקוז, קנקן זכוכית ומסננות נייר תואמות. השיטה מאפשרת שליטה מלאה בקצב זרימת המים ומדגישה את ניואנסי הטעם של הפולים.",חומר דריפר: קרמיקה | נפח קנקן: 700 מ״ל | כולל מסננות: 100 יח׳,https://placehold.co/600x600/f4f4f5/27272a/png?text=Pour%20Over%20Set
P0121,טוחנת קפה ידנית עם ציר קרמי,,"קפה, משקאות וגורמה",אביזרי קפה,"טוחנת קפה נייחת קומפקטית וקלת נשיאה, מתאימה לטיולים וקמפינג. ציר טחינה קרמי מדויק המאפשר כוונון בין טחינה גסה לעדינה, גוף עץ ומתכת עמיד.",ציר: קרמי | קיבולת: 30 גרם,https://placehold.co/600x600/f4f4f5/27272a/png?text=Manual%20Coffee%20Grinder
P0122,מקציף חלב חשמלי עם קנקן חימום,Bodum,"קפה, משקאות וגורמה",אביזרי קפה,"מקציף חלב מתכתי עם בסיס חשמלי, מחמם ומקציף חלב במקביל לקבלת קצף סמיך לקפוצ'ינו ולאטה. שלושה דיסקות הקצפה מתחלפות בהתאם לסוג הקצף הרצוי, מיכל נירוסטה מבודד.",נפח: 0.25 ליטר | הספק: 650 וואט | דיסקות מתחלפות: 3,https://placehold.co/600x600/f4f4f5/27272a/png?text=Milk%20Frother
P0123,כפית מדידה ומהדק קפה דו-צדדי,Barista Home,"קפה, משקאות וגורמה",אביזרי קפה,"אביזר משולב לכף מדידת אבקת קפה בצד אחד ומהדק שטוח בצד השני, נוח לשימוש עם מכונות קפסולה או אספרסו ביתיות. חומר נירוסטה מוצק ועיצוב אחיד.",חומר: נירוסטה | קוטר מהדק: 51 מ״מ,https://placehold.co/600x600/f4f4f5/27272a/png?text=Coffee%20Scoop
P0124,מסננת נירוסטה לפור אובר רב-פעמית,Hario,"קפה, משקאות וגורמה",אביזרי קפה,"מסננת מתכת עדינה המחליפה מסנני נייר חד-פעמיים בהכנת קפה בשיטת החליטה הידנית, מאפשרת מעבר שמנים טבעיים של הפולים אל הכוס. ניתנת לשטיפה וחוזרת לשימוש מאות פעמים.",חומר: נירוסטה | תואם: דריפרים בגודל 02,https://placehold.co/600x600/f4f4f5/27272a/png?text=Coffee%20Filter
P0125,כד חלב נירוסטה להקצפה מקצועית,Barista Home,"קפה, משקאות וגורמה",אביזרי קפה,"כד קצף חלב בעל מקור מחודד לציור לאטה ארט, גוף נירוסטה עמיד בחום ובסיס שטוח ליציבות. מתאים לשימוש עם מכונת אספרסו ביתית או מקצועית.",נפח: 0.6 ליטר | חומר: נירוסטה,https://placehold.co/600x600/f4f4f5/27272a/png?text=Milk%20Pitcher
P0126,מיישר משטח קפה דיסטריביוטור 58 מ״מ,Barista Home,"קפה, משקאות וגורמה",אביזרי קפה,"כלי מקצועי לפיזור אחיד של אבקת הקפה בתוך הפילטר בטרם ההידוק, מונע ערוצי מים לא אחידים ומשפר את איכות החליטה. עשוי מאלומיניום עם בסיס מתכוונן.",קוטר: 58 מ״מ | חומר: אלומיניום,https://placehold.co/600x600/f4f4f5/27272a/png?text=Coffee%20Distributor
P0127,טיימר חליטה מגנטי לקפה,TimeBrew,"קפה, משקאות וגורמה",אביזרי קפה,"טיימר קטן עם מגנט המתלבש בקלות על מכונת קפה או משטח מתכתי, מאפשר מעקב מדויק אחר זמני חליטה וטבילה. מסך דיגיטלי ברור וכפתורים פשוטים להפעלה.",תצוגה: דיגיטלית | הצמדה: מגנטית,https://placehold.co/600x600/f4f4f5/27272a/png?text=Coffee%20Timer
P0128,סט אביזרי בריסטה בארגז עץ,Barista Home,"קפה, משקאות וגורמה",אביזרי קפה,"מארז הכולל טמפר, כפית מדידה, מברשת ניקוי למכונת אספרסו ומגבת מיקרופייבר, ארוז בקופסת עץ נאה. מתאים לחובבי אספרסו ביתי המעוניינים בסט כלים שלם במקום אחד.","כולל: טמפר, כפית, מברשת, מגבת | אריזה: קופסת עץ",https://placehold.co/600x600/f4f4f5/27272a/png?text=Barista%20Tools%20Set
P0129,מברשת ניקוי למכונת אספרסו וטוחנת,Barista Home,"קפה, משקאות וגורמה",אביזרי קפה,מברשת דו-צדדית עם זיפים קשיחים לניקוי ראש החליטה של מכונת האספרסו וזיפים עדינים יותר לניקוי הטוחנת משאריות אבקת קפה. ידית עץ נוחה לאחיזה.,חומר ידית: עץ | זיפים: קשיחים ועדינים,https://placehold.co/600x600/f4f4f5/27272a/png?text=Cleaning%20Brush
P0130,פולי קפה קלויים כהה איטלקי לוואצה,Lavazza,"קפה, משקאות וגורמה",פולי קפה וקפסולות,"תערובת פולי ערביקה ורובוסטה בקלייה כהה בסגנון איטלקי מסורתי, עם ניחוחות שוקולד מריר ואגוזים קלויים וגוף מלא. מתאימה להכנת אספרסו סמיך עם קרמה עשירה.",תערובת: ערביקה/רובוסטה | רמת קלייה: כהה | משקל: 1 ק״ג,https://placehold.co/600x600/f4f4f5/27272a/png?text=Coffee%20Beans
P0131,קפסולות תואמות נספרסו אינטנסו,RoastHouse,"קפה, משקאות וגורמה",פולי קפה וקפסולות,"אריזת קפסולות אלומיניום בעוצמת קלייה גבוהה, תואמות למכונות נספרסו אוריג'ינל. טעם עשיר עם תווי קרמל ושוקולד, קרמה סמיכה ואחידה בכל כוס.",כמות: 50 קפסולות | תאימות: נספרסו אוריג'ינל | עוצמה: 10/13,https://placehold.co/600x600/f4f4f5/27272a/png?text=Coffee%20Capsules
P0132,פולי קפה ערביקה 100 אחוז אילי,illy,"קפה, משקאות וגורמה",פולי קפה וקפסולות,"תערובת קלאסית של תשעה זני ערביקה נבחרים מרחבי העולם, בקלייה מאוזנת המעניקה טעם עגול עם תווי פרחוניים ומעט קרמל. מתאימה למגוון שיטות חליטה, מאספרסו ועד פור אובר.",הרכב: 100% ערביקה | רמת קלייה: בינונית | משקל: 250 גרם,https://placehold.co/600x600/f4f4f5/27272a/png?text=Coffee%20Beans
P0133,קפסולות דולצ'ה גוסטו לאטה מקיאטו,RoastHouse,"קפה, משקאות וגורמה",פולי קפה וקפסולות,"קפסולות להכנת לאטה מקיאטו מתוק וקרמי, כוללות שתי קפסולות נפרדות לחלב ולקפה. מתאימות למכונות דולצ'ה גוסטו בלבד ומיועדות למי שאוהב משקה קפה עדין וקרמי.",כמות: 16 קפסולות (8 מנות) | תאימות: דולצ'ה גוסטו,https://placehold.co/600x600/f4f4f5/27272a/png?text=Coffee%20Capsules
P0134,פולי קפה קלייה בהירה מברזיל,RoastHouse,"קפה, משקאות וגורמה",פולי קפה וקפסולות,"פולי קפה מברזיל בקלייה בהירה השומרים על חומציות עדינה וטעמי פרי יבש ואגוזים קלויים, מומלצים במיוחד לחליטת פילטר וקולד ברו.",מקור: ברזיל | רמת קלייה: בהירה | משקל: 500 גרם,https://placehold.co/600x600/f4f4f5/27272a/png?text=Coffee%20Beans
P0135,קפסולות נספרסו טעם וניל וורטואו,Nespresso,"קפה, משקאות וגורמה",פולי קפה וקפסולות,"קפסולות טעם וניל עדין המתאימות למכונות וורטואו, מייצרות כוס קפה גדולה עם קצף עשיר וארומה מתקתקה. מתאימות להכנת קפה בוקר קליל או משקה קפוא בקיץ.",תאימות: וורטואו | כמות: 10 קפסולות | גודל כוס: L,https://placehold.co/600x600/f4f4f5/27272a/png?text=Coffee%20Capsules
P0136,פולי קפה אורגניים הוגן סחר,RoastHouse,"קפה, משקאות וגורמה",פולי קפה וקפסולות,"פולי ערביקה מגידול אורגני ומסחר הוגן, קלויים בקלייה בינונית-כהה. גוף מלא עם רמזי שוקולד וקרמל, מתאימים למכונות אספרסו ביתיות ולמוקה פוט.",תעודה: הוגן סחר ואורגני | רמת קלייה: בינונית-כהה | משקל: 1 ק״ג,https://placehold.co/600x600/f4f4f5/27272a/png?text=Coffee%20Beans
P0137,קפסולות תואמות נספרסו נטולות קפאין,RoastHouse,"קפה, משקאות וגורמה",פולי קפה וקפסולות,"קפסולות קפה נטול קפאין בטעם עגול ומאוזן, המיוצרות מתהליך הסרת קפאין בשיטת המים השוויצרית. מתאימות לשתייה בשעות הערב מבלי לוותר על טעם קפה מלא.",כמות: 50 קפסולות | קפאין: מוסר בשיטת מים | תאימות: נספרסו אוריג'ינל,https://placehold.co/600x600/f4f4f5/27272a/png?text=Decaf%20Coffee%20Capsules
P0138,פולי קפה קולומביה סופרמו,RoastHouse,"קפה, משקאות וגורמה",פולי קפה וקפסולות,"פולים ממדרגות הרים בקולומביה, קלויים בקלייה בינונית לשמירה על מתיקות טבעית וגוף מלא עם חומציות נעימה. פול איכותי בעל אחידות גודל גבוהה.",מקור: קולומביה | דירוג: סופרמו | משקל: 1 ק״ג,https://placehold.co/600x600/f4f4f5/27272a/png?text=Coffee%20Beans
P0139,קפסולות תואמות עוצמה חלשה,RoastHouse,"קפה, משקאות וגורמה",פולי קפה וקפסולות,"קפסולות עדינות בעוצמה נמוכה המיועדות לשתייה מרובה לאורך היום, עשויות אלומיניום הניתן למחזור ותואמות למכונות קפסולה סטנדרטיות ונפוצות.",כמות: 50 קפסולות | עוצמה: 4/13,https://placehold.co/600x600/f4f4f5/27272a/png?text=Coffee%20Capsules
P0140,פולי אספרסו תערובת בית מיוחדת,RoastHouse,"קפה, משקאות וגורמה",פולי קפה וקפסולות,"תערובת ייחודית של פולים מדרום אמריקה ואפריקה בקלייה כהה, שפותחה במיוחד להכנת אספרסו עם קרמה יציבה. גוף חזק וסיומת ארוכה עם רמזי תבלין.",רמת קלייה: כהה | משקל: 1 ק״ג,https://placehold.co/600x600/f4f4f5/27272a/png?text=Espresso%20Beans
P0141,קפסולות תה ירוק תואמות וורטואו,TeaLeaf Co,"קפה, משקאות וגורמה",פולי קפה וקפסולות,"קפסולות תה ירוק המתאימות למכונות קפסולה מדגם וורטואו, מייצרות משקה חם עדין עם תווי צמחים רעננים. אופציה נוחה למי שמחפש הפסקה מהקפה מבלי לוותר על נוחות המכונה.",תאימות: וורטואו | כמות: 10 קפסולות,https://placehold.co/600x600/f4f4f5/27272a/png?text=Tea%20Capsules
P0142,פולי קפה אתיופיה ירגצ'ף,RoastHouse,"קפה, משקאות וגורמה",פולי קפה וקפסולות,"פולים בודדי-מקור מאזור ירגצ'ף שבאתיופיה, קלייה בהירה-בינונית המדגישה ארומות פרחוניות ופירותיות עם רמזי הדרים. מתאים לחובבי קפה המחפשים חוויית טעם מורכבת ומעניינת.","מקור: אתיופיה, ירגצ'ף | רמת קלייה: בהירה-בינונית | משקל: 250 גרם",https://placehold.co/600x600/f4f4f5/27272a/png?text=Coffee%20Beans
P0143,מארז טעימות קפסולות מגוון עוצמות,RoastHouse,"קפה, משקאות וגורמה",פולי קפה וקפסולות,"מארז המכיל עשר עוצמות שונות של קפסולות קפה, מהעדינות ביותר ועד החזקות ביותר, המאפשר לגלות את הטעם המועדף. אריזה מסודרת עם תיאור קצר לכל עוצמה.",כמות: 100 קפסולות | מגוון עוצמות: 10 | תאימות: נספרסו אוריג'ינל,https://placehold.co/600x600/f4f4f5/27272a/png?text=Coffee%20Capsules%20Variety
P0144,סט ספלי אספרסו פורצלן שישה יחידות,CupCraft,"קפה, משקאות וגורמה",כוסות וספלים,"סט שישה ספלי אספרסו עשויים פורצלן דק ולבן, כולל תחתיות תואמות. עיצוב קלאסי ונקי המתאים להגשה ביתית או לאירוח אורחים.",כמות: 6 יחידות | חומר: פורצלן | נפח לספל: 80 מ״ל,https://placehold.co/600x600/f4f4f5/27272a/png?text=Espresso%20Cup%20Set
P0145,כוס תרמית לנסיעות סטנלי,Stanley,"קפה, משקאות וגורמה",כוסות וספלים,כוס תרמוס מפלדת אל-חלד עם ציפוי כפול השומר על משקאות חמים עד 6 שעות וקרים עד 12 שעות. מכסה אטום למניעת דליפה ופתח לשתייה נוח בזמן נהיגה.,נפח: 470 מ״ל | חומר: פלדת אל-חלד | בידוד: כפול ואקום,https://placehold.co/600x600/f4f4f5/27272a/png?text=Travel%20Mug
P0146,ספל קפה קרמיקה גדול עם ידית רחבה,,"קפה, משקאות וגורמה",כוסות וספלים,"ספל קרמיקה מרווח בנפח גדול המתאים לכוס קפה עם חלב או קקאו חם, ידית רחבה ונוחה לאחיזה. עמיד למדיח כלים ולמיקרוגל.",נפח: 400 מ״ל | חומר: קרמיקה,https://placehold.co/600x600/f4f4f5/27272a/png?text=Coffee%20Mug
P0147,כוסות זכוכית לקפה הפוך שקופות,Bodum,"קפה, משקאות וגורמה",כוסות וספלים,"זוג כוסות זכוכית בורוסיליקט דו-שכבתיות המעניקות מראה מרחף למשקה ושומרות על חום היד קרירה גם עם תוכן חם. מתאימות ללאטה, קפה הפוך או תה.",כמות: 2 יחידות | נפח: 350 מ״ל | חומר: זכוכית דו-שכבתית,https://placehold.co/600x600/f4f4f5/27272a/png?text=Glass%20Coffee%20Cups
P0148,כוס תרמית עם מכסה נשען לרכב,CupCraft,"קפה, משקאות וגורמה",כוסות וספלים,"כוס נסיעה מבודדת ואקום עם מכסה נשען הנפתח בלחיצת אגודל, מתאימה למחזיק כוסות ברכב. שומרת על טמפרטורת המשקה לאורך שעות הנסיעה.",נפח: 350 מ״ל | חומר: נירוסטה,https://placehold.co/600x600/f4f4f5/27272a/png?text=Travel%20Mug
P0149,סט ספלי אספרסו וכוסות לאטה מהדורה צבעונית,CupCraft,"קפה, משקאות וגורמה",כוסות וספלים,"סט משולב הכולל ארבעה ספלי אספרסו קטנים וארבעה כוסות לאטה גדולות יותר, בגווני פסטל שונים. עשוי חרסינה עמידה, מתאים למי שאוהב לגוון בין סוגי הקפה השונים לאורך היום.",כולל: 4 ספלי אספרסו + 4 כוסות לאטה | חומר: חרסינה,https://placehold.co/600x600/f4f4f5/27272a/png?text=Coffee%20Cup%20Set
P0150,ספל אמייל וינטג' לקפה שחור,,"קפה, משקאות וגורמה",כוסות וספלים,"ספל בגימור אמייל בהשראה כפרית וינטג', קל משקל ועמיד לשימוש בחוץ, בטיולים או אפילו לחימום ישיר על גבי אש גלויה.",חומר: אמייל על גבי פלדה | נפח: 300 מ״ל,https://placehold.co/600x600/f4f4f5/27272a/png?text=Enamel%20Mug
P0151,כוסות קפוצ'ינו מזוגגות עם תחתית זהב,CupCraft,"קפה, משקאות וגורמה",כוסות וספלים,"זוג כוסות קפה בעיצוב מפואר עם שוליים מוזהבים ותחתיות תואמות, מתאימות להגשה חגיגית של קפה או תה. עשויות זכוכית עבה ואיכותית.",כמות: 2 יחידות | נפח: 200 מ״ל | גימור: זהב,https://placehold.co/600x600/f4f4f5/27272a/png?text=Cappuccino%20Cups
P0152,כוס תרמית נירוסטה עם רצועת סיליקון,CupCraft,"קפה, משקאות וגורמה",כוסות וספלים,כוס נסיעה מבודדת עטופה ברצועת סיליקון המונעת החלקה ומגנה מפני חום. מכסה מסתובב עם פתח שתייה הניתן לסגירה מלאה למניעת נזילות בתיק.,נפח: 400 מ״ל | חומר: נירוסטה + סיליקון,https://placehold.co/600x600/f4f4f5/27272a/png?text=Travel%20Mug
P0153,סט כוסות זכוכית קריסטל דקות,Riedel,"קפה, משקאות וגורמה",כוסות וספלים,סדרת כוסות זכוכית קריסטל דקה במיוחד המתאימה הן להגשת אספרסו קר והן למשקאות קצרים. עיצוב מינימליסטי המדגיש את צבע המשקה.,כמות: 4 יחידות | חומר: קריסטל | נפח: 120 מ״ל,https://placehold.co/600x600/f4f4f5/27272a/png?text=Crystal%20Glasses
P0154,ספל קפה עם מכסה בידוד לשולחן העבודה,CupCraft,"קפה, משקאות וגורמה",כוסות וספלים,ספל קרמיקה עם מכסה סיליקון נשלף השומר על חום המשקה ומונע כניסת אבק בזמן עבודה ממושכת מול המחשב. ידית אחיזה נוחה ובסיס יציב.,נפח: 350 מ״ל | חומר: קרמיקה וסיליקון,https://placehold.co/600x600/f4f4f5/27272a/png?text=Coffee%20Mug%20with%20Lid
P0155,כוסות תה זכוכית עם ידית נירוסטה,CupCraft,"קפה, משקאות וגורמה",כוסות וספלים,"סט שתי כוסות זכוכית חסינת חום עם ידית נירוסטה מבודדת, מתאימות להגשת תה או קפה שחור בעיצוב מודרני ונקי. ניתנות לשימוש גם למשקאות קרים.",כמות: 2 יחידות | נפח: 250 מ״ל | חומר: זכוכית ונירוסטה,https://placehold.co/600x600/f4f4f5/27272a/png?text=Glass%20Tea%20Cups
P0156,ספל קפה מזרחי עם עיטורים מוזהבים,CupCraft,"קפה, משקאות וגורמה",כוסות וספלים,"ספל קטן בסגנון קפה טורקי מסורתי, עם עיטורים מוזהבים עדינים ותחתית תואמת, מתאים במיוחד להגשת קפה מזרחי חם לאורחים.",נפח: 90 מ״ל | חומר: פורצלן,https://placehold.co/600x600/f4f4f5/27272a/png?text=Turkish%20Coffee%20Cup
P0157,כוס נסיעה שקופה עם קשית לקפה קר,CupCraft,"קפה, משקאות וגורמה",כוסות וספלים,"כוס פלסטיק איכותי שקוף בנפח גדול המיועדת למשקאות קפה קרים, כוללת קשית רב-פעמית ומכסה מוברג אטום. מתאימה לפראפה, קפה קר או שייק.",נפח: 700 מ״ל | חומר: טריטן ללא BPA | כולל קשית: כן,https://placehold.co/600x600/f4f4f5/27272a/png?text=Iced%20Coffee%20Cup
P0158,קנקן תה זכוכית עם מסננת מובנית,Bodum,"קפה, משקאות וגורמה",תה ותה צמחים,"קנקן זכוכית בורוסיליקט לחליטת תה עלים חופשי, עם מסננת נירוסטה נשלפת המאפשרת שליטה מדויקת בזמן החליטה. עיצוב שקוף המראה את צבע התה ונפחו.",נפח: 1 ליטר | חומר: זכוכית ונירוסטה,https://placehold.co/600x600/f4f4f5/27272a/png?text=Glass%20Teapot
P0159,מארז תה צמחים אורגני חמישה טעמים,Twinings,"קפה, משקאות וגורמה",תה ותה צמחים,"אריזת מארז הכוללת חמישה סוגי תה צמחים שונים - קמומיל, נענע, לואיזה, זנגביל ולימון, כל אחד באריזה נפרדת. מתאים לגיוון יומיומי או להכנת שולחן תה עשיר לאורחים.",כמות שקיקים: 100 (20 לכל טעם) | סוגי טעמים: 5,https://placehold.co/600x600/f4f4f5/27272a/png?text=Herbal%20Tea%20Set
P0160,מסננת תה נירוסטה בצורת כדור,,"קפה, משקאות וגורמה",תה ותה צמחים,"מסננת תה קטנה בצורת כדור עם שרשרת נוחה לתלייה על שפת הכוס, מתאימה לחליטת תה עלים רופף במנה בודדת ונקייה.",חומר: נירוסטה | קוטר: 5 ס״מ,https://placehold.co/600x600/f4f4f5/27272a/png?text=Tea%20Infuser
P0161,תה ירוק יסמין רופף,TeaLeaf Co,"קפה, משקאות וגורמה",תה ותה צמחים,"עלי תה ירוק סיני מעורבבים בפרחי יסמין טבעיים, מעניקים ארומה עדינה ומתוקה. מומלץ לחליטה קצרה במים פושרים לשמירה על טעמו העדין.",משקל: 100 גרם | מקור: סין,https://placehold.co/600x600/f4f4f5/27272a/png?text=Loose%20Leaf%20Tea
P0162,קומקום חשמלי עם בקרת טמפרטורה,KettleCraft,"קפה, משקאות וגורמה",תה ותה צמחים,"קומקום חשמלי עם מגוון הגדרות טמפרטורה מדויקות המתאימות לסוגי תה שונים, מתה לבן העדין ועד תה שחור החם. גוף נירוסטה ובסיס מסתובב 360 מעלות.",נפח: 1.7 ליטר | טווח טמפרטורה: 40-100 מעלות | הספק: 2200 וואט,https://placehold.co/600x600/f4f4f5/27272a/png?text=Electric%20Kettle
P0163,סט כוסות תה סיני עם קנקן חרסינה,TeaLeaf Co,"קפה, משקאות וגורמה",תה ותה צמחים,"סט מסורתי הכולל קנקן חרסינה קטן וארבע כוסיות מתאימות, בעיצוב מעוטר בהשראה מזרחית. מתאים לטקס תה סיני או להגשה חגיגית.",כולל: קנקן + 4 כוסות | חומר: חרסינה,https://placehold.co/600x600/f4f4f5/27272a/png?text=Chinese%20Tea%20Set
P0164,תה שחור ארל גריי בטעם ברגמוט,Twinings,"קפה, משקאות וגורמה",תה ותה צמחים,"תערובת תה שחור קלאסית מוטעמת בשמן ברגמוט טבעי, מעניקה ארומה הדרים עדינה וגוף מלא. מתאימה לשתייה עם או בלי חלב, בבוקר או אחר הצהריים.",כמות שקיקים: 50 | טעם: ברגמוט,https://placehold.co/600x600/f4f4f5/27272a/png?text=Black%20Tea
P0165,בקבוק חליטה נייד לתה קר,TeaLeaf Co,"קפה, משקאות וגורמה",תה ותה צמחים,"בקבוק ספורט שקוף עם תא מסננת פנימי המאפשר חליטת תה קר תוך כדי הליכה או אימון. ניתן להסרה ולשטיפה בקלות, מתאים גם לפירות טריים למים בטעמים.",נפח: 600 מ״ל | חומר: טריטן ללא BPA,https://placehold.co/600x600/f4f4f5/27272a/png?text=Tea%20Infuser%20Bottle
P0166,תה קמומיל צמחי להרגעה,,"קפה, משקאות וגורמה",תה ותה צמחים,"תה צמחים המבוסס על פרחי קמומיל מיובשים באיכות גבוהה, נטול קפאין ובעל טעם עדין המתאים לשתייה מרגיעה בשעות הערב המאוחרות.",כמות שקיקים: 25 | קפאין: ללא,https://placehold.co/600x600/f4f4f5/27272a/png?text=Chamomile%20Tea
P0167,מגש הגשה לתה עם קומקום וכוסות זכוכית,TeaLeaf Co,"קפה, משקאות וגורמה",תה ותה צמחים,"סט הגשה הכולל מגש עץ, קומקום זכוכית עם מסננת ושתי כוסות זכוכית תואמות, מיועד להגשת תה בסגנון ביתי ומזמין. מתאים לישיבת אחר הצהריים או אירוח קטן.","כולל: מגש, קומקום, 2 כוסות | חומר קומקום: זכוכית",https://placehold.co/600x600/f4f4f5/27272a/png?text=Tea%20Serving%20Set
P0168,תה מאצ'ה ירוק באבקה,TeaLeaf Co,"קפה, משקאות וגורמה",תה ותה צמחים,"אבקת תה ירוק יפני טחון דק, עשיר בנוגדי חמצון, מתאים להכנת משקה מאצ'ה קלאסי או לערבוב עם חלב לקבלת לאטה ירוק. טעם עדין עם רמזי דשא טרי.",משקל: 50 גרם | מקור: יפן,https://placehold.co/600x600/f4f4f5/27272a/png?text=Matcha%20Powder
P0169,תה זנגביל ולימון,TeaLeaf Co,"קפה, משקאות וגורמה",תה ותה צמחים,"תערובת תה צמחים המשלבת זנגביל חריף ולימון מרענן וטרי, נטולת קפאין ונהוגה לשתייה לאחר ארוחות או לאורך כל שעות היום.",כמות שקיקים: 20 | קפאין: ללא,https://placehold.co/600x600/f4f4f5/27272a/png?text=Ginger%20Tea
P0170,כוס תה עם מכסה שמשמש גם צלוחית,CupCraft,"קפה, משקאות וגורמה",תה ותה צמחים,"כוס קרמיקה ייחודית שמכסהּ הופך לצלוחית קטנה להנחת שקית התה המשומשת, פתרון נקי ומעשי לשולחן העבודה. עיצוב מינימליסטי בגוונים ניטרליים.",נפח: 300 מ״ל | חומר: קרמיקה,https://placehold.co/600x600/f4f4f5/27272a/png?text=Tea%20Cup%20with%20Lid
P0171,מארז מגירות עץ לאחסון שקיקי תה,TeaLeaf Co,"קפה, משקאות וגורמה",תה ותה צמחים,קופסת עץ מלא עם שש מגירות נפרדות למיון סוגי תה שונים וחלון תצוגה עליון לזיהוי מהיר ונוח של כל תא ותא.,מספר תאים: 6 | חומר: עץ,https://placehold.co/600x600/f4f4f5/27272a/png?text=Tea%20Storage%20Box
P0172,פותחן יין חשמלי עם בסיס טעינה,VinoCraft,"קפה, משקאות וגורמה",יין ובר,"פותחן יין אוטומטי הפועל בלחיצת כפתור יחיד, מסיר את הפקק תוך שניות ספורות ללא מאמץ. מגיע עם בסיס טעינה USB וחיתוך פויל מובנה.",הפעלה: כפתור אוטומטי | טעינה: USB | כולל חיתוך פויל: כן,https://placehold.co/600x600/f4f4f5/27272a/png?text=Electric%20Wine%20Opener
P0173,דקנטר קריסטל בעיצוב גיאומטרי,Riedel,"קפה, משקאות וגורמה",יין ובר,"דקנטר זכוכית קריסטל בצורה מעוצבת המגבירה את חשיפת היין לאוויר, מסייע לפתיחת הארומות והרכות של יינות אדומים צעירים. פתח רחב לניקוי נוח ובסיס יציב.",נפח: 1.5 ליטר | חומר: קריסטל | צורה: א-סימטרית,https://placehold.co/600x600/f4f4f5/27272a/png?text=Wine%20Decanter
P0174,סט כוסות יין אדום נכטמן ארבע יחידות,Nachtmann,"קפה, משקאות וגורמה",יין ובר,"סט ארבע כוסות יין אדום מזכוכית קריסטל דקה, גביע רחב המאפשר לאוורר את היין ולהעצים את הארומות. רגל ארוכה ויציבה ועיצוב נקי ואלגנטי.",כמות: 4 יחידות | נפח: 650 מ״ל | חומר: קריסטל,https://placehold.co/600x600/f4f4f5/27272a/png?text=Red%20Wine%20Glasses
P0175,סט שייקר קוקטיילים מקצועי נירוסטה,BarCraft,"קפה, משקאות וגורמה",יין ובר,"סט הכולל שייקר בוסטון תלת-חלקי, מסננת הוסון, כפית ערבוב ארוכה ומדיד למשקאות, ארוז בעמדת עץ. מתאים להכנת קוקטיילים ביתיים בסטנדרט בר מקצועי.","כולל: שייקר, מסננת, כפית, מדיד | חומר: נירוסטה",https://placehold.co/600x600/f4f4f5/27272a/png?text=Cocktail%20Shaker%20Set
P0176,אבני ויסקי גרניט לקירור ללא דילול,BarCraft,"קפה, משקאות וגורמה",יין ובר,סט קוביות גרניט מלוטש המוחזקות במקפיא ומשמשות לקירור משקאות חריפים מבלי לדלל את הטעם כפי שקורה עם קרח קלאסי. מגיעות בשקית אחסון בד עם מלקחיים.,כמות: 9 יחידות | חומר: גרניט | כולל מלקחיים: כן,https://placehold.co/600x600/f4f4f5/27272a/png?text=Whisky%20Stones
P0177,מקרר יין קומפקטי לשתים עשרה בקבוקים,VinoCraft,"קפה, משקאות וגורמה",יין ובר,"מקרר יין עומד עם דלת זכוכית וטמפרטורה מתכווננת המתאימה הן ליינות אדומים והן ללבנים, מדפי עץ נשלפים לאחסון נוח. מיועד לפינת בר ביתית או למטבח.",קיבולת: 12 בקבוקים | טווח טמפרטורה: 5-18 מעלות | מדפים: עץ,https://placehold.co/600x600/f4f4f5/27272a/png?text=Wine%20Fridge
P0178,פותחן יין קלאסי מנוף פרפר,,"קפה, משקאות וגורמה",יין ובר,"פותחן יין ידני בעיצוב פרפר קלאסי, מנגנון שתי זרועות המקל על משיכת הפקק בכוח מופחת. גוף מתכת מצופה כרום ולהב חיתוך פויל מובנה.",סוג מנגנון: פרפר | חומר: מתכת מצופה כרום,https://placehold.co/600x600/f4f4f5/27272a/png?text=Wine%20Opener
P0179,פקקי ואקום לשימור יין פתוח,VinoCraft,"קפה, משקאות וגורמה",יין ובר,סט פקקי סיליקון עם משאבת ואקום ידנית השואבת את האוויר מבקבוק יין פתוח ומאריכה את חייו במקרר עד לשבוע. מתאימים לרוב בקבוקי היין הסטנדרטיים.,כולל: משאבה + 2 פקקים | חומר פקק: סיליקון,https://placehold.co/600x600/f4f4f5/27272a/png?text=Wine%20Stopper
P0180,סט כוסות ויסקי קריסטל עבות,Riedel,"קפה, משקאות וגורמה",יין ובר,"זוג כוסות ויסקי בעיצוב קלאסי ודופן עבה, בסיס כבד המקנה תחושת יוקרה בעת ההגשה. מתאימות להגשת ויסקי, בורבון או קוניאק בטמפרטורת החדר.",כמות: 2 יחידות | נפח: 300 מ״ל | חומר: קריסטל,https://placehold.co/600x600/f4f4f5/27272a/png?text=Whisky%20Glasses
P0181,מעמד יין קיר עץ תלוי,VinoCraft,"קפה, משקאות וגורמה",יין ובר,"מעמד עץ מלא לתלייה על הקיר המחזיק עד שמונה בקבוקי יין וכן כוסות רגל תלויות, חוסך מקום על משטח העבודה. מתאים לפינת בר ביתית קטנה.",קיבולת: 8 בקבוקים | חומר: עץ מלא,https://placehold.co/600x600/f4f4f5/27272a/png?text=Wine%20Rack
P0182,רצועת מדידת טמפרטורת יין דיגיטלית,BarCraft,"קפה, משקאות וגורמה",יין ובר,רצועת סיליקון גמישה עם חיישן דיגיטלי הנענדת בקלות סביב בקבוק יין ומציגה בזמן אמת את טמפרטורתו המדויקת לצורך הגשה אידיאלית.,תצוגה: דיגיטלית | חומר רצועה: סיליקון,https://placehold.co/600x600/f4f4f5/27272a/png?text=Wine%20Thermometer
P0183,סט זכוכית לג'ין וטוניק עם כוסות בלון,Nachtmann,"קפה, משקאות וגורמה",יין ובר,"סט הכולל שני גביעי בלון גדולים המתאימים במיוחד להגשת ג'ין טוניק עם עשבי תיבול והדרים, בצירוף מסננת קרח לכל כוס. עיצוב מודרני ומעוגל.",כמות: 2 יחידות | נפח: 600 מ״ל | חומר: זכוכית,https://placehold.co/600x600/f4f4f5/27272a/png?text=Gin%20Glasses
P0184,ארגז בר ניידת עם כלים מלאים,BarCraft,"קפה, משקאות וגורמה",יין ובר,"תיק בר ניידת הכולל שייקר, מסננת, כפית ארוכה, פותחן ומדיד, ארוז בתיק בד קשיח לנשיאה נוחה. מתאים לאירועים בחוץ, פיקניקים או מתנה לחובבי קוקטיילים.",כולל: 5 כלי בר | תיק: בד קשיח,https://placehold.co/600x600/f4f4f5/27272a/png?text=Portable%20Bar%20Kit
P0185,פקק בקבוק שמפניה עם סוגר לחץ,BarCraft,"קפה, משקאות וגורמה",יין ובר,פקק מתכת עם זרועות סוגר המהדקות על שפת בקבוק השמפניה ושומרות על הבועות לאחר פתיחה. מתאים גם ליין מבעבע ולפרוזקו.,חומר: נירוסטה | תואם: בקבוקי שמפניה סטנדרטיים,https://placehold.co/600x600/f4f4f5/27272a/png?text=Champagne%20Stopper
P0186,מארז שוקולד פרלינים בלגי מיוחד,Max Brenner,"קפה, משקאות וגורמה",גורמה ומארזים,"קופסת פרלינים ממולאים בשוקולד לבן, חלב ומריר, במגוון מילויים כמו פרלין אגוזים, קרמל מלוח ופרלין פירות יער. אריזה מהודרת המתאימה להגשה או להענקה.","כמות: 24 יחידות | סוגי שוקולד: לבן, חלב, מריר | משקל: 300 גרם",https://placehold.co/600x600/f4f4f5/27272a/png?text=Chocolate%20Gift%20Box
P0187,שמן זית כתית מעולה בבקבוק זכוכית כהה,Gourmet House,"קפה, משקאות וגורמה",גורמה ומארזים,"שמן זית ממכבש ראשון בסחיטה קרה, בבקבוק זכוכית כהה השומר על איכות השמן מפני אור. טעם פירותי עם נגיעה חריפה קלה בסיום, מתאים לסלטים ולבישול קל.",נפח: 500 מ״ל | סוג: כתית מעולה | חומציות: עד 0.3%,https://placehold.co/600x600/f4f4f5/27272a/png?text=Olive%20Oil%20Bottle
P0188,מארז דבש טבעי משלושה סוגי פרחים,Gourmet House,"קפה, משקאות וגורמה",גורמה ומארזים,"שלוש צנצנות דבש בגדלים קטנים המופקים מפרחי בר, הדרים ואקליפטוס, כל אחד בטעם ומרקם שונה. מתאים לטעימה משווה או להגשה לצד גבינות.",כמות: 3 צנצנות | משקל כל צנצנת: 100 גרם,https://placehold.co/600x600/f4f4f5/27272a/png?text=Honey%20Gift%20Set
P0189,מארז תבלינים גורמה עשרה סוגים,Gourmet House,"קפה, משקאות וגורמה",גורמה ומארזים,"אוסף עשרה תבלינים וטחינות ייחודיות בצנצנות זכוכית קטנות עם מדבקות מסודרות, כולל פפריקה מעושנת, זעתר, סומק ותערובות תבלין ביתיות. מתאים לשדרוג מטבח הבית.",כמות: 10 צנצנות | משקל כולל: 400 גרם,https://placehold.co/600x600/f4f4f5/27272a/png?text=Spice%20Gift%20Set
P0190,שוקולד לינדור כדורי מריר 70 אחוז,Lindt,"קפה, משקאות וגורמה",גורמה ומארזים,"כדורי שוקולד מריר בריכוז קקאו של 70% עם מרכז נמס וקרמי מתחת לקליפה פריכה, מיוצרים בשיטת קונשינג בלגית מסורתית ואיטית.",ריכוז קקאו: 70% | משקל: 200 גרם,https://placehold.co/600x600/f4f4f5/27272a/png?text=Chocolate%20Truffles
P0191,מארז אגוזים מעורבים קלויים ומתובלים,Gourmet House,"קפה, משקאות וגורמה",גורמה ומארזים,"תערובת אגוזי מלך, שקדים, קשיו ופקאן קלויים יבש ומתובלים במעט מלח ים, ארוזים בשקית עומדת עם רוכסן. חטיף בריאותי המתאים כלוויה ליין או לבד.",משקל: 500 גרם | אריזה: שקית עם רוכסן,https://placehold.co/600x600/f4f4f5/27272a/png?text=Mixed%20Nuts
P0192,מכשיר סודה סטרים למים מוגזים ביתי,SodaStream,"קפה, משקאות וגורמה",גורמה ומארזים,"מכשיר קומפקטי להפיכת מי ברז למים מוגזים תוך שניות, ללא צורך בבלוני גז חד-פעמיים או הובלת בקבוקים. כולל בקבוק רב-פעמי אחד ובלון פחמן דו חמצני.",נפח בקבוק: 1 ליטר | כולל בלון גז: כן,https://placehold.co/600x600/f4f4f5/27272a/png?text=Soda%20Maker
P0193,מארז גורמה משולב שוקולד ויין,Gourmet House,"קפה, משקאות וגורמה",גורמה ומארזים,מארז מתנה הכולל חצי בקבוק יין אדום יבש ולוחית שוקולד מריר איכותי המתאימים זה לזה בטעמים. ארוז בקופסת קרטון מהודרת עם סרט.,כולל: יין 375 מ״ל + שוקולד 100 גרם,https://placehold.co/600x600/f4f4f5/27272a/png?text=Wine%20and%20Chocolate%20Gift
P0194,מארז תה ושוקולד לערב נעים,Gourmet House,"קפה, משקאות וגורמה",גורמה ומארזים,"מארז הכולל קופסת תה שחור בטעם וניל ולוחית שוקולד חלב עם פצפוצי קרמל, מתאים כמארז קטן לערב רגוע בבית. אריזה נקייה בגווני חום ובז'.",כולל: תה 20 שקיקים + שוקולד 100 גרם,https://placehold.co/600x600/f4f4f5/27272a/png?text=Tea%20and%20Chocolate%20Gift
P0195,ריבת פירות יער ביתית בצנצנת זכוכית,,"קפה, משקאות וגורמה",גורמה ומארזים,"ריבת פירות יער ביתית המבושלת לאט עם כמות סוכר מופחתת, שומרת על טעם פירותי מודגש ומתאימה למריחה על טוסט או ליוגורט.",משקל: 350 גרם | תכולת פרי: 60%,https://placehold.co/600x600/f4f4f5/27272a/png?text=Berry%20Jam
P0196,מארז קפה ועוגיות מתוקות לזוג,Gourmet House,"קפה, משקאות וגורמה",גורמה ומארזים,"מארז המשלב שקית פולי קפה קלויים בקלייה בינונית ומארז עוגיות חמאה איטלקיות, מתאים להפסקת בוקר משותפת. ארוז בקופסה קשיחה עם חלון תצוגה.",כולל: פולי קפה 250 גרם + עוגיות 200 גרם,https://placehold.co/600x600/f4f4f5/27272a/png?text=Coffee%20and%20Cookies%20Gift
P0197,שוקולד לבן עם פיסטוק וקרם כמיה,Gourmet House,"קפה, משקאות וגורמה",גורמה ומארזים,"לוחית שוקולד לבן איכותי המשולבת בפיסטוקים קלויים וקרם כמיה, בהשראת הטרנד המתוק שכבש את הרשתות החברתיות. מרקם עשיר עם פיצוח פריך בכל נגיסה.",משקל: 100 גרם | מרכיב עיקרי: פיסטוק וכמיה,https://placehold.co/600x600/f4f4f5/27272a/png?text=Pistachio%20Chocolate
P0198,מארז תרכיזי טעמים למים מוגזים,SodaStream,"קפה, משקאות וגורמה",גורמה ומארזים,"סדרת תרכיזי טעמים טבעיים ללא סוכר להוספה למים מוגזים ביתיים, בטעמי לימון-ליים, פירות יער ותפוז. כל בקבוק תרכיז מספיק להכנת מספר רב של מנות.","כמות בקבוקי תרכיז: 3 | טעמים: לימון-ליים, פירות יער, תפוז",https://placehold.co/600x600/f4f4f5/27272a/png?text=Flavor%20Syrup
P0199,ממרח שוקולד ואגוזים ביתי,Gourmet House,"קפה, משקאות וגורמה",גורמה ומארזים,"ממרח חלק ועשיר המשלב שוקולד חלב ואגוזי לוז קלויים, ללא שמן דקלים. מתאים למריחה על לחם, קרפים או כתוספת לקינוחים ביתיים.",משקל: 400 גרם,https://placehold.co/600x600/f4f4f5/27272a/png?text=Chocolate%20Spread
P0200,מארז גורמה מפואר בקופסת עץ,Gourmet House,"קפה, משקאות וגורמה",גורמה ומארזים,"מארז מפואר בקופסת עץ הכולל שמן זית, דבש, אגוזים, שוקולד מריר ותערובת תבלינים, מתאים לאירוח מיוחד או להענקה לאדם יקר. כל המוצרים באיכות פרימיום ובאריזות אחידות.","כולל: שמן זית, דבש, אגוזים, שוקולד, תבלינים | אריזה: קופסת עץ",https://placehold.co/600x600/f4f4f5/27272a/png?text=Gourmet%20Gift%20Box
P0201,שואב אבק אנכי אלחוטי דייסון עם חיישן לייזר לגילוי אבק,Dyson,מוצרי חשמל לבית,שואבי אבק ורובוטים,"שואב אבק אנכי אלחוטי בעל מנוע דיגיטלי בעוצמת שאיבה גבוהה, מצויד בחיישן לייזר החושף אבק דק על רצפות קשות ותצוגה דיגיטלית המציגה את גודל החלקיקים בזמן אמת. מגיע עם מספר ראשי ניקוי מתחלפים להתאמה לשטיחים, פרקט ופינות צרות, וסוללה המאפשרת ניקוי דירה שלמה בטעינה אחת.",זמן ריצה: 60 דקות | משקל: 3 ק״ג | נפח מכל: 0.77 ליטר | סוג מנוע: דיגיטלי ללא מברשות,https://placehold.co/600x600/f4f4f5/27272a/png?text=cordless%20vacuum
P0202,רובוט שואב ושוטף רוברוק עם תחנת ריקון ושטיפה אוטומטית,Roborock,מוצרי חשמל לבית,שואבי אבק ורובוטים,"רובוט ניקוי המשלב שאיבה ושטיפה במעבר אחד, פועל מול מיפוי לייזר מדויק של הבית ומאפשר יצירת אזורי ניקוי וירטואליים דרך אפליקציה. תחנת העגינה מרוקנת את מכל האבק, שוטפת ומייבשת את מטליות הניקוי ומחדשת מים באופן אוטומטי, כך שהתחזוקה השוטפת מצטמצמת למינימום.",עוצמת שאיבה: 6000Pa | נפח מכל אבק: 0.4 ליטר | מיפוי: לייזר LDS | תואם אפליקציה: כן,https://placehold.co/600x600/f4f4f5/27272a/png?text=robot%20vacuum
P0203,רובוט שואב שיאומי עם מיפוי לייזר ובקרת אפליקציה,Xiaomi,מוצרי חשמל לבית,שואבי אבק ורובוטים,"רובוט שואב קומפקטי המצייר מפה מדויקת של הבית באמצעות חיישן לייזר, ומאפשר תזמון ניקוי, בחירת חדרים וקביעת עוצמת שאיבה דרך אפליקציה בעברית. מתאים לבתים עם שטיחים דקים ורצפות קשות כאחד, ובעל מצב מיוחד להתמודדות עם שיער חיות מחמד שנתפס בשטיח.",עוצמת שאיבה: 4000Pa | סוללה: 5200mAh | גובה: 9.6 ס״מ | מכל אבק: 0.6 ליטר,https://placehold.co/600x600/f4f4f5/27272a/png?text=robot%20vacuum
P0204,רובוט שואב ושוטף אירובוט עם זרוע שטיפה נשלפת,iRobot,מוצרי חשמל לבית,שואבי אבק ורובוטים,"רובוט המשלב שאיבה ושטיפה ומרים אוטומטית את מטלית השטיפה בעת מעבר על שטיח, כך שאין צורך להחליף אביזרים בין המצבים. לומד את פריסת הבית לאורך זמן ומשפר את מסלולי הניקוי, ומתחבר לעוזרים קוליים לשליטה בפקודה קולית.",מכל מים: 0.3 ליטר | מכל אבק: 0.4 ליטר | סוללה: עד 100 דקות | חיישנים: אופטיים ומכניים,https://placehold.co/600x600/f4f4f5/27272a/png?text=robot%20vacuum%20mop
P0205,רובוט שואב דרימי עם תחנת עגינה לריקון ומילוי מים,Dreame,מוצרי חשמל לבית,שואבי אבק ורובוטים,"רובוט ניקוי עוצמתי במיוחד עם מערכת הרמת מטליות אוטומטית וזרועות שטיפה מסתובבות המפעילות לחץ על הרצפה להסרת כתמים קשים. תחנת העגינה מבצעת ריקון אבק, מילוי מים נקיים וניקוז מים מלוכלכים ללא מגע יד, ומתאימה לבתים גדולים עם ריבוי חדרים.",עוצמת שאיבה: 7000Pa | נפח מיכל תחנה: 4 ליטר | מיפוי: לייזר תלת מימדי | רעש: עד 65dB,https://placehold.co/600x600/f4f4f5/27272a/png?text=robot%20vacuum%20station
P0206,שואב אבק רב-תכליתי לשאיבה רטובה ויבשה קרשר,Karcher,מוצרי חשמל לבית,שואבי אבק ורובוטים,"שואב אבק תעשייתי לבית המסוגל לאסוף גם נוזלים שנשפכו וגם לכלוך יבש, עם מכל גדול ומסנן הניתן לשטיפה. מתאים לניקוי מוסך, מרפסת וכיוריות אחרי עבודות שיפוץ קלות, ומגיע עם צינור גמיש וראשי שאיבה ייעודיים לפינות.",נפח מכל: 17 ליטר | הספק: 1400W | אורך כבל: 4 מטר | סוג: רטוב-יבש,https://placehold.co/600x600/f4f4f5/27272a/png?text=wet%20dry%20vacuum
P0207,שואב אבק יד נטענת טורנדו לניקוי רכב ורהיטים,Tornado,מוצרי חשמל לבית,שואבי אבק ורובוטים,"שואב אבק יד קל משקל וקומפקטי, נטען מבסיס ייעודי ומתאים לניקוי מהיר של מושבי רכב, ספות ושולחן עבודה. מגיע עם מברשת קטנה לשאריות מזון ופיה צרה להגעה לפינות צרות ברכב.",משקל: 0.9 ק״ג | סוללה: ליתיום 2200mAh | זמן טעינה: 4 שעות | נפח מכל: 0.5 ליטר,https://placehold.co/600x600/f4f4f5/27272a/png?text=handheld%20vacuum
P0208,שואב אבק אנכי אלחוטי אלקטרולוקס עם מברשת מונעת,Electrolux,מוצרי חשמל לבית,שואבי אבק ורובוטים,"שואב אבק אנכי המתאים לניקוי יומיומי בדירות בגודל בינוני, עם ראש מברשת מונע המסתובב ואוסף שיער וחוטים ללא הסתבכות. ניתן להפוך לשואב יד בלחיצה אחת לניקוי מדרגות ורכב, והמסננים ניתנים לשטיפה ולשימוש חוזר.",זמן ריצה: 40 דקות | משקל: 2.5 ק״ג | נפח מכל: 0.6 ליטר | ראש מברשת: מונע חשמלי,https://placehold.co/600x600/f4f4f5/27272a/png?text=cordless%20vacuum
P0209,שואב אבק אנכי אלחוטי סמסונג עם תצוגת חיישני אבק,Samsung,מוצרי חשמל לבית,שואבי אבק ורובוטים,"שואב אבק בעל טכנולוגיית שאיבה רב-מחזורית המפרידה חלקיקי אבק מהאוויר ביעילות גבוהה, עם צג LED המציג את רמת הסוללה ומצב הניקוי הנבחר. הראש הראשי מותאם למעבר חלק בין שטיח לרצפה קשה ללא צורך בהחלפת אביזרים.",עוצמת שאיבה: 210W | זמן ריצה: 60 דקות | משקל: 2.9 ק״ג | סוללה: נשלפת,https://placehold.co/600x600/f4f4f5/27272a/png?text=cordless%20vacuum
P0210,שואב אבק אנכי אלחוטי אל ג׳י עם סוללה נשלפת כפולה,LG,מוצרי חשמל לבית,שואבי אבק ורובוטים,"שואב אבק אנכי המגיע עם שתי סוללות נשלפות המאפשרות הכפלת זמן הניקוי ללא הפסקה לטעינה, מתאים לבתים גדולים או דירות עם כמה קומות. מכיל מערכת סינון חמישה שלבים המפחיתה פליטת אבק חוזרת לחלל החדר.",זמן ריצה לסוללה: 40 דקות | משקל: 2.7 ק״ג | סינון: 5 שלבים | ראשי ניקוי: 3,https://placehold.co/600x600/f4f4f5/27272a/png?text=cordless%20vacuum
P0211,רובוט ניקוי חלונות אקובוטס עם התקדמות אוטומטית,Ecovacs,מוצרי חשמל לבית,שואבי אבק ורובוטים,"רובוט קטן הנצמד לזכוכית באמצעות שאיבת ואקום ומנקה חלונות, ויטרינות וראי גדולים באופן אוטומטי, כולל התראה קולית וסוללת גיבוי למקרה של הפסקת חשמל כדי למנוע נפילה. חוסך את הצורך בטיפוס וניקוי ידני של חלונות גבוהים.",כוח שאיבה: 2600Pa | סוללת גיבוי: כן | משקל: 2.1 ק״ג | זמן ניקוי לחלון: כ-10 דקות,https://placehold.co/600x600/f4f4f5/27272a/png?text=window%20cleaning%20robot
P0212,שואב אבק יד לרכב בוש נטען מצרר,Bosch,מוצרי חשמל לבית,שואבי אבק ורובוטים,"שואב אבק יד המיועד בעיקר לניקוי פנים הרכב, נטען משקע 12V או מבסיס ביתי, ומגיע עם מגוון פיות לשטיחון, מושבים ותאי אחסון קטנים. גוף קומפקטי מאפשר אחסון נוח בתא הכפפות או בתא המטען.",משקל: 0.7 ק״ג | סוללה: 2000mAh | נפח מכל: 0.4 ליטר | אביזרים: 3 פיות מתחלפות,https://placehold.co/600x600/f4f4f5/27272a/png?text=car%20vacuum
P0213,רובוט שואב בסיסי לבית עם מצב ניקוי אוטומטי,,מוצרי חשמל לבית,שואבי אבק ורובוטים,"רובוט שואב פשוט לתפעול, פועל במצב ניקוי אקראי ומזהה מכשולים באמצעות חיישני מגע, מתאים כפתרון כניסה לבתים קטנים או כשואב משלים לניקוי יומיומי קל. מציע שלט רחוק בסיסי ותזמון להפעלה יומית קבועה.",זמן ריצה: 90 דקות | נפח מכל: 0.3 ליטר | גובה: 7.6 ס״מ | חיישני נפילה: 4,https://placehold.co/600x600/f4f4f5/27272a/png?text=robot%20vacuum
P0214,שואב אבק יד מיני שיאומי קומפקטי לניקוי מהיר,Xiaomi,מוצרי חשמל לבית,שואבי אבק ורובוטים,"שואב אבק יד זעיר ושקט במיוחד, מתאים לניקוי פירורים משולחן העבודה, המקלדת או שולחן האוכל מיד לאחר הארוחה. מתחבר לטעינה בכבל USB-C ונשמר בקלות במגירה בזכות גודלו הקטן.",משקל: 0.35 ק״ג | סוללה: USB-C | רעש: עד 60dB | נפח מכל: 0.1 ליטר,https://placehold.co/600x600/f4f4f5/27272a/png?text=mini%20handheld%20vacuum
P0215,שואב אבק רטוב-יבש דרימי לשטיפת רצפות קשות,Dreame,מוצרי חשמל לבית,שואבי אבק ורובוטים,"שואב המשלב שטיפה ושאיבה בו-זמנית עבור רצפות קשות בלבד, עם מכל מים נקיים ומכל נפרד למים מלוכלכים ומערכת ניקוי עצמי של המברשת בסיום השימוש. מציג על מסך קדמי את רמת הלכלוך שזוהתה ברצפה בזמן אמת.",הספק: 500W | נפח מכל מים נקיים: 0.8 ליטר | ניקוי עצמי: כן | משקל: 4.5 ק״ג,https://placehold.co/600x600/f4f4f5/27272a/png?text=wet%20dry%20mop%20vacuum
P0216,מגב אדים קרשר לניקוי רצפות ללא חומרי ניקוי,Karcher,מוצרי חשמל לבית,ניקוי ופלאנלה,"מגב אדים המייצר קיטור בטמפרטורה גבוהה תוך שניות ומחטא רצפות פרקט, אריחים ולמינציה ללא שימוש בחומרי ניקוי כימיים. מגיע עם מטליות מיקרופייבר להחלפה ומסילת כבל מתקפלת לאחסון נוח בארון.",זמן חימום: 30 שניות | נפח דוד: 0.4 ליטר | הספק: 1500W | אורך כבל: 5 מטר,https://placehold.co/600x600/f4f4f5/27272a/png?text=steam%20mop
P0217,מכשיר ניקוי אדים רב תכליתי פיליפס לניקוי עמוק,Philips,מוצרי חשמל לבית,ניקוי ופלאנלה,"מכשיר קיטור נייד המגיע עם מגוון ראשי ניקוי לחלונות, אריחים, בדים ורהיטים מרופדים, ומייצר לחץ קיטור המסייע להסיר שומן וכתמים עקשניים ללא צורך בשפשוף. מתאים גם לחיטוי משטחים במטבח ובחדר האמבטיה.",לחץ קיטור: 3.5 בר | נפח דוד: 1.5 ליטר | זמן חימום: 3 דקות | אביזרים: 8,https://placehold.co/600x600/f4f4f5/27272a/png?text=steam%20cleaner
P0218,שוטף שטיחים ורפידות ביסל עם תרסיס ושאיבה בו-זמנית,Bissell,מוצרי חשמל לבית,ניקוי ופלאנלה,"מכשיר המרסס תמיסת ניקוי לתוך סיבי השטיח ושואב בחזרה את הנוזל המלוכלך במעבר אחד, יעיל במיוחד להסרת כתמי בעלי מחמד וריחות מריפוד ושטיחים. מגיע עם מברשת סיבוב לטיפול בכתמים משוקעים.",נפח מכל תמיסה: 1.4 ליטר | נפח מכל שאיבה: 1.3 ליטר | הספק: 500W | משקל: 6 ק״ג,https://placehold.co/600x600/f4f4f5/27272a/png?text=carpet%20washer
P0219,מכשיר ניקוי בלחץ מים קרשר לשימוש ביתי,Karcher,מוצרי חשמל לבית,ניקוי ופלאנלה,"שוטף בלחץ קומפקטי לניקוי מרפסות, רצפות חוץ, אופניים ורכב, עם צינור גמיש וראש התזה מתכוונן בין סילון חזק לריסוס רחב. פועל משקע חשמל רגיל ומצריך חיבור לברז מים ביתי.",לחץ עבודה: 110 בר | ספיקת מים: 360 ליטר לשעה | הספק: 1400W | אורך צינור: 6 מטר,https://placehold.co/600x600/f4f4f5/27272a/png?text=pressure%20washer
P0220,מגב קיטור רוונטה לניקוי רצפות פרקט ואריחים,Rowenta,מוצרי חשמל לבית,ניקוי ופלאנלה,"מגב אדים קל משקל עם ידית מתקפלת לאחסון קומפקטי, מתאים לניקוי יומיומי של פרקט למינציה ואריחי קרמיקה. ראש הניקוי מסתובב 180 מעלות ומאפשר גישה נוחה מתחת לרהיטים נמוכים.",הספק: 1300W | נפח דוד: 0.3 ליטר | משקל: 2.4 ק״ג | סיבוב ראש: 180 מעלות,https://placehold.co/600x600/f4f4f5/27272a/png?text=steam%20mop
P0221,מטהר אדים לבית טפאל להסרת כתמים ושומן,Tefal,מוצרי חשמל לבית,ניקוי ופלאנלה,"מכשיר קיטור ביתי בעל דוד לחץ המספק זרם אדים רציף להסרת שומן מכיריים, תנור ואריחי מטבח, וכן לניקוי ורידוד קמטים קלים בבדי ריפוד. מגיע עם מברשת פליז לכתמים עקשניים במיוחד.",לחץ קיטור: 4 בר | נפח דוד: 1 ליטר | זמן חימום: 4 דקות | אביזרים: 6,https://placehold.co/600x600/f4f4f5/27272a/png?text=steam%20cleaner
P0222,שוטף ושואב רצפות רטוב אלקטרולוקס,Electrolux,מוצרי חשמל לבית,ניקוי ופלאנלה,"מכשיר אלחוטי לשטיפת רצפות המשלב מיכל מים נקיים ומיכל נפרד למים מלוכלכים, עם מנוע המייבש את הרצפה כמעט לחלוטין תוך כדי מעבר יחיד. מתאים לבתים עם ילדים קטנים בזכות ייבוש מהיר המונע החלקה.",זמן ריצה: 35 דקות | נפח מכל מים: 0.5 ליטר | משקל: 4.2 ק״ג | ייבוש רצפה: כן,https://placehold.co/600x600/f4f4f5/27272a/png?text=wet%20floor%20cleaner
P0223,מגב אדים מתקפל טורנדו לניקוי מהיר של הבית,Tornado,מוצרי חשמל לבית,ניקוי ופלאנלה,"מגב אדים בסיסי וקל לתפעול, מתאים למי שמחפש פתרון חסכוני לניקוי שוטף של רצפות קשות. מגיע עם שתי מטליות מיקרופייבר נוספות ומתקפל לגובה נמוך לאחסון בארון צר.",הספק: 1200W | נפח דוד: 0.25 ליטר | משקל: 2.1 ק״ג | זמן חימום: 25 שניות,https://placehold.co/600x600/f4f4f5/27272a/png?text=steam%20mop
P0224,מכשיר ניקוי בלחץ קל נילפיסק לחצר ומרפסת,Nilfisk,מוצרי חשמל לבית,ניקוי ופלאנלה,"שוטף לחץ מים ביתי בעוצמה בינונית, מיועד לניקוי מרצפות חוץ, גדרות וריהוט גינה מלכלוך מצטבר ואבקת אבן. מגיע עם מברשת סיבוב לניקוי משטחים גדולים בפחות זמן ופחות מים.",לחץ עבודה: 100 בר | הספק: 1300W | משקל: 5 ק״ג | אביזרים: מברשת סיבוב ומזנק קצף,https://placehold.co/600x600/f4f4f5/27272a/png?text=pressure%20washer
P0225,שוטף שטיחים קומפקטי ביסל לבתים עם בעלי חיים,Bissell,מוצרי חשמל לבית,ניקוי ופלאנלה,"מכשיר ניקוי שטיחים בגודל קטן המיועד לכתמים נקודתיים כמו שתן, הקאות או בוץ שמביאים כלבים וחתולים הביתה, עם תרסיס אנזימטי המפרק ריחות במקור. קל לניוד בין חדרים ומתאים גם לניקוי מושבי רכב.",נפח מכל: 0.6 ליטר | הספק: 350W | משקל: 3 ק״ג | ייעוד: כתמים נקודתיים,https://placehold.co/600x600/f4f4f5/27272a/png?text=portable%20carpet%20cleaner
P0226,מגב קיטור בוש עם ראש מתכוונן לזוויות קשות,Bosch,מוצרי חשמל לבית,ניקוי ופלאנלה,"מגב אדים המצויד בראש מתכוונן הנע בזווית חדה מתחת לספות וארונות נמוכים, עם רצועת בטיחות למניעת מגע ישיר עם המשטח החם. מגיע במארז הכולל שתי מטליות מיקרופייבר להחלפה מהירה.",הספק: 1500W | נפח דוד: 0.35 ליטר | משקל: 2.6 ק״ג | זווית ראש: עד 180 מעלות,https://placehold.co/600x600/f4f4f5/27272a/png?text=steam%20mop
P0227,מנקה אדים כף יד קרשר לניקוי אריחים ומטבח,Karcher,מוצרי חשמל לבית,ניקוי ופלאנלה,"מכשיר קיטור קטן ונייד המוחזק ביד אחת, מתאים לניקוי נקודתי של קווי איטום באמבטיה, ברזים ומשטחי עבודה במטבח. מגיע עם מברשת עגולה קשיחה ופיה משולשת להגעה לפינות אריחים.",הספק: 1200W | נפח דוד: 0.25 ליטר | זמן חימום: 3 דקות | משקל: 1.4 ק״ג,https://placehold.co/600x600/f4f4f5/27272a/png?text=handheld%20steam%20cleaner
P0228,שוטף רצפות רטוב-יבש שיאומי עם מיכל מים כפול,Xiaomi,מוצרי חשמל לבית,ניקוי ופלאנלה,"מכשיר שטיפה חשמלי לרצפות קשות עם מיכל מים נקיים ומיכל נפרד למים מלוכלכים, ותצוגת LED המראה את מצב הסוללה ורמת הלכלוך. מנקה ומייבש ברצועה אחת ומתאים לדירות בגודל בינוני.",זמן ריצה: 30 דקות | נפח מכל: 0.56 ליטר | משקל: 4 ק״ג | תצוגה: LED,https://placehold.co/600x600/f4f4f5/27272a/png?text=floor%20scrubber
P0229,מגב אדים בסיסי לרצפות למינציה ואריחים,,מוצרי חשמל לבית,ניקוי ופלאנלה,"מגב אדים כלכלי המתאים לניקוי שוטף של רצפות קשות ללא צורך בחומרי ניקוי, עם דוד קטן ומהיר לחימום וכבל ארוך המאפשר תנועה נוחה בין חדרים.",הספק: 1000W | נפח דוד: 0.2 ליטר | אורך כבל: 5 מטר | משקל: 1.8 ק״ג,https://placehold.co/600x600/f4f4f5/27272a/png?text=steam%20mop
P0230,מזגן נייד אלקטרה עם צינור פליטה וגלגלים,Electra,מוצרי חשמל לבית,אקלים ומיזוג,"מזגן נייד המספק קירור מהיר לחדר בודד ללא צורך בהתקנה קבועה, מגיע עם צינור פליטת חום גמיש שניתן להוציא דרך חלון פתוח וגלגלים לניוד נוח בין חדרים. כולל מצב ייבוש אוויר ומאוורר בלבד לימים לחים.","הספק קירור: 9000BTU | רמת רעש: 52dB | משקל: 26 ק״ג | מצבי פעולה: קירור, ייבוש, אוורור",https://placehold.co/600x600/f4f4f5/27272a/png?text=portable%20air%20conditioner
P0231,מאוורר עמוד טורבו טורנדו עם שלט רחוק,Tornado,מוצרי חשמל לבית,אקלים ומיזוג,"מאוורר עמוד גבוה עם ראש מסתובב אוטומטית לפיזור אוויר רחב בחדר, שלט רחוק לשליטה מרחוק ושמונה מהירויות סילון. בסיס יציב ומשקולת פנימית מונעים נפילה גם על רצפות חלקות.",גובה: 125 ס״מ | מהירויות: 8 | הספק: 60W | שלט רחוק: כן,https://placehold.co/600x600/f4f4f5/27272a/png?text=standing%20fan
P0232,מאוורר מגדל שיאומי שקט עם בקרת טמפרטורה,Xiaomi,מוצרי חשמל לבית,אקלים ומיזוג,"מאוורר מגדל דק החוסך מקום בפינת החדר, פועל בשקט יחסי גם במהירות הגבוהה ומצויד בחיישן טמפרטורה המכוון את עוצמת האוורור אוטומטית. נשלט גם דרך אפליקציה לתזמון הפעלה וכיבוי מרחוק.",גובה: 96 ס״מ | רעש: עד 45dB | מהירויות: 100 דרגות | שליטה: אפליקציה ושלט,https://placehold.co/600x600/f4f4f5/27272a/png?text=tower%20fan
P0233,תנור חימום קרמי הוני-וול לחדרים קטנים,Honeywell,מוצרי חשמל לבית,אקלים ומיזוג,"תנור חימום קרמי קומפקטי המחמם חדר עבודה או חדר ילדים תוך דקות ספורות, עם מפסק הטיה אוטומטי המכבה את המכשיר אם הוא נופל בטעות. תרמוסטט מובנה שומר על טמפרטורה קבועה וחוסך בצריכת חשמל.",הספק: 1500W | טווח טמפרטורה: 15-32 מעלות | מפסק הטיה: כן | משקל: 1.8 ק״ג,https://placehold.co/600x600/f4f4f5/27272a/png?text=ceramic%20heater
P0234,רדיאטור שמן תדיראן 9 צלעות לחימום ממושך,Tadiran,מוצרי חשמל לבית,אקלים ומיזוג,"רדיאטור שמן קלאסי עם תשע צלעות חימום, מתאים לחימום סלון או חדר שינה למשך שעות ארוכות ללא רעש מנוע. גלגלים בבסיס מאפשרים הזזה קלה בין חדרים וטיימר מובנה לכיבוי אוטומטי בלילה.",מספר צלעות: 9 | הספק: 2000W | טיימר: עד 24 שעות | משקל: 9 ק״ג,https://placehold.co/600x600/f4f4f5/27272a/png?text=oil%20heater
P0235,מזגן נייד תדיראן אינוורטר לקירור מהיר,Tadiran,מוצרי חשמל לבית,אקלים ומיזוג,"מזגן נייד עם טכנולוגיית אינוורטר החוסכת בצריכת חשמל בהשוואה למזגנים ניידים רגילים, מתאים לחדרי עבודה ודירות סטודיו ללא צורך בהתקנה חיצונית. מגיע עם שלט רחוק ומסנן אוויר הניתן לשטיפה.",הספק קירור: 12000BTU | דירוג אנרגטי: A | רמת רעש: 50dB | סוג מנוע: אינוורטר,https://placehold.co/600x600/f4f4f5/27272a/png?text=portable%20air%20conditioner
P0236,מאוורר שולחני קומפקטי לחדר עבודה,,מוצרי חשמל לבית,אקלים ומיזוג,"מאוורר שולחני קטן ושקט המתאים להנחה על שולחן עבודה או ליד המיטה, עם ראש נטייה ידני וכבל קצר לחיבור נוח לשקע קרוב.",הספק: 25W | מהירויות: 3 | קוטר להבים: 20 ס״מ | משקל: 0.8 ק״ג,https://placehold.co/600x600/f4f4f5/27272a/png?text=desk%20fan
P0237,תנור חימום קונבקטור אלקטרה לשירותים ואמבטיה,Electra,מוצרי חשמל לבית,אקלים ומיזוג,"תנור חימום דק המותקן על הקיר או עומד על הרצפה, מיועד לחדרי אמבטיה ושירותים בזכות דירוג עמידות בפני לחות. מחמם את החלל במהירות בבקרים קרים ומצויד בתרמוסטט מכני לחיסכון בחשמל.",הספק: 2000W | דירוג הגנה: IP24 | התקנה: קיר או רצפה | תרמוסטט: מכני,https://placehold.co/600x600/f4f4f5/27272a/png?text=convector%20heater
P0238,מפזר חום קרמי רוונטה עם טיימר וכיבוי בטיחותי,Rowenta,מוצרי חשמל לבית,אקלים ומיזוג,"מפזר חום קרמי שקט המתאים לחימום מיידי של פינת ישיבה או חדר עבודה קטן, עם טיימר לכיבוי אוטומטי ומנגנון בטיחות המונע התחממות יתר. גוף קומפקטי מתאים גם להנחה על מדף.",הספק: 1800W | טיימר: עד 8 שעות | משקל: 1.5 ק״ג | הגנת התחממות יתר: כן,https://placehold.co/600x600/f4f4f5/27272a/png?text=ceramic%20heater
P0239,מזגן חלון תדיראן חסכוני בצריכת חשמל,Tadiran,מוצרי חשמל לבית,אקלים ומיזוג,"מזגן חלון קלאסי המתאים לדירות ישנות ללא אפשרות להתקנת יחידה מפוצלת, מספק קירור יעיל לחדר בגודל בינוני ומצויד במסנן אוויר הניתן לניקוי. פעולה שקטה יחסית ובקרה באמצעות כפתורים מכניים.",הספק קירור: 10000BTU | דירוג אנרגטי: B | משקל: 32 ק״ג | סוג בקרה: מכני,https://placehold.co/600x600/f4f4f5/27272a/png?text=window%20air%20conditioner
P0240,מאוורר עמוד שקט הוני-וול לשינה נוחה בלילה,Honeywell,מוצרי חשמל לבית,אקלים ומיזוג,"מאוורר עמוד המתוכנן לפעולה שקטה במיוחד במהירות הנמוכה, מתאים להנחה בחדר השינה ללא הפרעה לשינה. כולל מצב לילה המפחית את עוצמת האוורור בהדרגה וכיבוי עצמי לאחר זמן קבוע מראש.",גובה: 110 ס״מ | מהירויות: 5 | מצב לילה: כן | טיימר: עד 7.5 שעות,https://placehold.co/600x600/f4f4f5/27272a/png?text=standing%20fan
P0241,תנור אינפרא אדום אלקטרה לחימום ממוקד,Electra,מוצרי חשמל לבית,אקלים ומיזוג,"תנור חימום המשתמש בקרינת אינפרא אדום לחימום ישיר של הגוף ולא של האוויר בחדר, יעיל במיוחד למרפסות פתוחות למחצה או חדרי עבודה גדולים וגבוהים. פועל בשקט מוחלט ללא מנוע מאוורר.",הספק: 2000W | טווח חימום: עד 4 מטר | רעש: ללא | משקל: 4.5 ק״ג,https://placehold.co/600x600/f4f4f5/27272a/png?text=infrared%20heater
P0242,מצנן אוויר אדים נייד לחצר ומרפסת,,מוצרי חשמל לבית,אקלים ומיזוג,"מצנן אוויר המבוסס על אידוי מים המפחית את טמפרטורת הסביבה בימים חמים ויבשים, מתאים לשימוש במרפסת או בחצר בית פרטית. מיכל מים גדול מאפשר שעות פעולה ארוכות בין מילויים.",נפח מיכל מים: 5 ליטר | הספק: 65W | גלגלים: כן | טווח קירור: עד 20 מ״ר,https://placehold.co/600x600/f4f4f5/27272a/png?text=evaporative%20cooler
P0243,מאוורר נייד נטען טורנדו USB לשולחן העבודה,Tornado,מוצרי חשמל לבית,אקלים ומיזוג,"מאוורר קטן וקליל הנטען בכבל USB-C ומתאים לשולחן עבודה, מטבח או אוהל בקמפינג, עם שלוש מהירויות ותאורת לילה מובנית. הסוללה הפנימית מספיקה למספר שעות פעולה רציפה בטעינה אחת.",סוללה: 2600mAh | מהירויות: 3 | תאורת לילה: כן | משקל: 0.4 ק״ג,https://placehold.co/600x600/f4f4f5/27272a/png?text=mini%20fan
P0244,מאוורר תקרה עם שלט לחדרי מגורים,Tornado,מוצרי חשמל לבית,אקלים ומיזוג,"מאוורר תקרה קלאסי בעל שלושה להבים המתאים להתקנה בסלון או בחדר שינה, עם שלט רחוק לבחירת מהירות וכיוון סיבוב הפוך לחורף. פועל בשקט ומפזר אוויר באופן אחיד בחלל גדול.",קוטר להבים: 132 ס״מ | מהירויות: 3 | כיוון סיבוב: הפיך | שלט רחוק: כן,https://placehold.co/600x600/f4f4f5/27272a/png?text=ceiling%20fan
P0245,מטהר אוויר בלואייר עם פילטר HEPA לאלרגיות,Blueair,מוצרי חשמל לבית,איכות אוויר,"מטהר אוויר המצויד בפילטר HEPA התופס חלקיקים זעירים כמו אבקנים, קרדית אבק ונימי בעלי חיים, מתאים במיוחד לבתים עם רגישות נשימתית או אלרגיות עונתיות. פועל בשקט במצב לילה ומציג את איכות האוויר בזמן אמת על גבי הצג.",שטח סינון: עד 40 מ״ר | סוג פילטר: HEPA | רמת רעש: 33-52dB | חיישן איכות אוויר: כן,https://placehold.co/600x600/f4f4f5/27272a/png?text=air%20purifier
P0246,מטהר אוויר שיאומי עם חיישן איכות אוויר חכם,Xiaomi,מוצרי חשמל לבית,איכות אוויר,"מטהר אוויר קומפקטי המודד ברציפות את ריכוז החלקיקים הנשימים באוויר ומתאים את מהירות המאוורר בהתאם, עם תצוגת מספרים ברורה על גבי גוף המכשיר. מתחבר לאפליקציה למעקב היסטוריית איכות האוויר בבית.",שטח סינון: עד 35 מ״ר | סוג פילטר: HEPA משולב פחם | תצוגה: OLED | תואם אפליקציה: כן,https://placehold.co/600x600/f4f4f5/27272a/png?text=air%20purifier
P0247,מכשיר אדים קר לבית פיליפס להגברת לחות,Philips,מוצרי חשמל לבית,איכות אוויר,מכשיר לחות המפזר אדים קרים לחלל החדר ומסייע לשמור על רמת לחות נוחה בעונת החורף כשההסקה מייבשת את האוויר. מיכל מים שקוף מאפשר מעקב אחר כמות המים הנותרת בקלות.,נפח מיכל: 3 ליטר | שעות פעולה: עד 20 שעות | רעש: עד 35dB | שטח כיסוי: 30 מ״ר,https://placehold.co/600x600/f4f4f5/27272a/png?text=humidifier
P0248,מייבש אוויר אלקטרולוקס לניקוז לחות בחדרי רחצה,Electrolux,מוצרי חשמל לבית,איכות אוויר,"מייבש אוויר המושך לחות עודפת מהחלל ואוסף אותה למיכל פנימי, יעיל במניעת עובש בחדרי רחצה, מרתפים וארונות אחסון סגורים. כולל מצב ייבוש כביסה ייעודי המקצר את זמן הייבוש הטבעי בימים לחים.",קיבולת ייבוש: 12 ליטר ליום | נפח מיכל: 2 ליטר | דירוג אנרגטי: A | רמת רעש: 45dB,https://placehold.co/600x600/f4f4f5/27272a/png?text=dehumidifier
P0249,מפזר ריח חשמלי לשמנים אתריים בסלון,,מוצרי חשמל לבית,איכות אוויר,"מפזר ארומה חשמלי הממיר שמנים אתריים לערפל דק ונעים המתפזר בחדר, עם תאורת לד רכה הניתנת לכיבוי בנפרד מפעולת האידוי. מתאים לשולחן קפה או מדף בחדר שינה.",נפח מיכל: 300 מ״ל | זמן פעולה רציף: עד 6 שעות | תאורה: LED מתחלף | חומר: פלסטיק ועץ,https://placehold.co/600x600/f4f4f5/27272a/png?text=aroma%20diffuser
P0250,מטהר אוויר וינקס עם מדד PM2.5 בזמן אמת,Winix,מוצרי חשמל לבית,איכות אוויר,"מטהר אוויר המשלב פילטר HEPA טרום-פילטר וטכנולוגיית פלזמה ליוניזציה של חלקיקים, ומציג מדד PM2.5 צבעוני המשתנה בהתאם לרמת הזיהום שנמדדה בחדר. מצב אוטומטי מכוון את עוצמת המאוורר ללא צורך בהתערבות ידנית.",שטח סינון: עד 45 מ״ר | סוג פילטר: HEPA + פחם פעיל | תצוגת PM2.5: כן | מצב אוטומטי: כן,https://placehold.co/600x600/f4f4f5/27272a/png?text=air%20purifier
P0251,מכשיר הרטבה אולטרסוני שיאומי שקט לשינה,Xiaomi,מוצרי חשמל לבית,איכות אוויר,"מכשיר לחות אולטרסוני הפועל כמעט בשקט מוחלט, מתאים להנחה ליד המיטה בלילה מבלי להפריע לשינה. מיכל מים גדול מספיק ללילה שלם ומצויד בכיבוי אוטומטי כשהמים אוזלים.",נפח מיכל: 4.5 ליטר | רעש: עד 30dB | שעות פעולה: עד 30 שעות | כיבוי אוטומטי: כן,https://placehold.co/600x600/f4f4f5/27272a/png?text=humidifier
P0252,מייבש אוויר נייד הוני-וול לדירות קטנות ומרתפים,Honeywell,מוצרי חשמל לבית,איכות אוויר,"מייבש אוויר בגודל קומפקטי המתאים לדירות סטודיו ומרתפי אחסון, שואב לחות עודפת ומפחית ריח עובש. גלגלים בבסיס מאפשרים הזזה בין חדרים, ומיכל המים ניתן לפינוי ישיר לניקוז קבוע באמצעות צינור.",קיבולת ייבוש: 10 ליטר ליום | נפח מיכל: 1.8 ליטר | ניקוז רציף: כן | משקל: 11 ק״ג,https://placehold.co/600x600/f4f4f5/27272a/png?text=dehumidifier
P0253,מטהר אוויר קוואיי עם פילטר פחם פעיל לעישון וריחות,Coway,מוצרי חשמל לבית,איכות אוויר,"מטהר אוויר הכולל שכבת פחם פעיל עבה במיוחד לספיגת ריחות עשן, בישול וחיות מחמד, לצד פילטר HEPA לתפיסת חלקיקים. מצב שינה מפחית את עוצמת התאורה והרעש לפעולה שקטה בלילה.",שטח סינון: עד 50 מ״ר | סוג פילטר: HEPA ופחם פעיל | מצב שינה: כן | רעש: 24-53dB,https://placehold.co/600x600/f4f4f5/27272a/png?text=air%20purifier
P0254,מפזר אדים ושמנים ארומטיים חשמלי טפאל,Tefal,מוצרי חשמל לבית,איכות אוויר,"מפזר ארומה אלגנטי בעל גוף זכוכית וקרמיקה, מייצר אדים עדינים המשלבים לחות קלה עם ניחוח שמן אתרי לבחירה. מתאים לחדר עבודה או פינת מדיטציה בבית ומכובה אוטומטית כשהמים אוזלים.",נפח מיכל: 200 מ״ל | חומר: זכוכית וקרמיקה | תאורה: LED | כיבוי אוטומטי: כן,https://placehold.co/600x600/f4f4f5/27272a/png?text=aroma%20diffuser
P0255,מטהר אוויר קומפקטי בלואייר לחדרי ילדים ותינוקות,Blueair,מוצרי חשמל לבית,איכות אוויר,"מטהר אוויר קטן ושקט המתאים לחדר ילדים או פינת תינוק, עם פילטר התופס אבק, אבקנים וריחות עדינים ומצב לילה שמכבה את התאורה החיצונית לחלוטין. גוף עגול ורך ללא קצוות חדים.",שטח סינון: עד 20 מ״ר | רעש במצב לילה: 20dB | סוג פילטר: HEPA | תאורת לילה: ניתנת לכיבוי,https://placehold.co/600x600/f4f4f5/27272a/png?text=air%20purifier
P0256,מייבש אוויר חשמלי אלקטרה למניעת עובש בבית,Electra,מוצרי חשמל לבית,איכות אוויר,"מייבש אוויר ביתי המסייע לשמור על רמת לחות בריאה בעונות המעבר, ומפחית היווצרות עובש על קירות וחלונות. מגיע עם מד לחות דיגיטלי מובנה וטיימר לכיבוי אוטומטי לאחר שעות פעולה קבועות מראש.",קיבולת ייבוש: 16 ליטר ליום | נפח מיכל: 2.5 ליטר | מד לחות: דיגיטלי | טיימר: כן,https://placehold.co/600x600/f4f4f5/27272a/png?text=dehumidifier
P0257,מכשיר לחות אדים חמים פיליפס עם מיכל גדול,Philips,מוצרי חשמל לבית,איכות אוויר,"מכשיר לחות המחמם את המים לפני האידוי, ובכך גם מסייע לחטא חלקית את המים וגם מוסיף חום עדין לחדר בימי חורף. מיכל גדול מאפשר פעולה רציפה של יממה שלמה ללא צורך במילוי חוזר.",נפח מיכל: 5 ליטר | שעות פעולה: עד 24 שעות | חימום מים: כן | שטח כיסוי: 35 מ״ר,https://placehold.co/600x600/f4f4f5/27272a/png?text=warm%20mist%20humidifier
P0258,מטהר אוויר בסיסי עם שלושה מצבי מהירות,Midea,מוצרי חשמל לבית,איכות אוויר,"מטהר אוויר פשוט לתפעול עם שלושה מצבי מהירות וללא תצוגה דיגיטלית, מתאים לחדר קטן או פינת עבודה. מסנן HEPA בסיסי הניתן להחלפה כל מספר חודשים לפי עצימות השימוש.",שטח סינון: עד 15 מ״ר | מצבי מהירות: 3 | סוג פילטר: HEPA | רעש: עד 50dB,https://placehold.co/600x600/f4f4f5/27272a/png?text=air%20purifier
P0259,מגהץ קיטור פיליפס עם לוחית קרמית להחלקה קלה,Philips,מוצרי חשמל לבית,גיהוץ וטיפול בבגדים,"מגהץ קיטור עם לוחית קרמית המחליקה בקלות על סוגי בדים שונים, ומייצר זרם קיטור מתמשך המסייע להסרת קמטים עמידים במעבר אחד. מצויד במגן טפטוף המונע יציאת מים כשהטמפרטורה נמוכה מדי.",הספק: 2400W | לחץ קיטור: 45 גרם/דקה | לוחית: קרמית | מגן טפטוף: כן,https://placehold.co/600x600/f4f4f5/27272a/png?text=steam%20iron
P0260,תחנת גיהוץ רוונטה עם דוד לחץ קיטור גבוה,Rowenta,מוצרי חשמל לבית,גיהוץ וטיפול בבגדים,"תחנת גיהוץ הכוללת דוד נפרד מהמגהץ המספק לחץ קיטור גבוה ורציף, מתאימה לגיהוץ כמויות גדולות של כביסה ובדים עבים כמו ג׳ינס ומצעים. מיכל מים גדול מצמצם את הצורך במילוי חוזר במהלך הגיהוץ.",לחץ קיטור: 6.5 בר | נפח דוד: 1.4 ליטר | הספק: 2600W | זמן חימום: 2 דקות,https://placehold.co/600x600/f4f4f5/27272a/png?text=steam%20station
P0261,מאדה בגדים אנכי טפאל לגיהוץ תלוי מהיר,Tefal,מוצרי חשמל לבית,גיהוץ וטיפול בבגדים,"מאדה בגדים אנכי המאפשר גיהוץ קמטים ישירות על הבגד התלוי, ללא צורך בקרש גיהוץ, ומתאים במיוחד לחליפות, שמלות וילון. מגיע עם מברשת קטנה להסרת שיער וחוטים לצד פעולת הקיטור.",לחץ קיטור: 3.5 בר | נפח מיכל: 1.5 ליטר | זמן חימום: 45 שניות | משקל: 1.6 ק״ג,https://placehold.co/600x600/f4f4f5/27272a/png?text=garment%20steamer
P0262,מגהץ אלחוטי בוש נטען עם בסיס עמדה,Bosch,מוצרי חשמל לבית,גיהוץ וטיפול בבגדים,"מגהץ המתחמם על בסיס עמדה ונשאר חם למספר דקות לאחר ההרמה, כך שניתן לגהץ ללא הגבלת תנועה מכבל חשמלי. מתאים לשולחן גיהוץ קטן או פינת עבודה שבה אין רצוי כבלים חשופים.",הספק: 2200W | זמן פעולה ללא בסיס: כ-2 דקות | לוחית: נירוסטה | משקל: 1.3 ק״ג,https://placehold.co/600x600/f4f4f5/27272a/png?text=cordless%20iron
P0263,מכונת תפירה ביתית סינגר עם מבחר תפרים אוטומטי,Singer,מוצרי חשמל לבית,גיהוץ וטיפול בבגדים,"מכונת תפירה ביתית קלה לתפעול המתאימה למתחילים ולתפירה שוטפת של תיקוני בגדים ווילונות, עם מבחר תפרים מובנה ובורר קל להפעלה. מגיע עם רגל לחץ מתחלפת ומקום פנימי לאחסון אביזרים קטנים.",מספר תפרים: 23 | מהירות תפירה: משתנה | תפר כפתורים: אוטומטי | משקל: 6 ק״ג,https://placehold.co/600x600/f4f4f5/27272a/png?text=sewing%20machine
P0264,מסיר פלנצ׳ים חשמלי לסוודרים וצמר,Braun,מוצרי חשמל לבית,גיהוץ וטיפול בבגדים,"מכשיר קטן וקל שמסתובב על משטח הבד ומגלח כדוריות סיבים שנוצרות משימוש חוזר בסוודרים, מעילים וריפוד בד. מיכל אצירה שקוף מאפשר ניקוי מהיר בין שימוש לשימוש.",סוללה: 2 סוללות AA | קוטר להב: 3 ס״מ | מיכל אצירה: שקוף | משקל: 0.15 ק״ג,https://placehold.co/600x600/f4f4f5/27272a/png?text=fabric%20shaver
P0265,מגהץ קיטור סימנס עם מערכת נגד טפטוף,Siemens,מוצרי חשמל לבית,גיהוץ וטיפול בבגדים,"מגהץ ביתי המצויד במערכת המונעת טפטוף מים מהלוחית בטמפרטורות נמוכות, ומתאים לגיהוץ בדים עדינים כמו משי וסינתטיקה. ידית אחיזה מרופדת מפחיתה עייפות יד בגיהוץ ממושך.",הספק: 2500W | לחץ קיטור: 40 גרם/דקה | נגד טפטוף: כן | לוחית: קרמית זכוכית,https://placehold.co/600x600/f4f4f5/27272a/png?text=steam%20iron
P0266,מאדה בגדים נייד רוונטה קומפקטי לנסיעות,Rowenta,מוצרי חשמל לבית,גיהוץ וטיפול בבגדים,"מאדה בגדים קטן וקליל המתאים לנסיעות ולאחסון במגירה, מייצר קיטור מספיק להחלקת קמטים קלים מחולצות וחצאיות לפני יציאה מהבית. מתחמם במהירות ומצריך מיכל מים קטן בלבד.",זמן חימום: 30 שניות | נפח מיכל: 0.1 ליטר | משקל: 0.6 ק״ג | זמן פעולה רציף: 8 דקות,https://placehold.co/600x600/f4f4f5/27272a/png?text=portable%20garment%20steamer
P0267,תחנת גיהוץ פיליפס עם רצועת נעילה לנשיאה,Philips,מוצרי חשמל לבית,גיהוץ וטיפול בבגדים,"תחנת גיהוץ עם מנגנון נעילה בין המגהץ לדוד המאפשר נשיאה בטוחה של המכשיר בעת אחסון, וחיישן המזהיר כשמפלס המים בדוד נמוך. מתאים למשקי בית עם כמות גיהוץ שבועית גדולה.",לחץ קיטור: 6 בר | נפח דוד: 1.2 ליטר | נעילת נשיאה: כן | הספק: 2400W,https://placehold.co/600x600/f4f4f5/27272a/png?text=steam%20station
P0268,מגהץ תעשייתי טפאל לכמויות כביסה גדולות,Tefal,מוצרי חשמל לבית,גיהוץ וטיפול בבגדים,"מגהץ בעל לוחית גדולה ועוצמת קיטור גבוהה, מתאים למשפחות גדולות או לשימוש תדיר בעסק קטן כמו מספרה או סטודיו תפירה. מכיל מיכל מים גדול יחסית לקטגוריה ומתנקה בקלות מאבנית.",הספק: 2600W | לחץ קיטור: 50 גרם/דקה | נפח מיכל: 350 מ״ל | ניקוי אבנית: אוטומטי,https://placehold.co/600x600/f4f4f5/27272a/png?text=steam%20iron
P0269,מסיר סיבים ופלנצ׳ים חשמלי בראון לבגדי צמר,Braun,מוצרי חשמל לבית,גיהוץ וטיפול בבגדים,"מסיר פלנצ׳ים חשמלי בגודל כיס המנקה בעדינות בגדי צמר וקשמיר מבלי לפגוע בסיבי הבד, עם שני גדלי רשת מתחלפים להתאמה לעובי הבד. נטען בכבל USB וללא צורך בסוללות חד-פעמיות.",סוללה: נטענת USB | ראשי רשת: 2 | קוטר להב: 3.5 ס״מ | משקל: 0.18 ק״ג,https://placehold.co/600x600/f4f4f5/27272a/png?text=fabric%20shaver
P0270,מכונת תפירה קומפקטית סינגר לתחביב וילדים,Singer,מוצרי חשמל לבית,גיהוץ וטיפול בבגדים,"מכונת תפירה קטנה ופשוטה במיוחד להפעלה, מתאימה לילדים המתחילים בתחביב התפירה או למבוגרים המחפשים מכונה בסיסית לתיקונים קלים בבית. משקל נמוך מאפשר אחסון והוצאה מהירה בעת הצורך.",מספר תפרים: 12 | משקל: 3.5 ק״ג | הספק: 40W | מחט חלופית: כלולה,https://placehold.co/600x600/f4f4f5/27272a/png?text=sewing%20machine
P0271,מגהץ קיטור אלקטרולוקס עם החלקה קלה על משי,Electrolux,מוצרי חשמל לבית,גיהוץ וטיפול בבגדים,מגהץ קל משקל עם לוחית חלקה במיוחד המתאימה לגיהוץ בדי משי ופוליאסטר עדינים ללא סיכון להיצמדות. כולל בקרת טמפרטורה מדורגת ותצוגת חיווי כשהמגהץ מוכן לשימוש.,הספק: 2200W | לוחית: נירוסטה מוחלקת | בקרת טמפרטורה: מדורגת | משקל: 1.1 ק״ג,https://placehold.co/600x600/f4f4f5/27272a/png?text=steam%20iron
P0272,מאדה בגדים אנכי בוש עם מוט תלייה מתקפל,Bosch,מוצרי חשמל לבית,גיהוץ וטיפול בבגדים,"מאדה בגדים אנכי המגיע עם מוט תלייה מתקפל וקולב, כך שניתן להאדות בגד מיד עם הוצאתו מהארון ללא צורך במתקן נפרד. מתאים לחליפות עבודה ושמלות ערב לפני אירוע.",לחץ קיטור: 3 בר | נפח מיכל: 1.8 ליטר | מוט תלייה: מתקפל | משקל: 2.2 ק״ג,https://placehold.co/600x600/f4f4f5/27272a/png?text=garment%20steamer
P0273,מקרר סמסונג דלת צרפתית עם מתקן מים וקרח,Samsung,מוצרי חשמל לבית,מוצרי חשמל גדולים,"מקרר גדול בעיצוב דלת צרפתית עם מגירת מקפיא תחתונה, מצויד במתקן מים וקרח חיצוני המחובר לרשת המים הביתית. תא קירור מחולק למדפי זכוכית מתכווננים ומגירת לחות נפרדת לירקות ופירות.",נפח כולל: 550 ליטר | דירוג אנרגטי: A+ | מתקן מים: חיצוני | סוג הפשרה: No Frost,https://placehold.co/600x600/f4f4f5/27272a/png?text=french%20door%20refrigerator
P0274,מכונת כביסה אל ג׳י עם מנוע אינוורטר ישיר,LG,מוצרי חשמל לבית,מוצרי חשמל גדולים,"מכונת כביסה בטעינה עליונה עם מנוע אינוורטר ישיר השקט יחסי ומאריך את חיי המכונה, ומצוידת בתוכניות ייעודיות לבדי צמר וסינתטיקה. חיישן משקל אוטומטי מתאים את כמות המים לגודל הכביסה שהוכנסה.",קיבולת: 9 ק״ג | דירוג אנרגטי: A | סוג מנוע: אינוורטר ישיר | סל״ד סחיטה: 1200,https://placehold.co/600x600/f4f4f5/27272a/png?text=washing%20machine
P0275,מייבש כביסה בוש בעיבוי עם משאבת חום חסכונית,Bosch,מוצרי חשמל לבית,מוצרי חשמל גדולים,"מייבש כביסה בטכנולוגיית עיבוי המצריך רק חיבור לשקע חשמל ללא צורך בפתח אוורור החוצה, עם משאבת חום המפחיתה את צריכת החשמל בהשוואה למייבשים קונבנציונליים. מיכל מים לאיסוף העיבוי מתרוקן בקלות.",קיבולת: 8 ק״ג | דירוג אנרגטי: A++ | סוג ייבוש: משאבת חום | רעש: 65dB,https://placehold.co/600x600/f4f4f5/27272a/png?text=dryer
P0276,מדיח כלים סימנס שקט עם תוכנית אקו,Siemens,מוצרי חשמל לבית,מוצרי חשמל גדולים,"מדיח כלים מובנה הפועל ברמת רעש נמוכה במיוחד המתאימה למטבחים פתוחים לסלון, עם תוכנית אקו החוסכת במים ובחשמל לכלוסה יומיומית רגילה. סלים מתכווננים מאפשרים סידור גמיש של כלים בגדלים שונים.",מקומות הנחה: 13 | רמת רעש: 44dB | דירוג אנרגטי: A+++ | תוכניות: 6,https://placehold.co/600x600/f4f4f5/27272a/png?text=dishwasher
P0277,תנור בנוי אלקטרולוקס פירוליטי עם ניקוי עצמי,Electrolux,מוצרי חשמל לבית,מוצרי חשמל גדולים,"תנור בנוי מרובה תוכניות אפייה עם מצב ניקוי פירוליטי השורף שאריות שומן לאפר באמצעות חום גבוה, כך שאין צורך בשפשוף ידני. חלון כפול מבודד שומר על חזית התנור קרירה יחסית במהלך האפייה.",נפח: 72 ליטר | ניקוי: פירוליטי | תוכניות: 10 | דירוג אנרגטי: A,https://placehold.co/600x600/f4f4f5/27272a/png?text=built%20in%20oven
P0278,כיריים אינדוקציה בוש עם בקרת מגע ואזורי בישול גמישים,Bosch,מוצרי חשמל לבית,מוצרי חשמל גדולים,"כיריים אינדוקציה עם משטח זכוכית קרמית ובקרת מגע דיגיטלית, מציעות אזור בישול גמיש המאפשר חיבור שתי מבערים לסיר מוארך אחד. חימום מהיר יחסית לגז ושמירה על משטח קריר סביב הסיר עצמו.",מספר מבערים: 4 | הספק כולל: 7200W | סוג בקרה: מגע | אזור גמיש: כן,https://placehold.co/600x600/f4f4f5/27272a/png?text=induction%20hob
P0279,מיקרוגל סמסונג עם גריל משולב ותוכניות אוטומטיות,Samsung,מוצרי חשמל לבית,מוצרי חשמל גדולים,"מיקרוגל המשלב חימום קלאסי עם אלמנט גריל עליון להשחמה של מאכלים, ומגיע עם תוכניות אוטומטיות המתאימות את זמן וההספק לפי סוג המזון שנבחר. תא פנימי מצופה מקל על ניקוי שאריות שמן וכתמים.",נפח תא: 32 ליטר | הספק מיקרוגל: 900W | הספק גריל: 1100W | תוכניות אוטומטיות: 8,https://placehold.co/600x600/f4f4f5/27272a/png?text=microwave%20oven
P0280,מקפיא ארונות בקו גדול לאחסון מזון ארוך טווח,Beko,מוצרי חשמל לבית,מוצרי חשמל גדולים,"מקפיא ארונות בנפח גדול המתאים למשפחות הקונות מזון בכמויות גדולות או מקפיאות תוצרת עונתית, עם מגירות שקופות המאפשרות זיהוי מהיר של התוכן. מצויד בפונקציית הקפאה מהירה לשימור טריות המזון החדש שהוכנס.",נפח: 300 ליטר | דירוג אנרגטי: A+ | הקפאה מהירה: כן | מספר מגירות: 7,https://placehold.co/600x600/f4f4f5/27272a/png?text=chest%20freezer
P0281,בר מים חם-קר תדיראן עם מיכל פנימי לפינת ישיבה,Tadiran,מוצרי חשמל לבית,מוצרי חשמל גדולים,"בר מים עומד המתחבר לרשת המים הביתית ומספק מים קרים, חמים וברמת חום פושר, מתאים לפינת ישיבה במטבח או למסדרון משרדי בבית. מצויד במגש ניקוז נשלף לניקוי קל וברז נפרד לכל טמפרטורה.",קיבולת קירור: 1.2 ליטר לדקה | טמפרטורת חימום: עד 95 מעלות | חיבור: לרשת המים | משקל: 12 ק״ג,https://placehold.co/600x600/f4f4f5/27272a/png?text=water%20dispenser
P0282,מקרר בקו מקורר צד לצד עם תא ירקות רחב,Beko,מוצרי חשמל לבית,מוצרי חשמל גדולים,"מקרר צד לצד בעל שתי דלתות רחבות המקלות על גישה לתאי הקירור וההקפאה בו-זמנית, עם תא ירקות רחב ומחולק ומדפי דלת עמוקים לבקבוקים גדולים. מערכת קירור No Frost מונעת היווצרות קרח על דפנות המקפיא.",נפח כולל: 480 ליטר | סוג הפשרה: No Frost | דירוג אנרגטי: A+ | מספר מדפים: 5,https://placehold.co/600x600/f4f4f5/27272a/png?text=side%20by%20side%20refrigerator
P0283,מכונת כביסה אלקטרולוקס עם חיישן משקל אוטומטי,Electrolux,מוצרי חשמל לבית,מוצרי חשמל גדולים,"מכונת כביסה בטעינה קדמית המתאימה כמות מים וזמן כביסה למשקל הבגדים שזוהה אוטומטית, ומציעה תוכנית מהירה לכביסה דחופה של פחות משעה. תוף מיוחד מפחית חיכוך עם הבדים ומאריך את חיי הבגדים.",קיבולת: 8 ק״ג | סל״ד סחיטה: 1400 | דירוג אנרגטי: A | תוכנית מהירה: 59 דקות,https://placehold.co/600x600/f4f4f5/27272a/png?text=front%20load%20washing%20machine
P0284,מדיח כלים בוש מובנה 14 מקומות עם סל שלישי,Bosch,מוצרי חשמל לבית,מוצרי חשמל גדולים,"מדיח כלים מובנה בגודל מלא עם סל שלישי עליון המיועד לסכו״ם ולכלים שטוחים, ומגדיל את קיבולת הכלוסה הכוללת ללא צורך בהרחבת המדיח עצמו. תוכנית אינטנסיבית מתאימה לסירים וסירי בישול מוכתמים.",מקומות הנחה: 14 | סלים: 3 | דירוג אנרגטי: A++ | תוכניות: 8,https://placehold.co/600x600/f4f4f5/27272a/png?text=dishwasher
P0285,תנור בנוי משולב מיקרוגל סימנס לחיסכון במקום,Siemens,מוצרי חשמל לבית,מוצרי חשמל גדולים,"יחידת תנור המשלבת בגוף אחד תא אפייה קלאסי ותא מיקרוגל נפרד, מתאימה למטבחים קטנים שבהם אין מקום לשני מכשירים נפרדים. ניתן להפעיל את שני התאים בו-זמנית לבישול מספר מנות יחד.",נפח תא אפייה: 47 ליטר | נפח תא מיקרוגל: 21 ליטר | תוכניות: 12 | דירוג אנרגטי: A,https://placehold.co/600x600/f4f4f5/27272a/png?text=combination%20oven%20microwave
P0286,כיריים קרמיות מידיאה עם בקרת חום מדורגת,Midea,מוצרי חשמל לבית,מוצרי חשמל גדולים,"כיריים קרמיות בעלות ארבעה אזורי בישול ובקרת חום מדורגת בלחצני מגע, מתאימות למטבחים המחפשים חלופה כלכלית לכיריים אינדוקציה. משטח זכוכית קל לניקוי ומחווני חום שיורי מתריעים על משטח חם.",מספר אזורים: 4 | הספק כולל: 6500W | חיווי חום שיורי: כן | סוג בקרה: מגע,https://placehold.co/600x600/f4f4f5/27272a/png?text=ceramic%20cooktop
P0287,מתקן מים מקורר וחם אלקטרה עם ברז נשלף,Electra,מוצרי חשמל לבית,מוצרי חשמל גדולים,"מתקן מים עומד המחובר לבקבוקי מים גדולים או לרשת המים הביתית, מספק מים בשלוש רמות טמפרטורה כולל אפשרות חימום למרתיחה עדינה לתה. תא אחסון קטן בתחתית מתאים לספלים וכוסות.",קיבולת קירור: 1 ליטר לדקה | חימום: כן | תא אחסון: כן | משקל: 10 ק״ג,https://placehold.co/600x600/f4f4f5/27272a/png?text=water%20cooler
P0288,נורת LED חכמה Aqara עם שליטה באפליקציה וגווני צבע,Aqara,מוצרי חשמל לבית,בית חכם,"נורה חכמה המתחברת לרשת Wi-Fi הביתית ומאפשרת שליטה מרחוק בעוצמת האור ובגוון הצבע דרך אפליקציה, כולל תזמון הדלקה וכיבוי אוטומטי. תואמת לעוזרים קוליים לשליטה בפקודה מבלי לגעת במתג.",הספק: 9W | גוון צבע: לבן וצבעוני | חיבור: Wi-Fi | תאימות: עוזרים קוליים,https://placehold.co/600x600/f4f4f5/27272a/png?text=smart%20bulb
P0289,שקע חכם TP-Link עם מדידת צריכת חשמל,TP-Link,מוצרי חשמל לבית,בית חכם,"שקע חכם המתחבר לרשת הביתית ומאפשר הדלקה וכיבוי מרחוק של מכשירי חשמל דרך אפליקציה, לצד מדידת צריכת החשמל בזמן אמת של כל מכשיר מחובר. ניתן להגדיר תזמונים שבועיים קבועים לכל שקע בנפרד.",הספק מקסימלי: 2300W | חיבור: Wi-Fi | מדידת צריכה: כן | תזמון: שבועי,https://placehold.co/600x600/f4f4f5/27272a/png?text=smart%20plug
P0290,מצלמת אבטחה חכמה שיאומי לבית עם זיהוי תנועה,Xiaomi,מוצרי חשמל לבית,בית חכם,"מצלמת אבטחה פנימית המתריעה על תנועה חשודה ישירות לטלפון הנייד, עם אפשרות צפייה חיה בזמן אמת מכל מקום. ראיית לילה באינפרא אדום מאפשרת מעקב גם בחושך מוחלט בחדר.",רזולוציה: 1080p | ראיית לילה: כן | זיהוי תנועה: כן | אחסון: כרטיס זיכרון או ענן,https://placehold.co/600x600/f4f4f5/27272a/png?text=security%20camera
P0291,פעמון דלת חכם Ring עם וידאו ואינטרקום דו-כיווני,Ring,מוצרי חשמל לבית,בית חכם,פעמון דלת המצויד במצלמה וידאו ורמקול-מיקרופון המאפשרים שיחה עם המבקר בדלת ישירות מהטלפון גם כשאין איש בבית. שולח התראה מיידית עם תמונה בכל פעם שמישהו לוחץ על הפעמון או עובר ליד הדלת.,רזולוציה: 1080p | שדה ראייה: 155 מעלות | אינטרקום: דו-כיווני | הפעלה: סוללה או חיווט,https://placehold.co/600x600/f4f4f5/27272a/png?text=video%20doorbell
P0292,תרמוסטט חכם Honeywell לבקרת מיזוג מרחוק,Honeywell,מוצרי חשמל לבית,בית חכם,"תרמוסטט חכם המתחבר למערכת המיזוג הביתית ומאפשר קביעת טמפרטורת יעד מרחוק דרך אפליקציה, כולל למידת הרגלי השימוש והתאמת לוח זמנים אוטומטי בהתאם. מציג נתוני צריכת אנרגיה חודשיים להשוואה בין תקופות.",חיבור: Wi-Fi | תאימות מערכות: רוב יצרני המיזוג | לוח זמנים: אוטומטי | תצוגה: מגע,https://placehold.co/600x600/f4f4f5/27272a/png?text=smart%20thermostat
P0293,שעון שבת חכם לדוד שמש עם שליטה באפליקציה,Aqara,מוצרי חשמל לבית,בית חכם,"מתקן חכם המתחבר לדוד החשמל הקיים ומאפשר הדלקה וכיבוי מרחוק דרך אפליקציה, כך שניתן להפעיל את הדוד לפני ההגעה הביתה ולחסוך בחשמל בשעות שאין בהן שימוש. תומך בתזמון קבוע לפי ימות השבוע.",זרם מקסימלי: 16A | חיבור: Wi-Fi | תזמון שבועי: כן | התקנה: על לוח החשמל,https://placehold.co/600x600/f4f4f5/27272a/png?text=smart%20switch
P0294,מצלמת אבטחה חיצונית TP-Link עמידה במים,TP-Link,מוצרי חשמל לבית,בית חכם,"מצלמה חיצונית עמידה בפני גשם ואבק המתאימה להתקנה מעל דלת הכניסה או בחצר הבית, עם זיהוי תנועה חכם המבחין בין בני אדם לבין חתולים או עלים נופלים. ראיית לילה בטווח בינוני ושמירת קטעים בענן או בכרטיס זיכרון מקומי.",דירוג עמידות: IP65 | רזולוציה: 2K | זיהוי אדם: כן | ראיית לילה: עד 15 מטר,https://placehold.co/600x600/f4f4f5/27272a/png?text=outdoor%20security%20camera
P0295,נורת LED חכמה שיאומי עם תזמון והפעלה קולית,Xiaomi,מוצרי חשמל לבית,בית חכם,"נורה חכמה קלה להתקנה בכל מנורה ביתית רגילה, מאפשרת שינוי עוצמת תאורה וגוון לבן חם או קר לפי מצב רוח או שעת היום. תזמון אוטומטי מדליק את האור בהדרגה כדי לסייע בהתעוררות בבוקר.",הספק: 8W | תואם עוזרים קוליים: כן | חיבור: Wi-Fi | תזמון הדרגתי: כן,https://placehold.co/600x600/f4f4f5/27272a/png?text=smart%20bulb
P0296,שקע חכם Aqara תואם עוזרים קוליים,Aqara,מוצרי חשמל לבית,בית חכם,שקע חכם קומפקטי המאפשר הפעלת מכשירי חשמל רגילים כמו מאווררים ותאורת רצפה באמצעות פקודה קולית או מהטלפון. מגן פנימי מונע עומס יתר וכיבוי אוטומטי אם זוהתה תקלה במכשיר המחובר.,הספק מקסימלי: 2500W | תואם עוזרים קוליים: כן | הגנת עומס יתר: כן | חיבור: Wi-Fi,https://placehold.co/600x600/f4f4f5/27272a/png?text=smart%20plug
P0297,פעמון דלת חכם שיאומי עם התראות בזמן אמת,Xiaomi,מוצרי חשמל לבית,בית חכם,"פעמון דלת חכם ותקציבי המשדר תמונה חיה לטלפון בעת לחיצה על הפעמון, מתאים כפתרון כניסה לבתים המעוניינים בשדרוג אבטחה בסיסי ללא התקנה מורכבת. פועל על סוללה נטענת הנמשכת מספר חודשים בשימוש רגיל.",רזולוציה: 720p | הפעלה: סוללה נטענת | התראות: בזמן אמת לטלפון | שדה ראייה: 120 מעלות,https://placehold.co/600x600/f4f4f5/27272a/png?text=video%20doorbell
P0298,חיישן דלת וחלון חכם Aqara למערכת אבטחה ביתית,Aqara,מוצרי חשמל לבית,בית חכם,חיישן מגנטי קטן המותקן על דלת או חלון ושולח התראה מיידית לטלפון בכל פתיחה כשמצב האבטחה בבית פעיל. סוללה פנימית מחזיקה מעמד זמן רב וניתן לשלב מספר חיישנים תחת אפליקציה אחת לניהול מלא של הבית.,חיבור: Zigbee | סוללה: עד שנתיים | משקל: 10 גרם | תואם מערכת בית חכם: כן,https://placehold.co/600x600/f4f4f5/27272a/png?text=door%20window%20sensor
P0299,מצלמת אבטחה פנימית Ring עם שיחה דו-כיוונית,Ring,מוצרי חשמל לבית,בית חכם,"מצלמת אבטחה ביתית המאפשרת צפייה חיה ושיחה דו-כיוונית עם מי שבבית, שימושית למעקב אחר ילדים או חיות מחמד במהלך היום מהעבודה. סיבוב ראש אלקטרוני מאפשר כיסוי רחב של החדר ללא צורך בהזזת המצלמה עצמה.",רזולוציה: 1080p | סיבוב ראש: אנכי ואופקי | אינטרקום: דו-כיווני | חיבור: Wi-Fi,https://placehold.co/600x600/f4f4f5/27272a/png?text=indoor%20security%20camera
P0300,שקע חכם קומפקטי לתזמון מכשירי חשמל,TP-Link,מוצרי חשמל לבית,בית חכם,"שקע חכם בגודל קטן שאינו חוסם שקע סמוך בלוח החשמל, מאפשר תזמון הדלקה וכיבוי של מכשירים כמו מכונת קפה או תאורת גינה. נשלט מהטלפון גם מחוץ לבית כל עוד יש חיבור לאינטרנט.",הספק מקסימלי: 2000W | חיבור: Wi-Fi | גודל: קומפקטי | תזמון: יומי ושבועי,https://placehold.co/600x600/f4f4f5/27272a/png?text=smart%20plug
P0301,מחשב נייד 14 אינץ' i5 16GB RAM,Lenovo,מחשבים ועבודה מהבית,מחשבים ניידים וטאבלטים,"מחשב נייד קומפקטי עם מעבד Core i5 מדור עדכני, 16GB זיכרון RAM ו-SSD מהיר לעבודה שוטפת, גלישה ומולטימדיה. מסך מט 14 אינץ' מפחית סינוור, משקל קל לנשיאה יומיומית וסוללה שמחזיקה יום עבודה מלא. כולל יציאות USB-C ו-HDMI.",מעבד: Intel Core i5 | זיכרון: 16GB | אחסון: 512GB SSD | גודל מסך: 14 אינץ' | משקל: 1.4 ק״ג,https://placehold.co/600x600/f4f4f5/27272a/png?text=laptop
P0302,מחשב נייד 15.6 אינץ' i7 SSD,Dell,מחשבים ועבודה מהבית,מחשבים ניידים וטאבלטים,"מחשב נייד ביצועים עם מעבד Core i7, SSD מהיר לטעינה מיידית של תוכנות וקבצים, ומסך 15.6 אינץ' ברזולוציית Full HD. מתאים לריבוי משימות, גיליונות אלקטרוניים כבדים ותוכנות עיצוב קלות. מקלדת מוארת ומאוורר שקט יחסית.",מעבד: Intel Core i7 | אחסון: 512GB SSD | גודל מסך: 15.6 אינץ' | מערכת הפעלה: Windows 11,https://placehold.co/600x600/f4f4f5/27272a/png?text=laptop%20computer
P0303,מחשב נייד אולטרה-בוק קל משקל 13 אינץ',ASUS,מחשבים ועבודה מהבית,מחשבים ניידים וטאבלטים,"אולטרה-בוק דק ב-13 אינץ' במשקל של פחות מקילו, גוף מתכת עמיד ומראה עסקי מוקפד. מתאים לנסיעות תכופות ופגישות מחוץ למשרד בזכות סוללה ארוכת טווח וזמן טעינה קצר.",משקל: 0.98 ק״ג | גודל מסך: 13 אינץ' | סוללה: עד 14 שעות | חומר: מתכת,https://placehold.co/600x600/f4f4f5/27272a/png?text=ultrabook
P0304,מחשב נייד גיימינג 17 אינץ' עם כרטיס מסך נפרד,HP,מחשבים ועבודה מהבית,מחשבים ניידים וטאבלטים,"מחשב נייד גיימינג עוצמתי עם מסך 17.3 אינץ' ברענון גבוה, כרטיס מסך נפרד וזיכרון RAM מוגדל לניהול חלק של משחקים ותוכנות כבדות. מערכת קירור כפולה שומרת על ביצועים יציבים גם תחת עומס ממושך, ומקלדת עם תאורת RGB ניתנת להתאמה.",גודל מסך: 17.3 אינץ' | קצב רענון: 144Hz | כרטיס מסך: נפרד ייעודי | זיכרון: 16GB,https://placehold.co/600x600/f4f4f5/27272a/png?text=gaming%20laptop
P0305,מחשב נייד MacBook Air 13 אינץ',Apple,מחשבים ועבודה מהבית,מחשבים ניידים וטאבלטים,"מחשב נייד דק וקל עם שבב Apple, מסך Liquid Retina ואיכות בנייה מתכתית. סוללה שמחזיקה יום שלם, ללא מאוורר ולכן פועל בשקט מוחלט. מתאים לעבודה שוטפת, עריכת תמונות קלה וגלישה.",מסך: Liquid Retina 13.6 אינץ' | זיכרון: 8GB | אחסון: 256GB SSD,https://placehold.co/600x600/f4f4f5/27272a/png?text=macbook
P0306,מחשב נייד MacBook Pro 14 אינץ',Apple,מחשבים ועבודה מהבית,מחשבים ניידים וטאבלטים,"מחשב נייד מקצועי עם מסך Liquid Retina XDR חד ובהיר במיוחד, מותאם לעריכת וידאו, פיתוח תוכנה ועבודה גרפית מתקדמת. ביצועים גבוהים לצד סוללה ארוכת טווח ומגוון יציאות לחיבור אביזרים.",מסך: 14.2 אינץ' XDR | זיכרון: 16GB | אחסון: 512GB SSD | יציאות: Thunderbolt,https://placehold.co/600x600/f4f4f5/27272a/png?text=macbook%20pro
P0307,טאבלט 10.9 אינץ' עם מקלדת נלווית,Samsung,מחשבים ועבודה מהבית,מחשבים ניידים וטאבלטים,"טאבלט בגודל נוח לצפייה ועבודה, עם אפשרות לחיבור מקלדת מגנטית והפיכתו למעין מחשב נייד קל משקל. מסך חד לצפייה בסרטונים וקריאת מסמכים, וסוללה שמחזיקה מעל 10 שעות שימוש רציף.",גודל מסך: 10.9 אינץ' | אחסון: 128GB | סוללה: עד 12 שעות | חיבור: Wi-Fi,https://placehold.co/600x600/f4f4f5/27272a/png?text=tablet
P0308,טאבלט iPad עם תמיכה ב-Apple Pencil,Apple,מחשבים ועבודה מהבית,מחשבים ניידים וטאבלטים,"טאבלט רב-תכליתי לרישום, עריכת מסמכים וצפייה במדיה, עם תמיכה בעט דיגיטלי הנמכר בנפרד. מסך בהיר וחד, גוף אלומיניום דק וזמן טעינה מהיר.",גודל מסך: 10.9 אינץ' | אחסון: 64GB | חיבור: Wi-Fi,https://placehold.co/600x600/f4f4f5/27272a/png?text=ipad
P0309,מחשב נייד 2-ב-1 מתקפל עם מסך מגע,Lenovo,מחשבים ועבודה מהבית,מחשבים ניידים וטאבלטים,"מחשב היברידי שמתקפל ל-360 מעלות והופך מנייד רגיל לטאבלט מסך מגע בתנועה אחת. כולל עט דיגיטלי לרישום הערות, מסך מבריק ותאורה אחורית למקלדת. אפשרות עבודה בעמידה, ישיבה או שכיבה בזכות הגמישות של הציר.",גודל מסך: 14 אינץ' מגע | זיכרון: 16GB | אחסון: 512GB SSD,https://placehold.co/600x600/f4f4f5/27272a/png?text=convertible%20laptop
P0310,מיני מחשב נייד Chromebook 11.6 אינץ',Acer,מחשבים ועבודה מהבית,מחשבים ניידים וטאבלטים,"מחשב נייד קטן וקל המבוסס על מערכת ChromeOS, אתחול מהיר וסוללה שמחזיקה יום שלם. מתאים לשימוש בסיסי כמו גלישה, דואר אלקטרוני ועבודה במסמכי גוגל. מחיר נגיש וגוף עמיד לשימוש יומיומי.",גודל מסך: 11.6 אינץ' | אחסון: 64GB | מערכת הפעלה: ChromeOS | משקל: 1.2 ק״ג,https://placehold.co/600x600/f4f4f5/27272a/png?text=chromebook
P0311,מחשב נייד עסקי 14 אינץ' עם קורא טביעת אצבע,HP,מחשבים ועבודה מהבית,מחשבים ניידים וטאבלטים,"מחשב נייד מדגם עסקי עם אבטחה מוגברת הכוללת קורא טביעת אצבע ומצלמת פרטיות נשלטת, לצד גוף עמיד בתקן צבאי. מתאים לעובדים ניידים הזקוקים לאמינות גבוהה ותמיכה ארוכת טווח.",מעבד: Intel Core i5 | אחסון: 256GB SSD | אבטחה: קורא טביעת אצבע | גודל מסך: 14 אינץ',https://placehold.co/600x600/f4f4f5/27272a/png?text=business%20laptop
P0312,טאבלט אנדרואיד 11 אינץ' לעבודה ובידור,Lenovo,מחשבים ועבודה מהבית,מחשבים ניידים וטאבלטים,"טאבלט גדול ונוח עם רמקולים כפולים ומסך בהיר, מתאים לצפייה בסרטים, קריאת ספרים דיגיטליים וגלישה. תומך בכרטיס זיכרון להרחבת האחסון וכולל סוללה לשימוש ממושך.",גודל מסך: 11 אינץ' | אחסון: 128GB | מערכת הפעלה: Android | סוללה: עד 10 שעות,https://placehold.co/600x600/f4f4f5/27272a/png?text=android%20tablet
P0313,מחשב נייד דק וקל 13.3 אינץ' עם מסך מגע,Microsoft,מחשבים ועבודה מהבית,מחשבים ניידים וטאבלטים,"מחשב נייד דק במיוחד עם מסך מגע רגיש ותצוגה חדה, גוף מתכת איכותי ומקלדת נעימה להקלדה. מצלמה קדמית תומכת בזיהוי פנים לכניסה מהירה למערכת.",גודל מסך: 13.3 אינץ' מגע | זיכרון: 8GB | אחסון: 256GB SSD,https://placehold.co/600x600/f4f4f5/27272a/png?text=touchscreen%20laptop
P0314,מסך מחשב 27 אינץ' Full HD,LG,מחשבים ועבודה מהבית,מסכים ואביזרי תצוגה,מסך מחשב 27 אינץ' ברזולוציית Full HD עם מסגרות דקות ותצוגה חדה לעבודה משרדית וגלישה. כולל יציאות HDMI ו-VGA וכן אפשרות הרכבה על זרוע תואמת VESA.,"גודל: 27 אינץ' | רזולוציה: 1920x1080 | קצב רענון: 75Hz | חיבור: HDMI, VGA",https://placehold.co/600x600/f4f4f5/27272a/png?text=monitor
P0315,מסך מחשב 32 אינץ' 4K,Samsung,מחשבים ועבודה מהבית,מסכים ואביזרי תצוגה,"מסך גדול ברזולוציית 4K המספק חדות גבוהה לעבודה עם גיליונות, עריכת תמונות וצפייה במדיה. פאנל IPS עם זוויות צפייה רחבות וכיסוי צבעים נרחב, מתאים גם לעיצוב גרפי בסיסי.","גודל: 32 אינץ' | רזולוציה: 3840x2160 | סוג פאנל: IPS | חיבור: HDMI, DisplayPort",https://placehold.co/600x600/f4f4f5/27272a/png?text=4k%20monitor
P0316,מסך משחקים 27 אינץ' 144Hz,ASUS,מחשבים ועבודה מהבית,מסכים ואביזרי תצוגה,"מסך גיימינג עם קצב רענון גבוה וזמן תגובה מהיר, מתאים למשחקי אקשן ותחרותיים. תמיכה בטכנולוגיית סנכרון תמונה למניעת קריעות מסך, ועיצוב מקצועי עם תאורה אחורית.",גודל: 27 אינץ' | קצב רענון: 144Hz | זמן תגובה: 1ms | רזולוציה: 1920x1080,https://placehold.co/600x600/f4f4f5/27272a/png?text=gaming%20monitor
P0317,מסך נייד 15.6 אינץ' USB-C,Ugreen,מחשבים ועבודה מהבית,מסכים ואביזרי תצוגה,"מסך נייד קל ודק המתחבר למחשב נייד או לטלפון באמצעות כבל USB-C יחיד, מושלם להרחבת שולחן העבודה בנסיעות או בישיבות מחוץ למשרד. מגיע עם כיסוי מגן המשמש גם כמעמד.",גודל: 15.6 אינץ' | רזולוציה: 1920x1080 | חיבור: USB-C | משקל: 0.8 ק״ג,https://placehold.co/600x600/f4f4f5/27272a/png?text=portable%20monitor
P0318,זרוע חיבור למסך מתכווננת,Ergotron,מחשבים ועבודה מהבית,מסכים ואביזרי תצוגה,"זרוע הרכבה למסך מחשב המאפשרת שינוי גובה, זווית והטיה בקלות, ומפנה מקום על השולחן. מתאימה לרוב המסכים בתקן VESA ונתמכת בהרכבה על שולחן או קיר.",תאימות: VESA 75/100 | טווח נשיאה: עד 9 ק״ג | סוג הרכבה: מהדק שולחן,https://placehold.co/600x600/f4f4f5/27272a/png?text=monitor%20arm
P0319,עמדת הגבהה למחשב נייד מאלומיניום,Ugreen,מחשבים ועבודה מהבית,מסכים ואביזרי תצוגה,"מעמד אלומיניום למחשב נייד המגביה את המסך לגובה עיניים ומשפר את זרימת האוויר לקירור. מתקפל בקלות לנשיאה בתיק, ומתאים לרוב גדלי המחשבים הניידים.",חומר: אלומיניום | תאימות: 11-17 אינץ' | משקל: 0.6 ק״ג,https://placehold.co/600x600/f4f4f5/27272a/png?text=laptop%20stand
P0320,תחנת עגינה (docking station) USB-C,Dell,מחשבים ועבודה מהבית,מסכים ואביזרי תצוגה,"תחנת עגינה המאפשרת חיבור מסך אחד או שניים, רשת קווית, אודיו ואביזרי USB למחשב נייד באמצעות כבל יחיד. הופכת את ההתחברות לעמדת עבודה קבועה לפעולה של חיבור אחד בלבד.","יציאות: HDMI, DisplayPort, USB-A, Ethernet | הספק טעינה: 90W | חיבור למחשב: USB-C",https://placehold.co/600x600/f4f4f5/27272a/png?text=docking%20station
P0321,רכזת USB-C 7 יציאות,Anker,מחשבים ועבודה מהבית,מסכים ואביזרי תצוגה,"רכזת קומפקטית המרחיבה יציאה אחת של USB-C למגוון חיבורים כולל HDMI, USB-A, כרטיס זיכרון וטעינה. מתאימה למחשבים ניידים דקים החסרים יציאות מספיקות.",יציאות: 7 | פלט וידאו: HDMI 4K | חיבור: USB-C,https://placehold.co/600x600/f4f4f5/27272a/png?text=usb%20hub
P0322,מסך קעור 34 אינץ' Ultrawide,LG,מחשבים ועבודה מהבית,מסכים ואביזרי תצוגה,מסך קעור רחב במיוחד המחליף שימוש בשני מסכים נפרדים ומאפשר עבודה נוחה עם מספר חלונות זה לצד זה. פאנל IPS עם כיסוי צבעים גבוה ותמיכה ברזולוציית WQHD.,"גודל: 34 אינץ' | רזולוציה: 3440x1440 | עקמומיות: 1900R | חיבור: HDMI, DisplayPort, USB-C",https://placehold.co/600x600/f4f4f5/27272a/png?text=ultrawide%20monitor
P0323,זרוע כפולה למסכים,Ergotron,מחשבים ועבודה מהבית,מסכים ואביזרי תצוגה,"זרוע הרכבה לשני מסכים במקביל, עם אפשרות כיוון עצמאי לכל מסך. מתאימה למי שעובד עם ריבוי חלונות ותוכנות ומעוניין לפנות מקום על השולחן.",תאימות: VESA 75/100 | מספר מסכים: 2 | סוג הרכבה: מהדק שולחן,https://placehold.co/600x600/f4f4f5/27272a/png?text=dual%20monitor%20arm
P0324,עמדת הגבהה למחשב נייד מעץ,,מחשבים ועבודה מהבית,מסכים ואביזרי תצוגה,"מעמד עץ טבעי למחשב נייד בעיצוב נקי ומינימליסטי, מגביה את המסך לזווית צפייה נוחה יותר. בסיס יציב עם פתחי אוורור למניעת התחממות יתר.",חומר: עץ מלא | תאימות: 10-16 אינץ' | משקל: 0.9 ק״ג,https://placehold.co/600x600/f4f4f5/27272a/png?text=wooden%20laptop%20stand
P0325,מסך מגע 24 אינץ' Full HD,Dell,מחשבים ועבודה מהבית,מסכים ואביזרי תצוגה,"מסך מגע בגודל 24 אינץ' המאפשר אינטראקציה ישירה עם המסך לצד עבודה רגילה עם עכבר ומקלדת. מתאים לתוכנות ניהול, מצגות ושימוש משולב.","גודל: 24 אינץ' | רזולוציה: 1920x1080 | סוג מגע: Capacitive | חיבור: HDMI, USB-C",https://placehold.co/600x600/f4f4f5/27272a/png?text=touchscreen%20monitor
P0326,רכזת USB-C עם HDMI ו-Ethernet,Ugreen,מחשבים ועבודה מהבית,מסכים ואביזרי תצוגה,"רכזת מולטימדיה קומפקטית המספקת יציאת HDMI, יציאת רשת קווית ושתי יציאות USB-A מיציאת USB-C אחת. פתרון פשוט למחשבים ניידים דקים בעמדת עבודה קבועה.","יציאות: HDMI, Ethernet, USB-A | פלט וידאו: 4K30Hz | חיבור: USB-C",https://placehold.co/600x600/f4f4f5/27272a/png?text=usb%20c%20hub
P0327,מקלדת מכנית אלחוטית,Keychron,מחשבים ועבודה מהבית,מקלדות ועכברים,"מקלדת מכנית עם מתגים ניתנים להחלפה, חיבור אלחוטי ל-Bluetooth וגם כבל USB-C לגיבוי. תאורה אחורית לבנה ניתנת לעמעום, ותמיכה במספר מכשירים במקביל עם מעבר מהיר ביניהם.","סוג מתגים: מכני | חיבור: Bluetooth, USB-C | תאורה: לבנה | תאימות: Windows, macOS",https://placehold.co/600x600/f4f4f5/27272a/png?text=mechanical%20keyboard
P0328,מקלדת שקטה עם משטח מספרי,Logitech,מחשבים ועבודה מהבית,מקלדות ועכברים,"מקלדת ממברנה שקטה במיוחד עם משטח מספרי מלא, מתאימה לעבודה במשרד משותף או בשעות מנוחה. חיבור אלחוטי יציב וסוללה שמחזיקה חודשים ארוכים.",סוג: ממברנה שקטה | חיבור: אלחוטי 2.4GHz | סוללה: עד 24 חודשים | פריסה: עברית-אנגלית,https://placehold.co/600x600/f4f4f5/27272a/png?text=quiet%20keyboard
P0329,עכבר אנכי ארגונומי אלחוטי,Logitech,מחשבים ועבודה מהבית,מקלדות ועכברים,"עכבר בעיצוב אנכי המפחית עומס על שורש כף היד ואמת היד לאורך שעות עבודה ממושכות. חיבור אלחוטי יציב וגלגלת גלילה שקטה, מתאים למי שסובל מכאבים בפרק כף היד.","עיצוב: אנכי | חיבור: Bluetooth, USB | רזולוציה: 4000 DPI | סוללה: נטענת",https://placehold.co/600x600/f4f4f5/27272a/png?text=vertical%20mouse
P0330,עכבר גיימינג קווי,Razer,מחשבים ועבודה מהבית,מקלדות ועכברים,"עכבר גיימינג מדויק עם חיישן אופטי ברמת ביצועים גבוהה, כפתורים ניתנים לתכנות ותאורת RGB. מתאים לשחקנים תחרותיים הזקוקים לזמן תגובה מהיר ואמינות מרבית.",חיישן: אופטי | רזולוציה: 26000 DPI | כפתורים: 8 | תאורה: RGB,https://placehold.co/600x600/f4f4f5/27272a/png?text=gaming%20mouse
P0331,משטח תמיכה לפרק כף היד למקלדת,ErgoComfort,מחשבים ועבודה מהבית,מקלדות ועכברים,משטח ג'ל רך התומך בפרק כף היד בזמן הקלדה ומפחית לחץ על מפרקים ועצבים. בסיס לא מחליק ועיצוב נמוך פרופיל שמתאים לרוב המקלדות.,חומר: ג'ל | אורך: 43 ס״מ | תאימות: מקלדות סטנדרטיות ומיני,https://placehold.co/600x600/f4f4f5/27272a/png?text=wrist%20rest
P0332,משטח תמיכה לעכבר עם ג'ל,ErgoComfort,מחשבים ועבודה מהבית,מקלדות ועכברים,"משטח עכבר עם כרית ג'ל לתמיכה בפרק כף היד, משטח החלקה חלק לתנועה מדויקת ובסיס גומי יציב שלא מחליק על השולחן.",חומר: ג'ל וגומי | מידות: 24x20 ס״מ,https://placehold.co/600x600/f4f4f5/27272a/png?text=mouse%20pad
P0333,מקלדת ועכבר סט אלחוטי,Microsoft,מחשבים ועבודה מהבית,מקלדות ועכברים,"סט מקלדת ועכבר אלחוטי בעיצוב עסקי נקי, כולל מקלט USB יחיד לשני המכשירים ומתגי הפעלה וכיבוי לחיסכון בסוללה. מתאים לעמדת עבודה ביתית או משרדית.",חיבור: אלחוטי 2.4GHz | סוללה: AA כלולות | פריסה: עברית-אנגלית,https://placehold.co/600x600/f4f4f5/27272a/png?text=keyboard%20mouse%20set
P0334,עכבר טראקבול ארגונומי,Logitech,מחשבים ועבודה מהבית,מקלדות ועכברים,"עכבר טראקבול המופעל בעזרת אגודל במקום תנועת כף היד כולה, ומאפשר עבודה מדויקת בשטח שולחן מצומצם. מתאים למי שמחפש חלופה ארגונומית לעכבר קלאסי.","עיצוב: טראקבול | חיבור: Bluetooth, USB | סוללה: נטענת | רזולוציה: 4000 DPI",https://placehold.co/600x600/f4f4f5/27272a/png?text=trackball%20mouse
P0335,מקלדת מכנית עם תאורת RGB,Razer,מחשבים ועבודה מהבית,מקלדות ועכברים,"מקלדת מכנית מלאה עם תאורת RGB הניתנת לתכנות לכל מקש בנפרד, מתגים מהירים לתגובה מיידית וגוף אלומיניום עמיד. כוללת משטח תמיכה לפרק כף היד נשלף.",סוג מתגים: מכני מהיר | תאורה: RGB לכל מקש | חיבור: USB | גוף: אלומיניום,https://placehold.co/600x600/f4f4f5/27272a/png?text=rgb%20keyboard
P0336,עכבר קומפקטי אלחוטי לנסיעות,HP,מחשבים ועבודה מהבית,מקלדות ועכברים,"עכבר קטן וקל לנשיאה בתיק, נטען ב-USB-C. מתאים למי שנוסע הרבה וזקוק לעכבר חלופי לעכבר המגע של המחשב הנייד.",חיבור: Bluetooth | סוללה: נטענת USB-C | משקל: 90 גרם,https://placehold.co/600x600/f4f4f5/27272a/png?text=travel%20mouse
P0337,מקלדת מפוצלת ארגונומית,Microsoft,מחשבים ועבודה מהבית,מקלדות ועכברים,מקלדת בעיצוב מפוצל המפזר את הידיים לרוחב הכתפיים ומפחית מתח בשורש כף היד ובצוואר. משטח כפות ידיים מובנה ורגליים מתכווננות לזווית נוחה.,עיצוב: מפוצל ארגונומי | חיבור: USB | פריסה: עברית-אנגלית,https://placehold.co/600x600/f4f4f5/27272a/png?text=split%20keyboard
P0338,משטח עכבר מורחב לשולחן עבודה,Logitech,מחשבים ועבודה מהבית,מקלדות ועכברים,משטח עכבר גדול המכסה שטח נרחב של השולחן ומאפשר תנועה חופשית גם למקלדת. משטח בד עמיד עם בסיס גומי אנטי-החלקה.,מידות: 90x30 ס״מ | חומר: בד וגומי,https://placehold.co/600x600/f4f4f5/27272a/png?text=desk%20mat
P0339,מצלמת רשת Full HD עם מיקרופון מובנה,Logitech,מחשבים ועבודה מהבית,שיחות וידאו ואודיו למשרד,מצלמת רשת ברזולוציית Full HD עם מיקרופון סטריאו מובנה ותיקון תאורה אוטומטי לשיחות וידאו ברורות. מתחברת ב-USB פשוט ותומכת בכל תוכנות הוועידה הנפוצות.,רזולוציה: 1080p | פריימרייט: 30fps | מיקרופון: סטריאו מובנה | חיבור: USB,https://placehold.co/600x600/f4f4f5/27272a/png?text=webcam
P0340,מצלמת רשת 4K עם כיסוי פרטיות,Logitech,מחשבים ועבודה מהבית,שיחות וידאו ואודיו למשרד,"מצלמת רשת ברזולוציית 4K עם עדשה איכותית ותיקון תאורה אוטומטי, כוללת כיסוי פרטיות נשלף לחסימת העדשה כשאינה בשימוש. מתאימה למרצים, מנחי וובינרים ועובדים שמבצעים שיחות וידאו רבות.",רזולוציה: 4K | שדה ראייה: 90 מעלות | חיבור: USB-C | כיסוי פרטיות: כלול,https://placehold.co/600x600/f4f4f5/27272a/png?text=4k%20webcam
P0341,אוזניות עם מיקרופון לשיחות ועידה,Jabra,מחשבים ועבודה מהבית,שיחות וידאו ואודיו למשרד,"אוזניות קלות משקל עם מיקרופון בעל ביטול רעשי רקע, מתאימות לשיחות ועידה ארוכות. ריפוד רך על האוזניים ובקרת שיחה מובנית לענידה נוחה לאורך היום.","חיבור: USB, Bluetooth | מיקרופון: עם ביטול רעשים | סוללה: עד 14 שעות",https://placehold.co/600x600/f4f4f5/27272a/png?text=headset
P0342,אוזניות אלחוטיות עם ביטול רעשים לעבודה,Poly,מחשבים ועבודה מהבית,שיחות וידאו ואודיו למשרד,"אוזניות אוזן מלאה עם ביטול רעשים אקטיבי, מתאימות למשרדי open space רועשים ולשיחות ועידה תכופות. מתחברות ל-Bluetooth ולמתאם USB ייעודי במקביל לשני מכשירים.",ביטול רעשים: אקטיבי | חיבור: Bluetooth ו-USB | סוללה: עד 20 שעות,https://placehold.co/600x600/f4f4f5/27272a/png?text=noise%20cancelling%20headset
P0343,רמקול ועידה למשרד עם מיקרופון 360 מעלות,Jabra,מחשבים ועבודה מהבית,שיחות וידאו ואודיו למשרד,"רמקול ועידה קומפקטי לחדרי ישיבות קטנים ובינוניים, עם מיקרופון היקפי הקולט קול מכל כיוון בחדר. חיבור USB או Bluetooth למחשב, ותפעול פשוט בלחיצת כפתור לענייה ולניתוק.","כיסוי מיקרופון: עד 5 מטר | חיבור: USB, Bluetooth | רמקול: כיוונים מרובים",https://placehold.co/600x600/f4f4f5/27272a/png?text=conference%20speakerphone
P0344,טבעת תאורה לשיחות וידאו,,מחשבים ועבודה מהבית,שיחות וידאו ואודיו למשרד,"טבעת תאורת LED להארה אחידה של הפנים בשיחות וידאו ובהקלטות. שלוש רמות עוצמה וגוני צבע ניתנים לכיוון, עם מעמד לטלפון או למצלמה במרכז הטבעת.",קוטר: 26 ס״מ | חיבור: USB | גווני אור: 3 | מעמד טלפון: כלול,https://placehold.co/600x600/f4f4f5/27272a/png?text=ring%20light
P0345,מיקרופון USB לשידור ולהקלטה,Blue Microphones,מחשבים ועבודה מהבית,שיחות וידאו ואודיו למשרד,"מיקרופון USB איכותי לפודקאסטים, הקלטות קוליות ושיחות וידאו מקצועיות. תבנית קליטה ניתנת לבחירה, זרוע מתכווננת בנפרד ומסנן רוח קל להפחתת רעשי נשיפה.",חיבור: USB | תבניות קליטה: 4 | דגימה: 48kHz | סטנד: שולחני,https://placehold.co/600x600/f4f4f5/27272a/png?text=usb%20microphone
P0346,אוזניות עסקיות עם חיבור Bluetooth ו-USB,Poly,מחשבים ועבודה מהבית,שיחות וידאו ואודיו למשרד,"אוזניות עסקיות קלות עם זרוע מיקרופון גמישה, מתאימות לשיחות טלפון ווידאו לסירוגין לאורך יום העבודה. תואמות למתגי Bluetooth ולמתאם USB במקביל.","חיבור: Bluetooth, USB | משקל: 70 גרם | סוללה: עד 13 שעות",https://placehold.co/600x600/f4f4f5/27272a/png?text=office%20headset
P0347,מצלמת רשת עם מעקב אוטומטי לפגישות,Logitech,מחשבים ועבודה מהבית,שיחות וידאו ואודיו למשרד,"מצלמת רשת מתקדמת הממקדת ועוקבת אוטומטית אחרי הדובר בחדר, מתאימה לחדרי ישיבות קטנים עם מספר משתתפים. זווית צילום רחבה וזום דיגיטלי חלק.",רזולוציה: 1080p | שדה ראייה: 120 מעלות | מעקב אוטומטי: כן | חיבור: USB,https://placehold.co/600x600/f4f4f5/27272a/png?text=meeting%20camera
P0348,סטנד למיקרופון עם זרוע מתכווננת,SoundStand,מחשבים ועבודה מהבית,שיחות וידאו ואודיו למשרד,"זרוע מתכווננת להצבת מיקרופון על קצה השולחן, עם מנגנון קפיצים לביטול רעידות ותנועות פתאומיות. מתאימה לרוב המיקרופונים בעלי הברגה סטנדרטית.",סוג הרכבה: מהדק שולחן | אורך זרוע: 55 ס״מ | תאימות הברגה: 5/8 אינץ',https://placehold.co/600x600/f4f4f5/27272a/png?text=microphone%20arm
P0349,אוזניות מונו לקול צלול בשיחות,Jabra,מחשבים ועבודה מהבית,שיחות וידאו ואודיו למשרד,"אוזניה בודדת לאוזן אחת עם מיקרופון בעל ביטול רעשים, מתאימה לעובדי מוקד ולמי שצריך להישאר קשוב לסביבה תוך כדי שיחה. וו אוזן גמיש להתאמה אישית.",חיבור: Bluetooth | סוללה: עד 11 שעות | עיצוב: מונו עם וו אוזן,https://placehold.co/600x600/f4f4f5/27272a/png?text=mono%20headset
P0350,רמקול Bluetooth קטן לשולחן העבודה,Anker,מחשבים ועבודה מהבית,שיחות וידאו ואודיו למשרד,רמקול קומפקטי לשולחן העבודה עם צליל נקי ובאסים מורגשים ביחס לגודלו. מתחבר ב-Bluetooth למחשב או לטלפון ומחזיק סוללה למשך שעות ארוכות של האזנה.,חיבור: Bluetooth 5.0 | סוללה: עד 12 שעות | הספק: 6W,https://placehold.co/600x600/f4f4f5/27272a/png?text=bluetooth%20speaker
P0351,כיסא משרדי ארגונומי עם תמיכה לגב תחתון,Herman Miller,מחשבים ועבודה מהבית,ריהוט ארגונומי,"כיסא משרדי מתקדם עם רשת נושמת, תמיכה מובנית לגב התחתון ומשענות יד מתכווננות בכל הכיוונים. מנגנון הטיה סינכרוני שעוקב אחר תנועות הגוף, מתאים לישיבה ממושכת מול המחשב.",חומר ריפוד: רשת | תמיכה לגב תחתון: מתכווננת | משענות יד: 4D | עומס מקסימלי: 130 ק״ג,https://placehold.co/600x600/f4f4f5/27272a/png?text=office%20chair
P0352,כיסא משרדי רשת מתכוונן,DeskWorks,מחשבים ועבודה מהבית,ריהוט ארגונומי,"כיסא משרדי עם משענת רשת מאווררת, גובה מושב מתכוונן ותמיכת מותניים נשלפת. מתאים לשעות עבודה ארוכות מול המסך בזכות פיזור לחץ אחיד על הגב.",חומר: רשת | תמיכת מותניים: נשלפת | גלגלים: 5 | עומס מקסימלי: 120 ק״ג,https://placehold.co/600x600/f4f4f5/27272a/png?text=mesh%20office%20chair
P0353,שולחן עמידה חשמלי מתכוונן גובה,Flexispot,מחשבים ועבודה מהבית,ריהוט ארגונומי,"שולחן עבודה חשמלי המאפשר מעבר בין ישיבה לעמידה בלחיצת כפתור, עם זיכרון לשמירת גבהים מועדפים. מנוע כפול ליציבות גם בעומס גבוה ומשטח עבודה מרווח.",טווח גובה: 60-125 ס״מ | הנעה: חשמלית כפולה | עומס מקסימלי: 80 ק״ג | זיכרון גבהים: 4,https://placehold.co/600x600/f4f4f5/27272a/png?text=standing%20desk
P0354,שולחן עמידה ידני עם מנגנון גז,Flexispot,מחשבים ועבודה מהבית,ריהוט ארגונומי,"שולחן עבודה עם מנגנון גז המאפשר כיוון גובה חלק וללא מאמץ בין ישיבה לעמידה. פתרון חסכוני יחסית לשולחנות עמידה חשמליים, מתאים לחללי עבודה ביתיים קטנים.",טווח גובה: 71-121 ס״מ | הנעה: מנגנון גז ידני | משטח: עץ מהודר,https://placehold.co/600x600/f4f4f5/27272a/png?text=adjustable%20desk
P0355,הדום לרגליים מתכוונן,ComfortPro,מחשבים ועבודה מהבית,ריהוט ארגונומי,"הדום פשוט לרגליים בגובה מתכוונן, מסייע לשמור על יציבה נכונה בישיבה ולהפחית לחץ על הברכיים והגב התחתון. משטח מרופד ובסיס יציב שלא מחליק.",גובה מתכוונן: 3 רמות | משטח: מרופד | חומר בסיס: פלסטיק קשיח,https://placehold.co/600x600/f4f4f5/27272a/png?text=footrest
P0356,כרית תמיכה לגב תחתון לכיסא,ErgoComfort,מחשבים ועבודה מהבית,ריהוט ארגונומי,"כרית ארגונומית לתמיכה בעקומת הגב התחתון, מיועדת לשימוש על כיסאות משרד או כיסאות רכב. רצועה מתכווננת להצמדה לכיסא וציפוי נשלף לכביסה.",חומר מילוי: קצף זיכרון | ציפוי: נשלף | רצועת חיבור: מתכווננת,https://placehold.co/600x600/f4f4f5/27272a/png?text=lumbar%20cushion
P0357,מנורת שולחן LED עם עמעום,Xiaomi,מחשבים ועבודה מהבית,ריהוט ארגונומי,"מנורת שולחן חכמה עם תאורת LED הניתנת לעמעום ולשינוי גוון אור, מתאימה לקריאה ולעבודה ליד המחשב. זרוע מתכווננת בכמה מפרקים וטעינת USB נוספת בבסיס.",סוג תאורה: LED | רמות עמעום: 5 | גווני אור: קר וחם | טעינת USB: כלולה,https://placehold.co/600x600/f4f4f5/27272a/png?text=desk%20lamp
P0358,כיסא משרדי מרופד עם משענות יד מתכווננות,DeskWorks,מחשבים ועבודה מהבית,ריהוט ארגונומי,"כיסא משרדי מרופד בד איכותי עם משענות יד הניתנות לכיוון גובה ורוחב. מנגנון נדנוד ונעילה בזוויות שונות, מתאים לעבודה ממושכת מול השולחן.",ריפוד: בד | משענות יד: מתכווננות | מנגנון: נדנוד עם נעילה,https://placehold.co/600x600/f4f4f5/27272a/png?text=padded%20office%20chair
P0359,הדום לרגליים מתנדנד עם עיסוי,ComfortPro,מחשבים ועבודה מהבית,ריהוט ארגונומי,"הדום לרגליים עם משטח מתנדנד המעודד תנועה קלה של כפות הרגליים לאורך היום, וגלגלות עיסוי מובנות להקלה על מתח בכפות הרגליים בזמן ישיבה ממושכת.",תנועה: מתנדנד | עיסוי: גלגלות מובנות | חומר: פלסטיק וגומי,https://placehold.co/600x600/f4f4f5/27272a/png?text=massage%20footrest
P0360,שולחן עמידה קומפקטי לניוד על שולחן קיים,Ergotron,מחשבים ועבודה מהבית,ריהוט ארגונומי,יחידת עמידה המונחת על שולחן קיים ומאפשרת הרמה מהירה של המקלדת והמסך למצב עמידה ללא צורך בשולחן ייעודי. מנגנון קפיץ לכיוון גובה חלק בלחיצה אחת.,טווח הרמה: 40 ס״מ | משטח עליון: מקלדת ומסך נפרדים | עומס מקסימלי: 15 ק״ג,https://placehold.co/600x600/f4f4f5/27272a/png?text=desktop%20riser
P0361,מנורת קריאה עם זרוע מתכווננת ותאורת LED,LumiDesk,מחשבים ועבודה מהבית,ריהוט ארגונומי,"מנורת שולחן עם זרוע ארוכה ומתכווננת, מספקת תאורה ממוקדת לאזור העבודה ללא הצללות. ראש התאורה מסתובב בזוויות שונות והמנורה נצמדת לשולחן בעזרת מהדק.",סוג הרכבה: מהדק שולחן | תאורה: LED | אורך זרוע: 60 ס״מ,https://placehold.co/600x600/f4f4f5/27272a/png?text=task%20lamp
P0362,כרית ישיבה אורתופדית לכיסא משרדי,ErgoComfort,מחשבים ועבודה מהבית,ריהוט ארגונומי,"כרית ג'ל ואוויר לישיבה ממושכת, מפזרת את משקל הגוף ומפחיתה לחץ נקודתי על עצם הזנב. מתאימה לכיסאות משרד, כיסאות רכב וכיסאות אוכל.",חומר: ג'ל וקצף | צורה: אורתופדית עם חתך | ציפוי: נשלף,https://placehold.co/600x600/f4f4f5/27272a/png?text=seat%20cushion
P0363,כיסא גיימינג עם תמיכה לגב ומשענת ראש,DeskWorks,מחשבים ועבודה מהבית,ריהוט ארגונומי,"כיסא גיימינג עם עיצוב ספורטיבי, כריות תמיכה נשלפות לגב התחתון ולצוואר ומשענת גב הנשענת לאחור עד 160 מעלות. מתאים גם לעבודה ממושכת מול המחשב.",הטיית משענת: עד 160 מעלות | כריות תמיכה: נשלפות | עומס מקסימלי: 120 ק״ג,https://placehold.co/600x600/f4f4f5/27272a/png?text=gaming%20chair
P0364,ראוטר Wi-Fi 6 מהיר לבית ולמשרד,TP-Link,מחשבים ועבודה מהבית,רשת ואחסון,ראוטר אלחוטי בטכנולוגיית Wi-Fi 6 המספק מהירויות גבוהות ותמיכה במספר רב של מכשירים מחוברים במקביל ללא האטה. כולל ארבע יציאות רשת קווית ואפליקציית ניהול פשוטה.,תקן: Wi-Fi 6 | יציאות רשת: 4 | תדרים: דו-רצועתי,https://placehold.co/600x600/f4f4f5/27272a/png?text=wifi%20router
P0365,מערכת מארג Wi-Fi (mesh) לכיסוי מלא בבית,TP-Link,מחשבים ועבודה מהבית,רשת ואחסון,"מערכת נקודות רשת המשתלבות זו בזו ליצירת רשת אחת רציפה בכל הבית, ללא מתי מוות באות. הגדרה פשוטה דרך אפליקציה ומעבר חלק בין הנקודות תוך כדי תנועה.",מספר יחידות: 3 | כיסוי: עד 500 מ״ר | תקן: Wi-Fi 6,https://placehold.co/600x600/f4f4f5/27272a/png?text=mesh%20wifi
P0366,דיסק SSD חיצוני נייד,SanDisk,מחשבים ועבודה מהבית,רשת ואחסון,"דיסק SSD חיצוני קומפקטי במהירויות קריאה גבוהות, מתאים לגיבוי קבצים כבדים ולהעברת פרויקטים בין מחשבים. גוף עמיד בפני זעזועים וכבל USB-C מצורף.",קיבולת: 1TB | חיבור: USB-C | מהירות קריאה: עד 1050MB/s | עמידות: הגנה מפני זעזועים,https://placehold.co/600x600/f4f4f5/27272a/png?text=portable%20ssd
P0367,דיסק קשיח חיצוני נייד,Seagate,מחשבים ועבודה מהבית,רשת ואחסון,"דיסק קשיח חיצוני בקיבולת גבוהה לגיבוי קבצים, תמונות ווידאו. מתחבר ב-USB פשוט ואינו דורש התקנת תוכנה מיוחדת ברוב המערכות.","קיבולת: 2TB | חיבור: USB 3.0 | תאימות: Windows, macOS",https://placehold.co/600x600/f4f4f5/27272a/png?text=external%20hard%20drive
P0368,כונן NAS ל-2 דיסקים לגיבוי ושיתוף קבצים,Synology,מחשבים ועבודה מהבית,רשת ואחסון,"יחידת אחסון רשתית לשני דיסקים המאפשרת גיבוי אוטומטי, שיתוף קבצים בין מכשירים בבית או במשרד וגישה מרחוק דרך האינטרנט. תומכת בהתקנת אפליקציות נוספות לניהול מדיה וגיבויי ענן.",מספר תאים: 2 | חיבור: Ethernet Gigabit | תמיכת RAID: כן | דיסקים: לא כלולים,https://placehold.co/600x600/f4f4f5/27272a/png?text=nas%20storage
P0369,דיסק און קי 128GB,SanDisk,מחשבים ועבודה מהבית,רשת ואחסון,דיסק און קי קומפקטי בקיבולת 128GB להעברת קבצים והדפסות ממשרד למשרד. מכסה מגן על יציאת ה-USB וטבעת לחיבור למחזיק מפתחות.,קיבולת: 128GB | חיבור: USB 3.0,https://placehold.co/600x600/f4f4f5/27272a/png?text=usb%20flash%20drive
P0370,דיסק און קי מהיר USB-C 256GB,Samsung,מחשבים ועבודה מהבית,רשת ואחסון,"דיסק און קי בחיבור USB-C ומתאם USB-A נלווה, מתאים למחשבים ניידים חדשים ולטלפונים חכמים כאחד. מהירות העברה גבוהה לקבצי וידאו ותמונות כבדים.",קיבולת: 256GB | חיבור: USB-C ו-USB-A | מהירות: עד 400MB/s,https://placehold.co/600x600/f4f4f5/27272a/png?text=usb%20c%20drive
P0371,ראוטר נייד לחיבור סלולרי,TP-Link,מחשבים ועבודה מהבית,רשת ואחסון,"ראוטר קטן היוצר רשת Wi-Fi מחיבור סלולרי באמצעות כרטיס SIM, מתאים לעבודה מחוץ למשרד או כגיבוי לאינטרנט הביתי. סוללה פנימית ומסך קטן להצגת מצב החיבור.",חיבור: SIM 4G | סוללה: פנימית נטענת | מספר מכשירים: עד 10,https://placehold.co/600x600/f4f4f5/27272a/png?text=mobile%20router
P0372,מגדיל טווח Wi-Fi (extender),TP-Link,מחשבים ועבודה מהבית,רשת ואחסון,מכשיר קטן המוגדר בקלות ומרחיב את טווח הרשת האלחוטית לחדרים מרוחקים מהראוטר הראשי. מתאים לדירות וחללי משרד עם אזורי קליטה חלשים.,תקן: Wi-Fi 5 | חיבור: תקע קיר | תדרים: דו-רצועתי,https://placehold.co/600x600/f4f4f5/27272a/png?text=wifi%20extender
P0373,כרטיס זיכרון microSD 256GB,SanDisk,מחשבים ועבודה מהבית,רשת ואחסון,"כרטיס זיכרון בקיבולת גבוהה למצלמות, טאבלטים וטלפונים, עם מהירות כתיבה המתאימה לצילום וידאו באיכות גבוהה. כולל מתאם SD להתקנה בקוראי כרטיסים רגילים.",קיבולת: 256GB | מהירות: Class 10 U3 | מתאם SD: כלול,https://placehold.co/600x600/f4f4f5/27272a/png?text=memory%20card
P0374,קורא כרטיסי זיכרון USB-C,Ugreen,מחשבים ועבודה מהבית,רשת ואחסון,"קורא כרטיסים קומפקטי התומך בכרטיסי SD ו-microSD במקביל, מתחבר ליציאת USB-C במחשב הנייד. שימושי לצלמים ולעורכי וידאו המעבירים חומרים בתדירות גבוהה.","תמיכה: SD, microSD | חיבור: USB-C | מהירות: USB 3.0",https://placehold.co/600x600/f4f4f5/27272a/png?text=card%20reader
P0375,כונן NAS ל-4 דיסקים,Synology,מחשבים ועבודה מהבית,רשת ואחסון,"יחידת אחסון רשתית לארבעה דיסקים המיועדת לעסקים קטנים או משפחות עם צרכי גיבוי כבדים, עם תמיכה במערכי RAID מרובים להגנה מפני תקלת דיסק בודד. כוללת אפליקציית ניהול נוחה מהמחשב או מהטלפון.",מספר תאים: 4 | חיבור: Ethernet Gigabit | תמיכת RAID: כן | זיכרון פנימי: 4GB,https://placehold.co/600x600/f4f4f5/27272a/png?text=nas%20server
P0376,מדפסת לייזר שחור-לבן קומפקטית,Brother,מחשבים ועבודה מהבית,מדפסות וציוד משרדי,"מדפסת לייזר קטנה ומהירה להדפסת מסמכי טקסט, עם עלות הדפסה נמוכה לעמוד וטונר שמחזיק זמן רב. מתאימה לעבודה ביתית או משרד קטן עם נפח הדפסות בינוני.","סוג הדפסה: לייזר שחור-לבן | מהירות: 24 עמודים לדקה | חיבור: USB, Wi-Fi",https://placehold.co/600x600/f4f4f5/27272a/png?text=laser%20printer
P0377,מדפסת All-in-One הזרקת דיו,HP,מחשבים ועבודה מהבית,מדפסות וציוד משרדי,"מדפסת רב-תכליתית המשלבת הדפסה, סריקה וצילום במכשיר אחד, עם מגש הזנה אוטומטי למסמכים מרובי עמודים. תומכת בהדפסה אלחוטית ישירות מהטלפון הנייד.","פונקציות: הדפסה, סריקה, צילום | חיבור: Wi-Fi, USB | הזנת מסמכים: אוטומטית",https://placehold.co/600x600/f4f4f5/27272a/png?text=all%20in%20one%20printer
P0378,מגרסת נייר למשרד הבית,,מחשבים ועבודה מהבית,מדפסות וציוד משרדי,"מגרסת נייר קומפקטית לגריסת מסמכים רגישים, תומכת בגריסת מספר דפים במקביל וכן כרטיסי אשראי וסיכות הידוק קלות. מכל אצירה נשלף לפינוי נוח.",קיבולת גריסה: 6 דפים | סוג חיתוך: רצועות | מכל אצירה: 12 ליטר,https://placehold.co/600x600/f4f4f5/27272a/png?text=paper%20shredder
P0379,מדפסת תוויות אלחוטית,Brother,מחשבים ועבודה מהבית,מדפסות וציוד משרדי,"מדפסת תוויות קטנה להדפסת מדבקות לארגון תיקיות, קופסאות ומוצרים במשרד. מתחברת לטלפון או למחשב דרך Bluetooth ותומכת במגוון גדלי תוויות.","חיבור: Bluetooth, USB | רוחב תווית: עד 24 מ״מ | סוללה: נטענת",https://placehold.co/600x600/f4f4f5/27272a/png?text=label%20printer
P0380,מחברת קשיחה משבצות,Moleskine,מחשבים ועבודה מהבית,מדפסות וציוד משרדי,"מחברת כריכה קשיחה עם דפי משבצות איכותיים, סימניה מובנית וכיס פנימי בכריכה האחורית. מתאימה לרישום פגישות, רעיונות ותכנון יומי.",מספר עמודים: 240 | סוג דפים: משבצות | כריכה: קשיחה,https://placehold.co/600x600/f4f4f5/27272a/png?text=notebook
P0381,יומן שולחני שנתי,WriteWell,מחשבים ועבודה מהבית,מדפסות וציוד משרדי,"יומן שולחני עם עמוד ליום, מקום לרישום פגישות ומשימות וטבלת תכנון שבועית בתחילת כל חודש. כריכה עמידה ועיצוב נקי ומקצועי.",תקופה: שנה עברית ולועזית | פורמט: עמוד ליום | כריכה: קשיחה,https://placehold.co/600x600/f4f4f5/27272a/png?text=desk%20planner
P0382,סט עטים ג'ל איכותיים,,מחשבים ועבודה מהבית,מדפסות וציוד משרדי,"סט עטי ג'ל בכתיבה חלקה ובגוונים שונים, מתאים לכתיבה יומיומית וסימון מסמכים. אוחז נוח ליד ומכל דיו שמספיק לכתיבה ממושכת.",מספר עטים בסט: 6 | סוג דיו: ג'ל | צבעים: 6 גוונים,https://placehold.co/600x600/f4f4f5/27272a/png?text=gel%20pens
P0383,מארגן שולחן עבודה מבמבוק,TidyDesk,מחשבים ועבודה מהבית,מדפסות וציוד משרדי,"מארגן שולחן מעץ במבוק טבעי עם תאים נפרדים לעטים, פתקים, כרטיסי ביקור וטלפון נייד. עיצוב נקי המשתלב בכל סביבת עבודה.",חומר: במבוק | מספר תאים: 5 | מידות: 25x12x10 ס״מ,https://placehold.co/600x600/f4f4f5/27272a/png?text=desk%20organizer
P0384,לוח מחיק יבש עם מסגרת מגנטית,TidyDesk,מחשבים ועבודה מהבית,מדפסות וציוד משרדי,"לוח מחיק לתכנון משימות והערות מהירות, עם משטח מגנטי להצמדת פתקים ומגנטים. מגיע עם ערכת סימונים ומחק מגנטי מובנה.","מידות: 90x60 ס״מ | משטח: מגנטי | אביזרים כלולים: סימונים, מחק",https://placehold.co/600x600/f4f4f5/27272a/png?text=whiteboard
P0385,מדפסת לייזר צבעונית לעסק קטן,Canon,מחשבים ועבודה מהבית,מדפסות וציוד משרדי,"מדפסת לייזר צבעונית עם איכות הדפסה גבוהה למסמכים ומצגות, תומכת בהדפסה דו-צדדית אוטומטית ומגש נייר גדול. מתאימה לעסקים קטנים עם נפח הדפסות משמעותי.","סוג הדפסה: לייזר צבעוני | מהירות: 21 עמודים לדקה | הדפסה דו-צדדית: אוטומטית | חיבור: Wi-Fi, USB, Ethernet",https://placehold.co/600x600/f4f4f5/27272a/png?text=color%20laser%20printer
P0386,מחזיק מסמכים ומגירות לשולחן,TidyDesk,מחשבים ועבודה מהבית,מדפסות וציוד משרדי,"מארגן מסמכים משולב עם שלוש מגירות קטנות ותא עליון לתיקיות, מסייע לשמור על סדר במסמכים פעילים על השולחן.",מספר מגירות: 3 | חומר: פלסטיק קשיח | מידות: 32x25x20 ס״מ,https://placehold.co/600x600/f4f4f5/27272a/png?text=desk%20drawer%20organizer
P0387,מחברת פליפ-צ'ארט לישיבות,WriteWell,מחשבים ועבודה מהבית,מדפסות וציוד משרדי,"בלוק דפים גדול לפליפ-צ'ארט המתאים למצגות וישיבות צוות, עם ניקוב עליון להצמדה למעמד סטנדרטי. דפים חלקים המונעים דהייה של דיו טוש.",מספר דפים: 50 | גודל דף: 65x100 ס״מ | ניקוב: עליון,https://placehold.co/600x600/f4f4f5/27272a/png?text=flip%20chart%20pad
P0388,סורק מסמכים נייד,Canon,מחשבים ועבודה מהבית,מדפסות וציוד משרדי,"סורק קומפקטי לסריקת מסמכים ישירות לקובץ דיגיטלי או לענן, ללא צורך במחשב. מתאים לדיגיטציה של קבלות, חוזים ומסמכים ישנים בבית או במשרד.","רזולוציית סריקה: עד 600dpi | חיבור: USB, Wi-Fi | מהירות סריקה: כ-8 שניות לעמוד",https://placehold.co/600x600/f4f4f5/27272a/png?text=document%20scanner
P0389,תיק גב למחשב נייד 15.6 אינץ',Targus,מחשבים ועבודה מהבית,תיקים ומגנים,"תיק גב מרופד לנשיאת מחשב נייד עד 15.6 אינץ', עם תאים נפרדים למטען, עכבר ואביזרים קטנים. רצועות כתפיים מרופדות ומשענת גב מאווררת לנשיאה נוחה.",תאימות מחשב: עד 15.6 אינץ' | מספר תאים: 3 | חומר: פוליאסטר עמיד למים,https://placehold.co/600x600/f4f4f5/27272a/png?text=laptop%20backpack
P0390,תיק גב עסקי עמיד למים למחשב נייד,Samsonite,מחשבים ועבודה מהבית,תיקים ומגנים,"תיק גב עסקי בעיצוב מוקפד עם ציפוי עמיד במים, תא ייעודי למחשב נייד וטאבלט ותא נפרד למסמכים. רצועת חגורה להצמדה לתיק טרולי בנסיעות.",תאימות מחשב: עד 15.6 אינץ' | עמידות מים: ציפוי דוחה מים | רצועת טרולי: כלולה,https://placehold.co/600x600/f4f4f5/27272a/png?text=business%20backpack
P0391,נרתיק רך למחשב נייד 13 אינץ',SoftCase,מחשבים ועבודה מהבית,תיקים ומגנים,נרתיק ריפוד רך המגן על המחשב הנייד משריטות ומזעזועים קלים בזמן נשיאה בתיק. סגירה ברוכסן ותפירה חזקה לאורך זמן.,תאימות מחשב: 13 אינץ' | חומר: ניאופרן | סגירה: רוכסן,https://placehold.co/600x600/f4f4f5/27272a/png?text=laptop%20sleeve
P0392,מסך פרטיות למחשב נייד 14 אינץ',3M,מחשבים ועבודה מהבית,תיקים ומגנים,מסך פרטיות המוצמד למסך המחשב הנייד ומצמצם את זווית הצפייה כך שרק היושב מול המסך רואה את התוכן בבירור. מגן גם מפני שריטות ואבק.,תאימות מסך: 14 אינץ' | זווית חסימה: 60 מעלות | הצמדה: מדבקות דו-צדדיות,https://placehold.co/600x600/f4f4f5/27272a/png?text=privacy%20screen
P0393,מסך פרטיות למחשב נייד 15.6 אינץ',Targus,מחשבים ועבודה מהבית,תיקים ומגנים,"מסך פרטיות נשלף המתאים למחשבים ניידים בגודל 15.6 אינץ', מונע הצצה של אנשים לצדדים ושומר על סודיות מידע רגיש בעבודה במרחב ציבורי.",תאימות מסך: 15.6 אינץ' | זווית חסימה: 60 מעלות | סוג הצמדה: פס נלווה נשלף,https://placehold.co/600x600/f4f4f5/27272a/png?text=laptop%20privacy%20filter
P0394,תיק צד למחשב נייד קומפקטי,Targus,מחשבים ועבודה מהבית,תיקים ומגנים,"תיק צד דק לנשיאת מחשב נייד קטן עם מסמכים בודדים, מתאים לפגישות קצרות ולא מכביד. רצועת כתף מתכווננת ואבזם מגנטי לפתיחה מהירה.",תאימות מחשב: עד 13 אינץ' | חומר: בד עמיד | סגירה: אבזם מגנטי,https://placehold.co/600x600/f4f4f5/27272a/png?text=laptop%20shoulder%20bag
P0395,תיק גלגלים למחשב נייד לנסיעות עסקים,Samsonite,מחשבים ועבודה מהבית,תיקים ומגנים,"תיק טרולי עם גלגלים ותא ייעודי מרופד למחשב נייד, מתאים לנסיעות עסקים תכופות וטיסות קצרות. ידית טלסקופית וגלגלים שקטים לגלישה חלקה במסדרונות שדה תעופה.",תאימות מחשב: עד 15.6 אינץ' | גלגלים: 4 | ידית: טלסקופית,https://placehold.co/600x600/f4f4f5/27272a/png?text=rolling%20laptop%20bag
P0396,נרתיק ניאופרן למחשב נייד 13.3 אינץ',SoftCase,מחשבים ועבודה מהבית,תיקים ומגנים,"נרתיק ניאופרן גמיש ודק המתלבש בצמוד למחשב הנייד, קל להכניס לתוך תיק גב רחב יותר. מגן מפני שריטות בזמן הובלה יומיומית.",תאימות מחשב: 13.3 אינץ' | חומר: ניאופרן | סגירה: רוכסן,https://placehold.co/600x600/f4f4f5/27272a/png?text=neoprene%20sleeve
P0397,תיק גב יומי עם תא ייעודי למחשב נייד,Herschel,מחשבים ועבודה מהבית,תיקים ומגנים,"תיק גב יומיומי בעיצוב קז'ואל עם תא מרופד למחשב נייד, כיסי רשת פנימיים לאביזרים קטנים ורצועת נשיאה עליונה. מתאים לשילוב בין עבודה למהלך היום הרגיל.",תאימות מחשב: עד 15 אינץ' | חומר: בד קנבס | כיסים פנימיים: 2,https://placehold.co/600x600/f4f4f5/27272a/png?text=everyday%20backpack
P0398,כיסוי מגן סיליקון למקלדת מחשב נייד,,מחשבים ועבודה מהבית,תיקים ומגנים,"כיסוי סיליקון דק המונח על המקלדת ומגן מפני שפיכות נוזלים, אבק ופירורים. גמיש ומאפשר הקלדה רגילה דרכו ללא הפרעה משמעותית.",חומר: סיליקון | עובי: 0.2 מ״מ,https://placehold.co/600x600/f4f4f5/27272a/png?text=keyboard%20cover
P0399,תיק טאבלט עם כיסוי מגן ורצועת כתף,SoftCase,מחשבים ועבודה מהבית,תיקים ומגנים,"תיק ייעודי לטאבלט עם ריפוד פנימי רך וכיס קדמי לעט ולכבלים, כולל רצועת כתף נשלפת לנשיאה נוחה מחוץ לבית.",תאימות: עד 11 אינץ' | חומר: פוליאסטר | רצועת כתף: נשלפת,https://placehold.co/600x600/f4f4f5/27272a/png?text=tablet%20bag
P0400,תיק גב אורתופדי למחשב נייד עם תמיכה לגב,Targus,מחשבים ועבודה מהבית,תיקים ומגנים,תיק גב עם משטח גב מעוצב אורתופדית ורצועות כתפיים רחבות המפזרות את משקל התיק באופן אחיד. מתאים לנשיאת מחשב נייד וציוד נוסף לאורך שעות ארוכות מחוץ לבית.,תאימות מחשב: עד 15.6 אינץ' | עיצוב גב: אורתופדי מרופד | רצועת חזה: כלולה,https://placehold.co/600x600/f4f4f5/27272a/png?text=ergonomic%20backpack
P0401,סמארטפון חכם 6.1 אינץ' 128GB,Apple,"סלולר, אודיו וגאדג'טים",סמארטפונים,"דגם קומפקטי עם מסך Super Retina בגודל 6.1 אינץ', שבב מהיר וזוג מצלמות איכותיות לצילום יומיומי. תומך בטעינה אלחוטית ועמיד במים ואבק ברמה גבוהה.",מסך: 6.1 אינץ' | זיכרון: 128GB | עמידות: IP68 | טעינה: אלחוטית,https://placehold.co/600x600/f4f4f5/27272a/png?text=smartphone
P0402,סמארטפון 6.7 אינץ' 256GB מסך AMOLED,Samsung,"סלולר, אודיו וגאדג'טים",סמארטפונים,"מכשיר דגל עם מסך AMOLED דינמי ברענון גבוה, מצלמה ראשית ברזולוציה גבוהה עם זום אופטי, וסוללה שמחזיקה יום שלם של שימוש אינטנסיבי. כולל עט חרט נלווה לרישום מהיר.",מסך: 6.7 אינץ' AMOLED | זיכרון: 256GB | סוללה: 5000mAh | קצב רענון: 120Hz,https://placehold.co/600x600/f4f4f5/27272a/png?text=android%20phone
P0403,סמארטפון 6.67 אינץ' 128GB טעינה מהירה,Xiaomi,"סלולר, אודיו וגאדג'טים",סמארטפונים,"סמארטפון עם טעינה מהירה במיוחד המטעינה את הסוללה תוך זמן קצר, מסך גדול וחד לצפייה בסרטונים, ומערכת מצלמות רב תכליתית הכוללת עדשת רחב וטלה.",מסך: 6.67 אינץ' | זיכרון: 128GB | טעינה מהירה: 67W | מצלמה: משולשת,https://placehold.co/600x600/f4f4f5/27272a/png?text=mi%20phone
P0404,סמארטפון עם מצלמה חכמה מבוססת בינה מלאכותית,Google,"סלולר, אודיו וגאדג'טים",סמארטפונים,"מכשיר עם תוכנת מצלמה חכמה המשפרת תמונות בתנאי תאורה קשים, עדכוני מערכת ארוכי טווח ועיצוב מינימליסטי נעים לאחיזה. מתאים למי שמחפש חוויית צילום פשוטה ואיכותית ללא כיוונון ידני מורכב.",מסך: 6.3 אינץ' | זיכרון: 128GB | מצלמה: AI | עדכונים: ארוכי טווח,https://placehold.co/600x600/f4f4f5/27272a/png?text=pixel%20phone
P0405,סמארטפון 6.5 אינץ' 256GB עם עדשת רחב זווית,Huawei,"סלולר, אודיו וגאדג'טים",סמארטפונים,"סמארטפון עם מערכת מצלמות מתקדמת, מסך עקום איכותי וסוללה גדולה התומכת בטעינה מהירה קווית ואלחוטית כאחד. מעבד חזק המתמודד בקלות עם משחקים ואפליקציות כבדות.",מסך: 6.5 אינץ' | זיכרון: 256GB | סוללה: 4700mAh | מצלמה: רחב זווית,https://placehold.co/600x600/f4f4f5/27272a/png?text=camera%20phone
P0406,סמארטפון מתקפל 7.6 אינץ' פנימי,Samsung,"סלולר, אודיו וגאדג'טים",סמארטפונים,"סמארטפון עם מסך מתקפל הנפתח לגודל טאבלט קומפקטי, ציר עמיד לאלפי קיפולים ומסך חיצוני נוסף לשימוש מהיר בלי לפתוח את המכשיר.",מסך פנימי: 7.6 אינץ' | מסך חיצוני: 6.2 אינץ' | זיכרון: 256GB | עמידות: IPX8,https://placehold.co/600x600/f4f4f5/27272a/png?text=foldable%20phone
P0407,סמארטפון קומפקטי 5.4 אינץ' 128GB,Apple,"סלולר, אודיו וגאדג'טים",סמארטפונים,"מכשיר קטן וקל לכיס ולאחיזה ביד אחת, עם עוצמה מלאה בגוף מוקטן. מצלמה כפולה ועיבוד תמונה מתקדם לתוצאות חדות בכל תאורה.",מסך: 5.4 אינץ' | זיכרון: 128GB | משקל: 140 גרם,https://placehold.co/600x600/f4f4f5/27272a/png?text=mini%20smartphone
P0408,סמארטפון תקציבי 6.5 אינץ' 128GB,Xiaomi,"סלולר, אודיו וגאדג'טים",סמארטפונים,"אופציה חסכונית עם מסך גדול, סוללה שמחזיקה יומיים שימוש רגיל וחיישן טביעת אצבע צידי. מתאים כמכשיר ראשון לנוער או כמכשיר גיבוי.",מסך: 6.5 אינץ' | זיכרון: 128GB | סוללה: 5000mAh,https://placehold.co/600x600/f4f4f5/27272a/png?text=budget%20phone
P0409,סמארטפון בסיסי 6.1 אינץ' 64GB,,"סלולר, אודיו וגאדג'טים",סמארטפונים,"מכשיר פשוט ואמין לשיחות, הודעות וגלישה בסיסית, עם סוללה חסכונית וממשק נקי. אינו כולל פינוקים מיוחדים אך מבצע את המשימה בנאמנות.",מסך: 6.1 אינץ' | זיכרון: 64GB | סוללה: 4000mAh,https://placehold.co/600x600/f4f4f5/27272a/png?text=basic%20phone
P0410,סמארטפון סדרת ביניים 6.6 אינץ' 128GB,Samsung,"סלולר, אודיו וגאדג'טים",סמארטפונים,"איזון טוב בין מחיר לאיכות, עם מסך AMOLED, מצלמה ראשית חדה ותמיכה בכרטיס זיכרון להרחבת האחסון. מתאים לשימוש יומיומי מקיף.",מסך: 6.6 אינץ' AMOLED | זיכרון: 128GB | כרטיס זיכרון: עד 1TB,https://placehold.co/600x600/f4f4f5/27272a/png?text=galaxy%20phone
P0411,סמארטפון עם עוזר בינה מלאכותית מובנה,Google,"סלולר, אודיו וגאדג'טים",סמארטפונים,"מכשיר המשלב עוזר חכם מובנה במערכת ההפעלה, המסייע בתרגום שיחות בזמן אמת, סיכום הודעות וארגון יומן, לצד ביצועים חלקים בכל משימה.",מסך: 6.3 אינץ' | זיכרון: 256GB | AI: מובנה,https://placehold.co/600x600/f4f4f5/27272a/png?text=ai%20phone
P0412,סמארטפון עם סוללה עמידה 6.7 אינץ' 256GB,Huawei,"סלולר, אודיו וגאדג'טים",סמארטפונים,סוללה גדולה ומחזיקה במיוחד המתאימה למי שנמצא הרבה מחוץ לבית או לתקשורת מוארכת ללא גישה נוחה לשקע. מסך גדול ובהיר גם בשמש.,מסך: 6.7 אינץ' | זיכרון: 256GB | סוללה: 5000mAh,https://placehold.co/600x600/f4f4f5/27272a/png?text=battery%20phone
P0413,סמארטפון פרו עם מצלמה משולשת 6.7 אינץ' 512GB,Apple,"סלולר, אודיו וגאדג'טים",סמארטפונים,"הדגם המתקדם בקו המוצרים, עם מערך מצלמות מקצועי הכולל זום טלה, צילום לילה משופר, מסך חלק במיוחד ואחסון נדיב לכל התוכן.",מסך: 6.7 אינץ' | זיכרון: 512GB | מצלמה: משולשת | זום: אופטי,https://placehold.co/600x600/f4f4f5/27272a/png?text=pro%20smartphone
P0414,אוזניות אלחוטיות עם ביטול רעשים ANC,Sony,"סלולר, אודיו וגאדג'טים",אוזניות,"אוזניות תוך-אוזן עם ביטול רעשים אקטיבי מהמתקדמים בשוק, איכות שמע עשירה ובסיס עם עד 24 שעות נגינה מצטברות. מיקרופונים לשיחות צלולות ברוח וברעש.",ANC: כן | סוללה: 8 שעות + 24 עם קייס | Bluetooth: 5.3 | עמידות: IPX4,https://placehold.co/600x600/f4f4f5/27272a/png?text=earbuds
P0415,אוזניות אוזניה מלאה עם ביטול רעשים,Bose,"סלולר, אודיו וגאדג'טים",אוזניות,"אוזניות אוזניה מלאה נוחות לשעות ארוכות, עם ביטול רעשים מותאם אישית וסאונד עוצמתי בכל טווח התדרים. מתקפלות לנשיאה נוחה בתיק.",סוג: אוזניה מלאה | ANC: כן | סוללה: עד 20 שעות | Bluetooth: 5.1,https://placehold.co/600x600/f4f4f5/27272a/png?text=over%20ear%20headphones
P0416,אוזניות ספורט עמידות בזיעה עם וו אוזן,Jabra,"סלולר, אודיו וגאדג'טים",אוזניות,"אוזניות קטנות ובטוחות לאימון עם וו אוזן יציב שלא נופל בזמן ריצה או קפיצות, עמידות למים וזיעה ובקרת מגע נוחה לשליטה במוזיקה בלי לעצור.",עמידות: IP57 | סוללה: 7 שעות | Bluetooth: 5.2 | וו אוזן: כן,https://placehold.co/600x600/f4f4f5/27272a/png?text=sport%20earbuds
P0417,אוזניות הולכת עצם לרוכבים ולרצים,Shokz,"סלולר, אודיו וגאדג'טים",אוזניות,"אוזניות ייחודיות שאינן חוסמות את תעלת האוזן ומעבירות את הצליל דרך הולכה עצמית, כך שניתן לשמוע גם את הסביבה. מתאימות לרוכבי אופניים ורצים בכביש.",טכנולוגיה: הולכת עצם | עמידות: IP67 | סוללה: 6 שעות,https://placehold.co/600x600/f4f4f5/27272a/png?text=bone%20conduction%20headphones
P0418,אוזניות לילדים בעוצמת קול מוגבלת,JVC,"סלולר, אודיו וגאדג'טים",אוזניות,"אוזניות עם הגבלת עוצמת קול מובנית להגנה על שמיעת ילדים, עיצוב צבעוני וקליל ורצועה מתכווננת המתאימה לראש קטן. מחוברות בכבל לשימוש פשוט וחסכוני.",הגבלת עוצמה: 85dB | חיבור: כבל 3.5mm | משקל: קל,https://placehold.co/600x600/f4f4f5/27272a/png?text=kids%20headphones
P0419,אוזניות תוך-אוזן קלאסיות עם מיקרופון,Sennheiser,"סלולר, אודיו וגאדג'טים",אוזניות,"אוזניות אלחוטיות בעיצוב קלאסי עם צליל מאוזן וטבעי, מיקרופון איכותי לשיחות ותמיכה בחיבור לשני מכשירים במקביל. מתאימות לשימוש יומיומי בעבודה ובנסיעות קצרות.",Bluetooth: 5.0 | סוללה: 9 שעות | חיבור כפול: כן,https://placehold.co/600x600/f4f4f5/27272a/png?text=wireless%20earbuds
P0420,אוזניות גיימינג אלחוטיות עם השהיה נמוכה,JBL,"סלולר, אודיו וגאדג'טים",אוזניות,"אוזניות המיועדות לגיימינג ניידת עם השהיה נמוכה במיוחד לסנכרון מושלם בין קול לתמונה, מיקרופון נשלף וצליל בס עוצמתי לחוויית משחק סוחפת.",השהיה: נמוכה | Bluetooth: 5.3 | מיקרופון: נשלף | סוללה: 10 שעות,https://placehold.co/600x600/f4f4f5/27272a/png?text=gaming%20earbuds
P0421,אוזניות פרימיום עם ANC אדפטיבי וקייס טעינה אלחוטית,Apple,"סלולר, אודיו וגאדג'טים",אוזניות,"אוזניות תוך-אוזן ברמת פרימיום עם ביטול רעשים אדפטיבי המתכוונן לסביבה, מצב שקיפות טבעי וקייס התומך בטעינה אלחוטית ובאיתור מיקום. איכות שמע עשירה עם בס עמוק וטווח גבוה ברור.",ANC: אדפטיבי | קייס: טעינה אלחוטית | סוללה: 6 שעות + 30 עם קייס,https://placehold.co/600x600/f4f4f5/27272a/png?text=premium%20earbuds
P0422,אוזניות אוזניה מלאה בסיסיות עם כבל,Philips,"סלולר, אודיו וגאדג'טים",אוזניות,"אוזניות חוטיות פשוטות ואמינות במחיר נגיש, מתאימות לשימוש יומיומי מול מחשב או נגן. ריפוד רך על האוזניים לנוחות ממושכת, וכבל ארוך המספיק לישיבה מרוחקת מהמסך.",חיבור: כבל 3.5mm | ריפוד: ספוג רך | משקל: 180 גרם,https://placehold.co/600x600/f4f4f5/27272a/png?text=wired%20headphones
P0423,אוזניות ביטול רעשים לטיסות ונסיעות ארוכות,Sony,"סלולר, אודיו וגאדג'טים",אוזניות,"מיועדות במיוחד למי שטס או נוסע הרבה, עם ביטול רעשים חזק שמנטרל רעשי מנוע ומגירה, בקרת שמיעה חכמה ומצב שקיפות מהיר בלחיצת יד.",ANC: מתקדם | סוללה: עד 30 שעות | משקל: קל | מתקפלות: כן,https://placehold.co/600x600/f4f4f5/27272a/png?text=travel%20headphones
P0424,אוזניות ספורט עם קליפ אוזן ועיצוב פתוח,Beats,"סלולר, אודיו וגאדג'טים",אוזניות,"עיצוב פתוח שלא חוסם את תעלת האוזן, מתאים לריצה בחוץ כשצריך לשמוע גם את הסביבה. קליפ יציב שלא זז גם בקפיצות ובתנועה מהירה.",עיצוב: אוזן פתוחה | עמידות: IPX4 | סוללה: 8 שעות,https://placehold.co/600x600/f4f4f5/27272a/png?text=open%20ear%20earbuds
P0425,אוזניות סטודיו למיקסינג ולעריכת סאונד,Sennheiser,"סלולר, אודיו וגאדג'טים",אוזניות,"אוזניות חוטיות מקצועיות עם תדר תגובה רחב וצליל נאמן במיוחד למקור, מיועדות לעריכת סאונד, מיקסינג והאזנה ביקורתית באולפן. מחבר סטנדרטי המתאים לרוב כרטיסי הקול והמגברים.",חיבור: כבל 3.5mm/6.3mm | תדר: רחב | ריפוד: זיכרון צורה,https://placehold.co/600x600/f4f4f5/27272a/png?text=studio%20headphones
P0426,אוזניות תוך-אוזן זולות לשימוש יומיומי,Xiaomi,"סלולר, אודיו וגאדג'טים",אוזניות,"אוזניות אלחוטיות פשוטות במחיר אטרקטיבי, קייס קומפקטי לכיס וזמן פעולה סביר ליום עבודה רגיל. חיבור מהיר וקל למכשיר, ומתג מגע פשוט לשליטה בהשמעה ובשיחות.",Bluetooth: 5.0 | סוללה: 5 שעות + 15 עם קייס | משקל: קל,https://placehold.co/600x600/f4f4f5/27272a/png?text=cheap%20earbuds
P0427,רמקול Bluetooth נייד קומפקטי,JBL,"סלולר, אודיו וגאדג'טים",רמקולים,"רמקול קטן וקל לנשיאה בתיק או בכיס, עם צליל חזק ביחס לגודלו ועמידות בפני התזות מים. מתאים לחצר, לחוף ולנסיעות.",Bluetooth: 5.1 | עמידות: IPX7 | סוללה: 10 שעות,https://placehold.co/600x600/f4f4f5/27272a/png?text=portable%20speaker
P0428,רמקול עמיד למים לבריכה וים,Ultimate Ears,"סלולר, אודיו וגאדג'טים",רמקולים,"רמקול עגול עם ציפוי עמיד במיוחד המאפשר טבילה מלאה במים, צף על פני המים ומשמיע צליל 360 מעלות סביב עצמו לכל הכיוונים.",עמידות: IP67 צף | סוללה: 13 שעות | חיבור: Bluetooth,https://placehold.co/600x600/f4f4f5/27272a/png?text=waterproof%20speaker
P0429,רמקול חכם עם עוזר קולי מובנה,Google,"סלולר, אודיו וגאדג'טים",רמקולים,"רמקול ביתי המגיב לפקודות קוליות, שולט במכשירי בית חכם, מנגן מוזיקה מהשירותים הפופולריים ועונה על שאלות בזמן אמת. עיצוב קטן שמתאים לכל חדר.",עוזר קולי: מובנה | Wi-Fi: כן | Bluetooth: כן,https://placehold.co/600x600/f4f4f5/27272a/png?text=smart%20speaker
P0430,רמקול מסיבות עוצמתי עם תאורת LED,JBL,"סלולר, אודיו וגאדג'טים",רמקולים,"רמקול גדול המיועד לאירועים ומסיבות, עם עוצמת קול גבוהה, תאורת LED מסונכרנת לקצב המוזיקה וידית נשיאה חזקה. תומך בחיבור שני רמקולים יחד לסטריאו.",הספק: גבוה | תאורה: LED מסונכרנת | סוללה: 12 שעות | חיבור כפול: כן,https://placehold.co/600x600/f4f4f5/27272a/png?text=party%20speaker
P0431,רמקול Bluetooth מיני עגול,Anker,"סלולר, אודיו וגאדג'טים",רמקולים,"רמקול זעיר בגודל כף יד עם צליל נקי ומאוזן, מתאים כרמקול נוסף לחדר עבודה קטן. חיבור מהיר וסוללה שמחזיקה מספר ימי שימוש.",גודל: קומפקטי | Bluetooth: 5.0 | סוללה: 6 שעות,https://placehold.co/600x600/f4f4f5/27272a/png?text=mini%20speaker
P0432,רמקול חכם בעיצוב וינטג' עם צליל היי-פיי,Marshall,"סלולר, אודיו וגאדג'טים",רמקולים,"רמקול בעיצוב וינטג' עם צליל עשיר ומלא בסגנון המותג, מתאים לחדר סלון או לחלל עבודה. שליטה פשוטה בעוצמה ובבס באמצעות כפתורים אנלוגיים.",עיצוב: וינטג' | צליל: היי-פיי | Bluetooth: 5.2 | חיבור: AUX,https://placehold.co/600x600/f4f4f5/27272a/png?text=retro%20speaker
P0433,רמקול נייד עם רצועת נשיאה לטיולים,Ugreen,"סלולר, אודיו וגאדג'טים",רמקולים,"רמקול בעל רצועת נשיאה נוחה לתלייה על תרמיל, עמיד בפני אבק ומים קלים, ומספק צליל ברור גם בשטח פתוח וברוח מתונה.",עמידות: IPX6 | סוללה: 15 שעות | רצועה: כן,https://placehold.co/600x600/f4f4f5/27272a/png?text=outdoor%20speaker
P0434,רמקול Bluetooth עם בס מוגבר,JBL,"סלולר, אודיו וגאדג'טים",רמקולים,"רמקול המדגיש תדרי בס עמוקים לחוויית האזנה סוחפת בהיפ הופ ואלקטרוני, מארז חזק העמיד בזעזועים קלים וכפתור ייעודי להגברת הבס.",בס: מוגבר | Bluetooth: 5.3 | עמידות: IP67 | סוללה: 12 שעות,https://placehold.co/600x600/f4f4f5/27272a/png?text=bass%20speaker
P0435,רמקול חכם עם מסך מגע לבית,Amazon,"סלולר, אודיו וגאדג'טים",רמקולים,"רמקול חכם עם מסך מגע קטן המציג מזג אוויר, לוח שנה ווידאו שיחות, לצד יכולות שליטה בבית חכם ותשובות מיידיות לשאלות.",מסך: מגע 7 אינץ' | עוזר קולי: מובנה | Wi-Fi: כן,https://placehold.co/600x600/f4f4f5/27272a/png?text=display%20speaker
P0436,רמקול סאונד בר קומפקטי לטלוויזיה,Sony,"סלולר, אודיו וגאדג'טים",רמקולים,"מקרן קול דק ואלגנטי המתחבר לטלוויזיה ומשדרג משמעותית את איכות הסאונד בסלון, עם מצב סאונד ייעודי לדיאלוג ותמיכה בסאונד סראונד וירטואלי.",חיבור: HDMI ARC | סאונד: וירטואלי סראונד | שלט: כלול,https://placehold.co/600x600/f4f4f5/27272a/png?text=soundbar
P0437,רמקול Bluetooth זול לשימוש בסיסי,Tribit,"סלולר, אודיו וגאדג'טים",רמקולים,"רמקול פשוט וקטן במחיר נוח, מספק צליל סביר לשימוש יומיומי במטבח או בחדר. חיבור קל ופשוט לכל מכשיר נייד, ומתאים גם כרמקול גיבוי בבית.",Bluetooth: 4.2 | סוללה: 4 שעות,https://placehold.co/600x600/f4f4f5/27272a/png?text=budget%20speaker
P0438,רמקול מסיבות על גלגלים עם מיקרופון קריוקי,JBL,"סלולר, אודיו וגאדג'טים",רמקולים,"רמקול נייד גדול על גלגלים לנשיאה קלה, מגיע עם מיקרופון אלחוטי לשירה ומצב קריוקי, מתאים לאירועים משפחתיים וחצרות גדולות. ידית נשיאה חזקה ותאורה מובנית משלימות את החוויה.",מיקרופון: כלול | גלגלים: כן | סוללה: 18 שעות | תאורה: כן,https://placehold.co/600x600/f4f4f5/27272a/png?text=karaoke%20speaker
P0439,שעון חכם עם מדידת דופק ו-GPS מובנה,Apple,"סלולר, אודיו וגאדג'טים",שעונים וצמידים חכמים,"שעון חכם מתקדם עם חיישן דופק רציף, GPS מדויק למעקב מסלולי ריצה, וסוללה שמחזיקה יום שלם. תומך בהתראות הודעות ותשלום נייד.",GPS: מובנה | דופק: רציף | עמידות: 50 מטר | סוללה: 18 שעות,https://placehold.co/600x600/f4f4f5/27272a/png?text=smartwatch
P0440,צמיד כושר קליל למעקב שינה וצעדים,Xiaomi,"סלולר, אודיו וגאדג'טים",שעונים וצמידים חכמים,"צמיד דק וקליל שעוקב אחר צעדים, שינה ודופק לאורך כל היום, עם סוללה שמחזיקה שבועיים בטעינה אחת ומסך צבעוני קטן וברור.",סוללה: 14 יום | מסך: AMOLED | עמידות: 5ATM,https://placehold.co/600x600/f4f4f5/27272a/png?text=fitness%20band
P0441,שעון חכם לספורט אתגרי עם מפות מסלול,Garmin,"סלולר, אודיו וגאדג'טים",שעונים וצמידים חכמים,"שעון עמיד לתנאי שטח קשים עם מצפן, מד גובה ומפות טופוגרפיות מובנות, מתאים לטיולי הרים, ריצות שטח ורכיבת אופניים ארוכה. סוללה שמחזיקה ימים רבים.",GPS: רב-לוויני | מפות: מובנות | סוללה: עד 7 ימים | עמידות: פלדת אל-חלד,https://placehold.co/600x600/f4f4f5/27272a/png?text=outdoor%20watch
P0442,שעון חכם קלאסי בעיצוב אלגנטי,Amazfit,"סלולר, אודיו וגאדג'טים",שעונים וצמידים חכמים,"שעון המשלב עיצוב אנלוגי מסורתי עם יכולות חכמות מתחת למראה קלאסי, מתאים ללבוש יומיומי ולאירועים רשמיים כאחד. מעקב בריאות בסיסי ברקע.",עיצוב: אנלוגי-חכם | מסך: AMOLED | סוללה: 5 ימים,https://placehold.co/600x600/f4f4f5/27272a/png?text=hybrid%20smartwatch
P0443,שעון חכם לילדים עם שיחה ואזור בטוח,Xplora,"סלולר, אודיו וגאדג'טים",שעונים וצמידים חכמים,"שעון המאפשר להורים לעקוב אחר מיקום הילד, לקבל שיחות בסיסיות ולהגדיר אזורים בטוחים, עם עיצוב צבעוני שמתאים לגילאי בית ספר.",מיקום: GPS | שיחות: כן | אזור בטוח: כן,https://placehold.co/600x600/f4f4f5/27272a/png?text=kids%20smartwatch
P0444,צמיד חכם דק לניטור לחץ דם ורמת חמצן,Huawei,"סלולר, אודיו וגאדג'טים",שעונים וצמידים חכמים,"צמיד מתקדם עם חיישנים למדידת רמת חמצן בדם, מעקב לחץ דם משוער ומדידת מתח יומי, במארז דק ונוח שכמעט לא מורגש על פרק כף היד.",חיישנים: חמצן ולחץ דם | מסך: AMOLED | סוללה: 10 ימים,https://placehold.co/600x600/f4f4f5/27272a/png?text=health%20band
P0445,שעון חכם עם סוללה ארוכת טווח לשבועיים,Amazfit,"סלולר, אודיו וגאדג'טים",שעונים וצמידים חכמים,"שעון המתאים למי שלא אוהב לטעון לעיתים קרובות, עם סוללה שמחזיקה עד שבועיים בשימוש רגיל, מעקב שינה ואימונים ומסך בהיר לקריאה גם בשמש.",סוללה: 14 יום | מסך: בהיר בשמש | מעקב: שינה ואימונים,https://placehold.co/600x600/f4f4f5/27272a/png?text=long%20battery%20watch
P0446,שעון חכם עם חוגה מסתובבת לניווט תפריטים,Samsung,"סלולר, אודיו וגאדג'טים",שעונים וצמידים חכמים,"שעון עם חוגה פיזית מסתובבת סביב המסך המאפשרת ניווט אינטואיטיבי בתפריטים בלי לגעת במסך, יחד עם חיישני בריאות מקיפים ועיצוב עגול קלאסי.",ניווט: חוגה מסתובבת | מסך: עגול AMOLED | סוללה: יומיים,https://placehold.co/600x600/f4f4f5/27272a/png?text=rotating%20bezel%20watch
P0447,צמיד כושר בסיסי במחיר נגיש,Honor,"סלולר, אודיו וגאדג'טים",שעונים וצמידים חכמים,"צמיד פשוט לספירת צעדים ומרחק, מסך קטן שמציג את הזמן וההתקדמות היומית. אפשרות בסיסית למי שמתחיל להתעניין במעקב פעילות בלי להשקיע במכשיר יקר.",מסך: קטן | סוללה: 10 ימים | עמידות: מים קלה,https://placehold.co/600x600/f4f4f5/27272a/png?text=cheap%20fitness%20tracker
P0448,שעון חכם עם ניתוח אימוני ריצה מתקדם,Garmin,"סלולר, אודיו וגאדג'טים",שעונים וצמידים חכמים,"שעון המיועד לרצים רציניים עם ניתוח טכניקת ריצה, המלצות התאוששות יומיות ומדדי ביצועים מפורטים לאחר כל אימון. תואם לחיישני חזה חיצוניים.",ניתוח ריצה: מתקדם | GPS: מדויק | סוללה: עד 10 ימים,https://placehold.co/600x600/f4f4f5/27272a/png?text=running%20watch
P0449,שעון חכם עגול עם זכוכית ספיר עמידה,Huawei,"סלולר, אודיו וגאדג'טים",שעונים וצמידים חכמים,"שעון בעיצוב עגול פרימיום עם זכוכית עמידה בשריטות, מארז מתכת דק ואלגנטי ומעקב בריאות מקיף לצד סוללה שמחזיקה ימים ארוכים.",זכוכית: ספיר | מארז: מתכת | סוללה: עד 9 ימים,https://placehold.co/600x600/f4f4f5/27272a/png?text=elegant%20smartwatch
P0450,טבעת חכמה למעקב שינה ובריאות,Oura,"סלולר, אודיו וגאדג'טים",שעונים וצמידים חכמים,"טבעת קטנה ודיסקרטית הנלבשת על האצבע ועוקבת אחר שינה, דופק ורמת מוכנות יומית, ללא צורך במסך או רצועה גדולה על פרק כף היד.",חיישנים: דופק ושינה | סוללה: עד 6 ימים | משקל: קל מאוד,https://placehold.co/600x600/f4f4f5/27272a/png?text=smart%20ring
P0451,סוללת גיבוי ניידת 10000mAh,Anker,"סלולר, אודיו וגאדג'טים",מטענים וסוללות,"סוללת גיבוי קומפקטית לטעינת הטלפון פעמיים עד שלוש פעמים במלואו, עם שתי יציאות פלט וטעינה מהירה התומכת ברוב הסמארטפונים המודרניים.",קיבולת: 10000mAh | יציאות: 2 | טעינה מהירה: כן,https://placehold.co/600x600/f4f4f5/27272a/png?text=power%20bank
P0452,מטען אלחוטי MagSafe לשולחן עבודה,Belkin,"סלולר, אודיו וגאדג'טים",מטענים וסוללות,"מטען אלחוטי המתחבר מגנטית לגב הטלפון ומעניק יישור מדויק לטעינה יעילה, מעמד יציב לשולחן ותאורת חיווי עדינה בעת חיבור. גוף קומפקטי שמתאים לכל פינה בבית או במשרד.",הספק: 15W | חיבור: MagSafe | עמידה: כן,https://placehold.co/600x600/f4f4f5/27272a/png?text=wireless%20charger
P0453,מטען קיר GaN רב יציאות,Ugreen,"סלולר, אודיו וגאדג'טים",מטענים וסוללות,"מטען קיר קומפקטי המבוסס על טכנולוגיית GaN המאפשרת הספק גבוה בגוף קטן במיוחד, עם ארבע יציאות המאפשרות טעינת כמה מכשירים בו זמנית ביעילות מלאה.",הספק: 100W | יציאות: 4 | טכנולוגיה: GaN,https://placehold.co/600x600/f4f4f5/27272a/png?text=gan%20charger
P0454,מטען לרכב עם שתי יציאות USB-C,Anker,"סלולר, אודיו וגאדג'טים",מטענים וסוללות,"מטען המתחבר לשקע המצית ברכב ומספק טעינה מהירה לשני מכשירים בו זמנית, בגוף קטן שלא מפריע לנוחות הנהיגה. מתאים גם לנסיעות ארוכות עם כמה נוסעים בו זמנית.",יציאות: 2 USB-C | הספק: 40W | התאמה: רכב,https://placehold.co/600x600/f4f4f5/27272a/png?text=car%20charger
P0455,כבל טעינה USB-C ארוך ועמיד,Ugreen,"סלולר, אודיו וגאדג'טים",מטענים וסוללות,"כבל עמיד ואיכותי לטעינה מהירה והעברת נתונים, באורך המתאים לשימוש ליד המיטה או הספה בלי צורך למתוח את הידיים. שזור בסיבים עמידים לקריעה.",אורך: 2 מטר | חיבור: USB-C to USB-C | עמידות: שזור,https://placehold.co/600x600/f4f4f5/27272a/png?text=usb%20c%20cable
P0456,סוללת גיבוי ענקית 20000mAh עם תצוגה דיגיטלית,Anker,"סלולר, אודיו וגאדג'טים",מטענים וסוללות,"סוללת גיבוי בקיבולת גבוהה במיוחד המתאימה לטיולים ארוכים או ימי עבודה מרובי מסכים, עם תצוגה דיגיטלית המראה את אחוז הסוללה הנותר במדויק.",קיבולת: 20000mAh | תצוגה: דיגיטלית | יציאות: 3,https://placehold.co/600x600/f4f4f5/27272a/png?text=large%20power%20bank
P0457,מטען אלחוטי כפול לטלפון ולשעון חכם,Belkin,"סלולר, אודיו וגאדג'טים",מטענים וסוללות,"מעמד טעינה המשלב שתי משטחי טעינה אלחוטית, אחד לטלפון ואחד לשעון חכם, כך שניתן לטעון את שני המכשירים במקביל בעמדה אחת מסודרת ליד המיטה.",משטחים: 2 | הספק טלפון: 15W | תאימות שעון: כן,https://placehold.co/600x600/f4f4f5/27272a/png?text=dual%20charger
P0458,סוללת גיבוי קטנה וקומפקטית לכיס,Xiaomi,"סלולר, אודיו וגאדג'טים",מטענים וסוללות,"סוללת גיבוי בגודל כרטיס אשראי כמעט, נכנסת בקלות לכיס או לתיק קטן, מתאימה כגיבוי חירום ליום יציאה ארוך מהבית. משקלה הקל כמעט ולא מורגש בכיס.",קיבולת: 5000mAh | משקל: קל | יציאה: USB-C,https://placehold.co/600x600/f4f4f5/27272a/png?text=mini%20power%20bank
P0459,מטען קיר בסיסי USB-A יציאה בודדת,,"סלולר, אודיו וגאדג'טים",מטענים וסוללות,"מטען קיר פשוט וזול ליציאה אחת, מתאים כתחליף למטען שאבד או כמטען נוסף לבית. תואם לרוב הכבלים הסטנדרטיים וקל להכניס לכל שקע קיר רגיל.",יציאות: 1 USB-A | הספק: 10W,https://placehold.co/600x600/f4f4f5/27272a/png?text=basic%20charger
P0460,תחנת טעינה אלחוטית תלת-מכשירית,Anker,"סלולר, אודיו וגאדג'טים",מטענים וסוללות,"תחנת טעינה מעוצבת המאפשרת לטעון טלפון, שעון חכם ואוזניות אלחוטיות בו זמנית על משטח אחד, ומסדרת את שולחן העבודה או שידת הלילה מבלגן כבלים.",מכשירים: 3 | הספק: עד 15W | עיצוב: קומפקטי,https://placehold.co/600x600/f4f4f5/27272a/png?text=charging%20station
P0461,כבל Lightning עמיד לטעינה ולנתונים,Belkin,"סלולר, אודיו וגאדג'טים",מטענים וסוללות,"כבל איכותי המתאים למכשירי אפל ישנים יותר, עם ציפוי עמיד לקיפולים חוזרים ותמיכה בהעברת נתונים ותמונות מהירה לצד טעינה סטנדרטית.",אורך: 1 מטר | חיבור: Lightning | עמידות: קיפולים,https://placehold.co/600x600/f4f4f5/27272a/png?text=lightning%20cable
P0462,סוללת גיבוי עם פאנל סולארי לטיולי שטח,Choetech,"סלולר, אודיו וגאדג'טים",מטענים וסוללות,"סוללת גיבוי המצוידת בפאנל סולארי קטן על גביה, המאפשר טעינה חלקית מאור השמש כאשר אין גישה לשקע חשמל, שימושי במיוחד לטיולי שטח ממושכים.",קיבולת: 10000mAh | פאנל סולארי: כן | עמידות: IP65,https://placehold.co/600x600/f4f4f5/27272a/png?text=solar%20power%20bank
P0463,מטען מהיר 65W למחשב נייד וטלפון,Ugreen,"סלולר, אודיו וגאדג'טים",מטענים וסוללות,"מטען קיר בהספק גבוה המתאים גם לטעינת מחשבים ניידים קלים וגם לטעינת טלפונים במהירות מרבית, עם תקע מתקפל לנשיאה נוחה בתיק.",הספק: 65W | תקע: מתקפל | יציאות: USB-C ו-USB-A,https://placehold.co/600x600/f4f4f5/27272a/png?text=laptop%20charger
P0464,כיסוי סיליקון מגן לסמארטפון,Spigen,"סלולר, אודיו וגאדג'טים",מגנים ואביזרים לסלולר,"כיסוי גמיש ודק המגן מפני שריטות ונפילות קלות, עם פתחים מדויקים לכל הכפתורים והחיבורים. זמין במגוון צבעים בסיסיים ושומר על משקל הטלפון המקורי כמעט ללא תוספת.",חומר: סיליקון | עמידות נפילה: 1.2 מטר | פתחי כפתורים: מדויקים,https://placehold.co/600x600/f4f4f5/27272a/png?text=phone%20case
P0465,כיסוי עמיד בזעזועים עם פינות מוגברות,OtterBox,"סלולר, אודיו וגאדג'טים",מגנים ואביזרים לסלולר,"כיסוי מחוזק במיוחד לפינות המכשיר, סופג זעזועים מנפילות גבוהות ושומר על גב הטלפון שלם. עיצוב מקצועי מעט עבה יותר מכיסוי רגיל.",עמידות נפילה: 3 מטר | פינות: מוגברות | חומר: TPU ופוליקרבונט,https://placehold.co/600x600/f4f4f5/27272a/png?text=rugged%20case
P0466,מגן מסך זכוכית מחוסמת,,"סלולר, אודיו וגאדג'טים",מגנים ואביזרים לסלולר,"מגן מסך שקוף מזכוכית מחוסמת המגן מפני שריטות וסדקים, מותקן בקלות ללא בועות אוויר ושומר על רגישות המגע המקורית של המסך.",חומר: זכוכית מחוסמת | קשיות: 9H | התקנה: ללא בועות,https://placehold.co/600x600/f4f4f5/27272a/png?text=screen%20protector
P0467,מעמד לרכב מגנטי לחלון הקדמי,Belkin,"סלולר, אודיו וגאדג'טים",מגנים ואביזרים לסלולר,"מעמד המחבר את הטלפון מגנטית לדשבורד או לחלון הרכב, מאפשר גישה נוחה לניווט בזמן נהיגה עם התקנה יציבה שלא זזה בבלימות.",חיבור: מגנטי | התקנה: יניקה או דבק | סיבוב: 360 מעלות,https://placehold.co/600x600/f4f4f5/27272a/png?text=car%20mount
P0468,מקל סלפי עם שלט בלוטות' מובנה,Manfrotto,"סלולר, אודיו וגאדג'טים",מגנים ואביזרים לסלולר,"מקל מתארך לצילומי סלפי וקבוצתיות, מגיע עם שלט קטן שמתחבר באלחוט ומאפשר לחיצה על הכפתור מרחוק בלי לגעת בטלפון עצמו.",אורך: עד 1 מטר | שלט: Bluetooth | קיפול: כן,https://placehold.co/600x600/f4f4f5/27272a/png?text=selfie%20stick
P0469,ג'ימבל ייצוב לסמארטפון לצילום וידאו חלק,DJI,"סלולר, אודיו וגאדג'טים",מגנים ואביזרים לסלולר,"מייצב אלקטרוני בשלושה צירים המבטל רעידות ותנועות פתאומיות בזמן צילום וידאו הליכה, ריצה או רכיבה, ומעניק תוצאה חלקה ומקצועית כמו במצלמת קולנוע.",צירים: 3 | סוללה: עד 12 שעות | תאימות: רוב הסמארטפונים,https://placehold.co/600x600/f4f4f5/27272a/png?text=gimbal%20stabilizer
P0470,תג איתור Bluetooth למפתחות ותיקים,Apple,"סלולר, אודיו וגאדג'טים",מגנים ואביזרים לסלולר,"תג קטן וקל שניתן לצרף למפתחות, לארנק או לתיק, ומאפשר לאתר את מיקומם דרך אפליקציה ייעודית ורשת מכשירים גלובלית כאשר הם אובדים.",חיבור: Bluetooth | סוללה: מוחלפת | עמידות: IP67,https://placehold.co/600x600/f4f4f5/27272a/png?text=tracker%20tag
P0471,כיסוי ארנק עם תא לכרטיסי אשראי,ESR,"סלולר, אודיו וגאדג'טים",מגנים ואביזרים לסלולר,"כיסוי המשלב תא נסתר בגב הטלפון לאחסון כרטיס אשראי או תעודת זהות, נוח למי שרוצה לצאת מהבית עם פחות פריטים בכיס.",תא כרטיסים: כן | חומר: עור סינטטי | סגירה: מגנטית,https://placehold.co/600x600/f4f4f5/27272a/png?text=wallet%20case
P0472,מעמד שולחני מתכוונן לטלפון וטאבלט,Ugreen,"סלולר, אודיו וגאדג'טים",מגנים ואביזרים לסלולר,"מעמד יציב מאלומיניום המאפשר צפייה נוחה בסרטונים או בשיחות וידאו על השולחן, עם זווית מתכווננת ותושבת רחבה המתאימה גם לטאבלטים.",חומר: אלומיניום | זווית: מתכווננת | תאימות: טלפון וטאבלט,https://placehold.co/600x600/f4f4f5/27272a/png?text=phone%20stand
P0473,כיסוי MagSafe שקוף עם ציפוי אנטי-הצהבה,Spigen,"סלולר, אודיו וגאדג'טים",מגנים ואביזרים לסלולר,"כיסוי שקוף המאפשר להציג את צבע הטלפון המקורי, תואם למגנטים לטעינה אלחוטית מהירה ומצופה בשכבה מיוחדת המונעת הצהבה עם הזמן.",שקיפות: כן | תאימות: MagSafe | הגנה: אנטי-הצהבה,https://placehold.co/600x600/f4f4f5/27272a/png?text=clear%20case
P0474,מגן מסך פרטיות למניעת הצצה,ZAGG,"סלולר, אודיו וגאדג'טים",מגנים ואביזרים לסלולר,"מגן מסך המחשיך את התצוגה כאשר צופים בזווית מהצד, כך שרק המחזיק במכשיר מול המסך רואה את התוכן בבירור. שימושי בתחבורה ציבורית ובמשרד פתוח.",חומר: זכוכית מחוסמת | פרטיות: זוויתית | קשיות: 9H,https://placehold.co/600x600/f4f4f5/27272a/png?text=privacy%20screen%20protector
P0475,ג'ימבל קומפקטי לצילומי נסיעה ותנועה,DJI,"סלולר, אודיו וגאדג'טים",מגנים ואביזרים לסלולר,"ג'ימבל קומפקטי המיועד בעיקר לצילומי נסיעה ותנועה מתוך הרכב או האופניים, קליל וקל להרכבה עם מעקב אובייקט אוטומטי בזמן צילום.",צירים: 3 | מעקב אובייקט: אוטומטי | משקל: קל,https://placehold.co/600x600/f4f4f5/27272a/png?text=travel%20gimbal
P0476,כיסוי אגרוף עם חגורת יד לספורט,Spigen,"סלולר, אודיו וגאדג'טים",מגנים ואביזרים לסלולר,"כיסוי עם רצועה אלסטית בגב המאפשרת לאחוז את הטלפון בביטחון בזמן ריצה או אימון, מבלי לחשוש מנפילה מהיד. פתחים לשמע ולטעינה.",רצועה: אלסטית | עמידות נפילה: 1 מטר | ייעוד: ספורט,https://placehold.co/600x600/f4f4f5/27272a/png?text=sport%20grip%20case
P0477,מצלמת אקשן עמידה למים לספורט אתגרי,GoPro,"סלולר, אודיו וגאדג'טים",מצלמות ורחפנים,"מצלמת אקשן קומפקטית וחזקה בעצמה, מצלמת וידאו ברזולוציה גבוהה עם ייצוב תמונה דיגיטלי מעולה, עמידה במים ללא צורך בקייס נוסף עד עומק מסוים.",וידאו: 4K | עמידות מים: 10 מטר | ייצוב: דיגיטלי,https://placehold.co/600x600/f4f4f5/27272a/png?text=action%20camera
P0478,מצלמה אינסטנט להדפסת תמונות מיידית,Fujifilm,"סלולר, אודיו וגאדג'טים",מצלמות ורחפנים,"מצלמה המדפיסה את התמונה מיד לאחר הצילום על נייר ייעודי, מושלמת למסיבות ולזכרונות מוחשיים. עיצוב צבעוני קליל ופשוט לתפעול גם למתחילים.",הדפסה: מיידית | פילם: נדרש בנפרד | פלאש: מובנה,https://placehold.co/600x600/f4f4f5/27272a/png?text=instant%20camera
P0479,רחפן קומפקטי עם מצלמה מתקפלת,DJI,"סלולר, אודיו וגאדג'טים",מצלמות ורחפנים,"רחפן קל משקל המתקפל לגודל כף יד, מצויד במצלמה יציבה על ג'ימבל, חיישני התחמקות ממכשולים ומצבי טיסה אוטומטיים לצילומים מרשימים בקלות.",משקל: קל | מצלמה: יציבה | חיישני מכשולים: כן | טיסה: עד 30 דקות,https://placehold.co/600x600/f4f4f5/27272a/png?text=drone
P0480,מצלמת 360 מעלות לצילום סביבתי מלא,Insta360,"סלולר, אודיו וגאדג'טים",מצלמות ורחפנים,"מצלמה ייחודית הקולטת את הסביבה כולה בו-זמנית בזווית 360 מעלות, ומאפשרת בעריכה לבחור את הזווית הרצויה לאחר הצילום. אידיאלית לוידאו הרפתקאות ותיעוד רכיבה.",זווית צילום: 360 מעלות | וידאו: 5.7K | עמידות: מים עם קייס,https://placehold.co/600x600/f4f4f5/27272a/png?text=360%20camera
P0481,מצלמה ללא מראה עם עדשה ניתנת להחלפה,Fujifilm,"סלולר, אודיו וגאדג'טים",מצלמות ורחפנים,"מצלמה מקצועית קלת משקל עם חיישן גדול המעניק איכות תמונה גבוהה ועומק שדה יפה, מתאימה לצלמים מתקדמים המחפשים שליטה מלאה בהגדרות.",חיישן: APS-C | עדשה: ניתנת להחלפה | וידאו: 4K,https://placehold.co/600x600/f4f4f5/27272a/png?text=mirrorless%20camera
P0482,רחפן קל למתחילים עם מצב מגן טיסה,Holy Stone,"סלולר, אודיו וגאדג'טים",מצלמות ורחפנים,"רחפן קטן ופשוט לתפעול המיועד למי שרק מתחיל בעולם הרחפנים, עם מצלמה בסיסית ומצב מגן טיסה יציב שמונע התרסקויות בזמן לימוד השליטה.",משקל: קל מאוד | מצלמה: בסיסית | מצב מגן: כן,https://placehold.co/600x600/f4f4f5/27272a/png?text=toy%20drone
P0483,מצלמת רכב לתיעוד נסיעה מקדימה,,"סלולר, אודיו וגאדג'טים",מצלמות ורחפנים,"מצלמה קטנה המתחברת לשמשה הקדמית של הרכב ומתעדת את הנסיעה ברציפות, שומרת אוטומטית בלולאה ומחליפה קבצים ישנים בחדשים לפי הצורך.",וידאו: Full HD | הקלטה: לולאה | חיישן פגיעה: כן,https://placehold.co/600x600/f4f4f5/27272a/png?text=dash%20camera
P0484,מצלמת אקשן זולה לשימוש מזדמן,AKASO,"סלולר, אודיו וגאדג'טים",מצלמות ורחפנים,"מצלמת אקשן בסיסית במחיר נגיש לצילומי טיולים וספורט מזדמן, מגיעה עם קייס עמיד למים ואביזרי הרכבה בסיסיים. איכות תמונה סבירה למשתמש מזדמן.",וידאו: 1080p | קייס עמיד מים: כלול | אביזרי הרכבה: כלולים,https://placehold.co/600x600/f4f4f5/27272a/png?text=budget%20action%20camera
P0485,רחפן מקצועי עם מצלמה בעלת זום אופטי,DJI,"סלולר, אודיו וגאדג'טים",מצלמות ורחפנים,"רחפן מתקדם לצלמים מקצועיים עם מצלמה איכותית הכוללת זום אופטי, זמן טיסה ארוך וקישוריות משודרגת המתאימה לצילומי נדל״ן ואירועים גדולים.",זום: אופטי | טיסה: עד 40 דקות | קישוריות: משודרגת,https://placehold.co/600x600/f4f4f5/27272a/png?text=professional%20drone
P0486,מצלמת רשת ביתית לצפייה מרחוק בבית,TP-Link,"סלולר, אודיו וגאדג'טים",מצלמות ורחפנים,"מצלמת אבטחה ביתית קטנה המתחברת לרשת הבית ומאפשרת צפייה חיה מהטלפון מכל מקום, עם זיהוי תנועה והתראות מיידיות וראיית לילה באינפרא אדום.",ראיית לילה: אינפרא אדום | זיהוי תנועה: כן | חיבור: Wi-Fi,https://placehold.co/600x600/f4f4f5/27272a/png?text=home%20security%20camera
P0487,מצלמה דיגיטלית קומפקטית לצילום יומיומי,Sony,"סלולר, אודיו וגאדג'טים",מצלמות ורחפנים,"מצלמה קטנה וקלה לנשיאה יומיומית, עם עדשה מובנית איכותית וקלות תפעול המתאימה למי שמחפש שדרוג ממצלמת הטלפון בלי להתעסק בהגדרות מסובכות.",עדשה: מובנית | וידאו: 4K | משקל: קל,https://placehold.co/600x600/f4f4f5/27272a/png?text=compact%20camera
P0488,מייצב ג'ימבל ייעודי למצלמות אקשן,DJI,"סלולר, אודיו וגאדג'טים",מצלמות ורחפנים,"מייצב קטן המחובר למצלמת אקשן ומעניק לה תנועה חלקה גם בזמן ריצה או רכיבה על אופני הרים, עם שלט הזזה על גבי היחידה עצמה לשליטה בזווית הצילום.",תאימות: מצלמות אקשן | צירים: 3 | שליטה: שלט מובנה,https://placehold.co/600x600/f4f4f5/27272a/png?text=action%20camera%20gimbal
P0489,קורא ספרים אלקטרוני עם תאורה מובנית,Amazon,"סלולר, אודיו וגאדג'טים",קוראים אלקטרוניים וגאדג'טים,"מסך דיו אלקטרוני נוח לעיניים לקריאה ממושכת גם בשמש, עם תאורה מובנית הניתנת לכיוונון עוצמה וגוון, וסוללה שמחזיקה שבועות ארוכים בשימוש רגיל.",מסך: דיו אלקטרוני | תאורה: מתכווננת | סוללה: שבועות,https://placehold.co/600x600/f4f4f5/27272a/png?text=e-reader
P0490,קורא ספרים אלקטרוני עמיד למים,Kobo,"סלולר, אודיו וגאדג'טים",קוראים אלקטרוניים וגאדג'טים,"קורא ספרים קל משקל העמיד בפני מים ולחות, מתאים לקריאה ליד הבריכה או באמבטיה בלי חשש. תומך במגוון רחב של פורמטים ובספריות דיגיטליות שונות.",עמידות: IPX8 | תמיכת פורמטים: רחבה | סוללה: שבועות,https://placehold.co/600x600/f4f4f5/27272a/png?text=waterproof%20e-reader
P0491,מסגרת תמונה דיגיטלית עם וויפי,Nixplay,"סלולר, אודיו וגאדג'טים",קוראים אלקטרוניים וגאדג'טים,"מסגרת המציגה תמונות דיגיטליות המועלות ישירות מהטלפון דרך אפליקציה, מתחלפות אוטומטית במרווחים קבועים ומתאימות כמתנה למשפחה מרוחקת. ניתן לשלוט בקצב ההחלפה ובסדר התמונות מרחוק.",חיבור: Wi-Fi | מסך: צבעוני | העלאה: מהאפליקציה,https://placehold.co/600x600/f4f4f5/27272a/png?text=digital%20photo%20frame
P0492,מדפסת מדבקות קטנה נטענת לשימוש ביתי,NIIMBOT,"סלולר, אודיו וגאדג'טים",קוראים אלקטרוניים וגאדג'טים,"מדפסת קטנה וניידת להדפסת מדבקות ותוויות לארגון הבית והמשרד, מתחברת לטלפון באלחוט ומאפשרת עיצוב טקסט ותמונות פשוט לפני ההדפסה. מתאימה לסימון קופסאות אחסון ותיקי מסמכים.",חיבור: Bluetooth | הדפסה: תרמית ללא דיו | סוללה: נטענת,https://placehold.co/600x600/f4f4f5/27272a/png?text=label%20printer
P0493,מתרגם קולי כף יד לשפות רבות,Pocketalk,"סלולר, אודיו וגאדג'טים",קוראים אלקטרוניים וגאדג'טים,"מכשיר קטן שמתרגם דיבור בזמן אמת בין עשרות שפות, שימושי בנסיעות לחו״ל ובמפגשים עם דוברי שפה זרה, עם מיקרופון רגיש ורמקול ברור.",שפות: עשרות | תרגום: בזמן אמת | סוללה: יום שלם,https://placehold.co/600x600/f4f4f5/27272a/png?text=translator%20device
P0494,מקליט קול חכם עם תמלול אוטומטי לפגישות,Sony,"סלולר, אודיו וגאדג'טים",קוראים אלקטרוניים וגאדג'טים,"מכשיר הקלטה קטן המתמלל אוטומטית שיחות ופגישות לטקסט מיידי באמצעות בינה מלאכותית, עם זיכרון פנימי נרחב ומיקרופון רגיש הקולט קול ברור גם מרחוק בחדר ישיבות.",תמלול: אוטומטי | זיכרון: פנימי | סוללה: יום שלם,https://placehold.co/600x600/f4f4f5/27272a/png?text=voice%20recorder
P0495,קורא ספרים אלקטרוני עם מסך גדול לקומיקס ומגזינים,Amazon,"סלולר, אודיו וגאדג'טים",קוראים אלקטרוניים וגאדג'טים,"קורא בעל מסך גדול במיוחד המתאים לקריאת קומיקס, מגזינים ומסמכי PDF מורכבים בנוחות, עם רזולוציה גבוהה המציגה פרטים חדים גם בתמונות.",מסך: גדול | רזולוציה: גבוהה | תמיכת PDF: כן,https://placehold.co/600x600/f4f4f5/27272a/png?text=large%20e-reader
P0496,מסגרת תמונה דיגיטלית עם חיישן תנועה,Aura,"סלולר, אודיו וגאדג'טים",קוראים אלקטרוניים וגאדג'טים,"מסגרת המזהה תנועה בחדר ומדליקה את המסך רק כאשר מישהו נמצא בסביבה, כדי לחסוך בסוללה ולהאריך את חיי המכשיר, לצד עיצוב דק ואלגנטי.",חיישן תנועה: כן | עיצוב: דק | סוללה: נטענת,https://placehold.co/600x600/f4f4f5/27272a/png?text=smart%20photo%20frame
P0497,מדפסת תמונות מיידית לטלפון,Fujifilm,"סלולר, אודיו וגאדג'טים",קוראים אלקטרוניים וגאדג'טים,"מדפסת קטנה המתחברת לטלפון ומדפיסה תמונות מהגלריה תוך דקות, מתאימה לאירועים ולמתנות אישיות, עם נייר ייעודי בגודל כרטיס. קלה לנשיאה ופועלת גם ללא חיבור לאינטרנט.",חיבור: Bluetooth | גודל הדפסה: כרטיס | סוללה: נטענת,https://placehold.co/600x600/f4f4f5/27272a/png?text=photo%20printer
P0498,מתרגם תמונה וטקסט חכם,Vasco,"סלולר, אודיו וגאדג'טים",קוראים אלקטרוניים וגאדג'טים,"מכשיר קטן המצלם טקסט בשפה זרה ומציג תרגום מיידי על גבי מסך משולב, שימושי לקריאת תפריטים, שלטים ומסמכים בזמן נסיעות בחו״ל.",זיהוי טקסט: מצלמה | תרגום: מיידי | מסך: מובנה,https://placehold.co/600x600/f4f4f5/27272a/png?text=text%20translator
P0499,קורא ספרים אלקטרוני קומפקטי לכיס,Kobo,"סלולר, אודיו וגאדג'טים",קוראים אלקטרוניים וגאדג'טים,"קורא ספרים קטן וקליל הנכנס בקלות לכיס מעיל או לתיק יד, מתאים למי שרוצה תמיד ספר זמין בלי לשאת מכשיר גדול. סוללה חסכונית לימים רבים.",גודל: קומפקטי | משקל: קל | סוללה: ימים רבים,https://placehold.co/600x600/f4f4f5/27272a/png?text=pocket%20e-reader
P0500,גאדג'ט השמעת פודקאסטים ורדיו קטן לנייד,,"סלולר, אודיו וגאדג'טים",קוראים אלקטרוניים וגאדג'טים,"מכשיר קטן וקליל המנגן תחנות רדיו ותוכן שמע מוקלט מראש ללא צורך בטלפון או באינטרנט, מתאים לטיולים במקומות עם קליטה מוגבלת.",חיבור: ללא אינטרנט | סוללה: ימים | רמקול: מובנה,https://placehold.co/600x600/f4f4f5/27272a/png?text=portable%20radio
P0501,טלוויזיה 65 אינץ' QLED 4K,Samsung,"טלוויזיה, גיימינג ובידור",טלוויזיות,"מסך QLED עם עיבוד תמונה מבוסס בינה מלאכותית, תאורת Quantum HDR ותמיכה במגוון רחב של אפליקציות סטרימינג. מתאים לסלון מרכזי ומספק ניגודיות גבוהה גם בסביבה מוארת.","גודל מסך: 65 אינץ' | רזולוציה: 4K UHD | טכנולוגיה: QLED | חיבוריות: HDMI 2.1, Wi-Fi",https://placehold.co/600x600/f4f4f5/27272a/png?text=qled%20tv
P0502,טלוויזיה 55 אינץ' OLED,LG,"טלוויזיה, גיימינג ובידור",טלוויזיות,"פאנל OLED עם שחור אמיתי וזמן תגובה מהיר, כולל מעבד ייעודי לשיפור צבעים ותנועה. מצוין לצפייה בסרטים וגם למשחקי וידאו הודות לתמיכה ב-VRR ו-ALLM.",גודל מסך: 55 אינץ' | טכנולוגיה: OLED | קצב רענון: 120Hz | מערכת הפעלה: webOS,https://placehold.co/600x600/f4f4f5/27272a/png?text=oled%20television
P0503,טלוויזיה 50 אינץ' UHD Smart TV,Hisense,"טלוויזיה, גיימינג ובידור",טלוויזיות,"טלוויזיה חכמה בגודל בינוני עם רזולוציית UHD, תמיכה ב-HDR10 וממשק פשוט לשימוש. אפשרות התחברות לשירותי סטרימינג מובילים ישירות מהמסך, ומתאימה לצפייה משפחתית יומיומית.",גודל מסך: 50 אינץ' | רזולוציה: 4K UHD | HDR: HDR10 | מערכת הפעלה: VIDAA,https://placehold.co/600x600/f4f4f5/27272a/png?text=smart%20tv
P0504,טלוויזיה 75 אינץ' Mini LED 4K,TCL,"טלוויזיה, גיימינג ובידור",טלוויזיות,"טכנולוגיית Mini LED מספקת בהירות גבוהה ואזורי עמעום מדויקים לניגודיות משופרת. מסך גדול המתאים לחדרי מדיה וקולנוע ביתי, עם תמיכה מלאה ב-Dolby Vision ו-Atmos.",גודל מסך: 75 אינץ' | טכנולוגיה: Mini LED | HDR: Dolby Vision | סאונד: Dolby Atmos,https://placehold.co/600x600/f4f4f5/27272a/png?text=mini%20led%20tv
P0505,טלוויזיה 43 אינץ' Full HD Smart TV,Samsung,"טלוויזיה, גיימינג ובידור",טלוויזיות,"פתרון קומפקטי לחדר שינה או מטבח, עם ממשק חכם, שלט קולי ותמיכה בשירותי הזרמה נפוצים. חיבור Wi-Fi מובנה וצריכת חשמל נמוכה.","גודל מסך: 43 אינץ' | רזולוציה: Full HD | מערכת הפעלה: Tizen | קישוריות: Wi-Fi, Bluetooth",https://placehold.co/600x600/f4f4f5/27272a/png?text=bedroom%20tv
P0506,טלוויזיה 85 אינץ' QLED 4K,TCL,"טלוויזיה, גיימינג ובידור",טלוויזיות,"מסך ענק לחלל מגורים גדול, עם טכנולוגיית Quantum Dot לצבעים עשירים ותאורה אחורית Full Array לניגודיות מדויקת. כולל מרכז בקרה חכם לניהול מכשירי הבית המקושרים.",גודל מסך: 85 אינץ' | טכנולוגיה: QLED | תאורה אחורית: Full Array Local Dimming | קצב רענון: 120Hz,https://placehold.co/600x600/f4f4f5/27272a/png?text=large%20tv%20living%20room
P0507,טלוויזיה 40 אינץ' Smart TV,Hisense,"טלוויזיה, גיימינג ובידור",טלוויזיות,מסך שני נוח לחדר עבודה או חדר ילדים.,גודל מסך: 40 אינץ' | רזולוציה: Full HD | מערכת הפעלה: VIDAA,https://placehold.co/600x600/f4f4f5/27272a/png?text=small%20tv
P0508,טלוויזיה 65 אינץ' OLED evo,LG,"טלוויזיה, גיימינג ובידור",טלוויזיות,דור חדש של פאנלי OLED עם שכבת בהירות evo המעלה את רמת האור בהשוואה לדגמים קודמים. מותאם לחדרי קולנוע ביתיים עם עיבוד תמונה ברמת סטודיו וכיול צבע מדויק.,גודל מסך: 65 אינץ' | טכנולוגיה: OLED evo | עיבוד: מעבד תמונה מתקדם | HDR: Dolby Vision IQ,https://placehold.co/600x600/f4f4f5/27272a/png?text=oled%20evo%20tv
P0509,טלוויזיה 55 אינץ' Google TV 4K,Sony,"טלוויזיה, גיימינג ובידור",טלוויזיות,מסך Bravia עם מעבד תמונה קוגניטיבי המזהה את מוקד העניין בכל פריים ומשפר בהתאם ניגודיות וצבע. ממשק Google TV מרכז את כל שירותי הסטרימינג במקום אחד.,"גודל מסך: 55 אינץ' | רזולוציה: 4K | מערכת הפעלה: Google TV | HDR: HDR10, Dolby Vision",https://placehold.co/600x600/f4f4f5/27272a/png?text=sony%20bravia%20tv
P0510,טלוויזיה 32 אינץ' HD Ready,Samsung,"טלוויזיה, גיימינג ובידור",טלוויזיות,"מסך קומפקטי וחסכוני, פתרון פשוט למטבח, לחדר עבודה קטן או כמסך גיבוי.","גודל מסך: 32 אינץ' | רזולוציה: HD Ready | קישוריות: HDMI, USB",https://placehold.co/600x600/f4f4f5/27272a/png?text=kitchen%20tv
P0511,טלוויזיה 98 אינץ' Neo QLED 4K,Samsung,"טלוויזיה, גיימינג ובידור",טלוויזיות,"דגם דגל בגודל מרשים לחללי מגורים גדולים במיוחד, עם טכנולוגיית Mini LED מתקדמת ומעבד בינה מלאכותית לשדרוג תוכן לרזולוציית 4K בזמן אמת. מומלץ לחלל פתוח עם מרחק צפייה גדול.",גודל מסך: 98 אינץ' | טכנולוגיה: Neo QLED | עיבוד: מעבד רשת נוירונים | HDR: HDR10+,https://placehold.co/600x600/f4f4f5/27272a/png?text=giant%20tv
P0512,טלוויזיה ניידת לחצר 24 אינץ' עם סוללה,Philips,"טלוויזיה, גיימינג ובידור",טלוויזיות,"טלוויזיה קומפקטית וניידת עם סוללה פנימית וידית נשיאה, מושלמת לצפייה בחצר, במרפסת או בטיולי קמפינג. כוללת טיונר משולב וכניסת HDMI לחיבור מכשירים חיצוניים.","גודל מסך: 24 אינץ' | סוללה: פנימית נטענת | רזולוציה: HD | קישוריות: HDMI, USB",https://placehold.co/600x600/f4f4f5/27272a/png?text=portable%20tv
P0513,טלוויזיה 55 אינץ' OLED 4K,Panasonic,"טלוויזיה, גיימינג ובידור",טלוויזיות,"פאנל OLED עם כיול צבע מקצועי בשיתוף מעבדות קולנוע, מספק גווני עור טבעיים ושחור עמוק. מתאים לחובבי קולנוע המחפשים דיוק תמונה מרבי בסלון הביתי.","גודל מסך: 55 אינץ' | טכנולוגיה: OLED | HDR: Dolby Vision, HDR10+ | עיבוד צבע: כיול קולנועי",https://placehold.co/600x600/f4f4f5/27272a/png?text=panasonic%20oled
P0514,מקרן Full HD לבית קולנוע ביתי,Epson,"טלוויזיה, גיימינג ובידור",מקרנים ומסכי הקרנה,"מקרן LCD תלת-צ'יפ עם בהירות גבוהה גם בחדרים מוארים חלקית, ומסך המתאים עד 300 אינץ'. כולל תיקון טרפז אנכי ואופקי אוטומטי להתקנה נוחה.",רזולוציה: Full HD | בהירות: 3400 לומן | גודל תמונה: עד 300 אינץ' | טכנולוגיה: 3LCD,https://placehold.co/600x600/f4f4f5/27272a/png?text=home%20theater%20projector
P0515,מקרן לייזר 4K,BenQ,"טלוויזיה, גיימינג ובידור",מקרנים ומסכי הקרנה,"מקור אור לייזר עמיד לאורך שנים ללא צורך בהחלפת נורה, עם כיסוי צבעים רחב ותמיכה בעיבוד HDR ייעודי. מתאים להתקנה קבועה בחדר קולנוע ביתי.","רזולוציה: 4K UHD | מקור אור: לייזר | כיסוי צבעים: 100% DCI-P3 | HDR: HDR10, HLG",https://placehold.co/600x600/f4f4f5/27272a/png?text=laser%20projector
P0516,מקרן חכם נייד Android TV,XGIMI,"טלוויזיה, גיימינג ובידור",מקרנים ומסכי הקרנה,"מקרן קומפקטי עם מערכת הפעלה Android TV מובנית, רמקולים כפולים ואוטופוקוס. ניתן להעביר בקלות בין חדרים ולהקרין סרטים ואף משחקים על כל קיר בבית.",רזולוציה: 1080p | בהירות: 900 ANSI לומן | מערכת הפעלה: Android TV | פוקוס: אוטומטי,https://placehold.co/600x600/f4f4f5/27272a/png?text=portable%20smart%20projector
P0517,מקרן כיס מיני חכם,Anker,"טלוויזיה, גיימינג ובידור",מקרנים ומסכי הקרנה,"מקרן כיס קטן במיוחד עם סוללה פנימית, מתאים לצפייה מזדמנת בחדר או בחוץ בערב קיץ עם חברים.",רזולוציה: 720p | בהירות: 200 ANSI לומן | סוללה: עד 2.5 שעות | משקל: 0.7 ק״ג,https://placehold.co/600x600/f4f4f5/27272a/png?text=mini%20projector
P0518,מקרן CineBeam לייזר 4K,LG,"טלוויזיה, גיימינג ובידור",מקרנים ומסכי הקרנה,"מקרן לייזר תלת-צבע עם דיוק צבע גבוה במיוחד וזמן חיים ארוך למקור האור, מיועד למי שמחפש חוויית קולנוע ביתי ברמה מקצועית.",רזולוציה: 4K | מקור אור: לייזר תלת-צבע | בהירות: 3700 לומן | גודל תמונה: עד 120 אינץ',https://placehold.co/600x600/f4f4f5/27272a/png?text=cinebeam%20laser
P0519,מקרן קצר טווח למשרד ולבית,Optoma,"טלוויזיה, גיימינג ובידור",מקרנים ומסכי הקרנה,"מקרן קצר טווח המאפשר הקרנת תמונה גדולה ממרחק קטן מהקיר, ומצמצם צללים בעת שימוש מול המסך. מתאים גם לשימוש ביתי יומיומי וגם למצגות.","רזולוציה: Full HD | יחס הקרנה: קצר טווח | בהירות: 3600 לומן | חיבוריות: HDMI, VGA",https://placehold.co/600x600/f4f4f5/27272a/png?text=short%20throw%20projector
P0520,מקרן גיימינג עם קצב רענון גבוה,BenQ,"טלוויזיה, גיימינג ובידור",מקרנים ומסכי הקרנה,"מקרן ייעודי לגיימרים עם השהיית קלט נמוכה במיוחד ותמיכה בקצב רענון גבוה ברזולוציית 1080p, לחוויית משחק חלקה על מסך ענק.",רזולוציה: Full HD | קצב רענון: 240Hz | השהיית קלט: 4.2ms | בהירות: 2200 לומן,https://placehold.co/600x600/f4f4f5/27272a/png?text=gaming%20projector
P0521,The Freestyle מקרן נייד חכם,Samsung,"טלוויזיה, גיימינג ובידור",מקרנים ומסכי הקרנה,"מקרן עגלגל וקומפקטי שניתן למקם בכל זווית, עם התאמה אוטומטית לקיר ולמוקד. מריץ מערכת הפעלה חכמה ומאפשר גישה ישירה לאפליקציות סטרימינג ללא צורך במחשב נוסף.",רזולוציה: Full HD | בהירות: 550 ANSI לומן | מערכת הפעלה: Tizen | עיצוב: קומפקטי ניתן לסיבוב,https://placehold.co/600x600/f4f4f5/27272a/png?text=freestyle%20projector
P0522,מסך הקרנה חשמלי נשלט 120 אינץ',Elite Screens,"טלוויזיה, גיימינג ובידור",מקרנים ומסכי הקרנה,"מסך הקרנה חשמלי הנפרש בלחיצת כפתור בשלט רחוק, עם משטח לבן מאט המשפר ניגודיות ואחידות צבע.",גודל: 120 אינץ' | יחס תמונה: 16:9 | הפעלה: שלט רחוק אלחוטי | התקנה: תקרה/קיר,https://placehold.co/600x600/f4f4f5/27272a/png?text=projector%20screen
P0523,מסך הקרנה נייד עם חצובה,,"טלוויזיה, גיימינג ובידור",מקרנים ומסכי הקרנה,"מסך הקרנה ניתן לקיפול המונח על חצובה עומדת, נוח להעברה בין חדרים או לשימוש בחוץ בערבי קולנוע בגינה.",גודל: 100 אינץ' | סוג: מתקפל עם חצובה | הובלה: קל ונייד,https://placehold.co/600x600/f4f4f5/27272a/png?text=portable%20projector%20screen
P0524,מקרן 4K לייזר פרימיום לבית קולנוע,Epson,"טלוויזיה, גיימינג ובידור",מקרנים ומסכי הקרנה,"דגם פרימיום עם טכנולוגיית שלושה צ'יפים ומקור אור לייזר, מיועד לחדרי קולנוע ייעודיים החותרים לדיוק צבע קולנועי ועומק ניגודיות מרבי.",רזולוציה: 4K PRO-UHD | מקור אור: לייזר | ניגודיות: דינמית גבוהה | HDR: HDR10,https://placehold.co/600x600/f4f4f5/27272a/png?text=premium%20home%20cinema%20projector
P0525,מקרן LED נייד לקמפינג וטיולים,ViewSonic,"טלוויזיה, גיימינג ובידור",מקרנים ומסכי הקרנה,"מקרן קל משקל עם נורת LED חסכונית לאורך חיים ארוך, מופעל גם מסוללה חיצונית ומתאים לצפייה בטבע או בחדר ילדים.","רזולוציה: 720p | מקור אור: LED | בהירות: 300 לומן | חיבוריות: HDMI, USB",https://placehold.co/600x600/f4f4f5/27272a/png?text=outdoor%20camping%20projector
P0526,סאונד בר Arc,Sonos,"טלוויזיה, גיימינג ובידור",סאונד לסלון,"סאונד בר פרימיום עם ערוצי Dolby Atmos המשודרגים כלפי מעלה ליצירת תחושת מרחב תלת-ממדית, שליטה מלאה דרך אפליקציה ייעודית והשתלבות עם מערכת מולטירום.","ערוצים: 11 מגברים | תמיכה: Dolby Atmos | חיבוריות: Wi-Fi, HDMI eARC | שליטה: אפליקציה, קול",https://placehold.co/600x600/f4f4f5/27272a/png?text=sonos%20soundbar
P0527,סאונד בר עם סאבוופר אלחוטי,Samsung,"טלוויזיה, גיימינג ובידור",סאונד לסלון,מוסיף עומק לסאונד הטלוויזיה בסלון עם בס עוצמתי מהסאבוופר האלחוטי הנפרד ותמיכה בפורמט Dolby Digital.,"ערוצים: 3.1 | סאבוופר: אלחוטי | תמיכה: Dolby Digital | חיבוריות: HDMI, Bluetooth",https://placehold.co/600x600/f4f4f5/27272a/png?text=soundbar%20subwoofer
P0528,מקלט AV 7.2 ערוצים,Yamaha,"טלוויזיה, גיימינג ובידור",סאונד לסלון,"מקלט קולנוע ביתי רב-ערוצי עם עיבוד סאונד מתקדם, תמיכה במספר אזורי שמע ואפשרות חיבור עד שמונה מקורות HDMI במקביל.","ערוצים: 7.2 | הספק: 100W לערוץ | תמיכה: Dolby Atmos, DTS:X | כניסות HDMI: 8",https://placehold.co/600x600/f4f4f5/27272a/png?text=av%20receiver
P0529,מקלט AV Dolby Atmos,Denon,"טלוויזיה, גיימינג ובידור",סאונד לסלון,"מקלט קולנוע ביתי עם כיול אקוסטי אוטומטי להתאמת הסאונד לחלל החדר, ותמיכה מלאה בפורמטים אובייקטיביים לחוויית סראונד מדויקת.","ערוצים: 5.2 | תמיכה: Dolby Atmos, DTS:X | כיול: אוטומטי | הספק: 90W לערוץ",https://placehold.co/600x600/f4f4f5/27272a/png?text=denon%20receiver
P0530,סאונד בר Bar 1000 עם רמקולים אחוריים נשלפים,JBL,"טלוויזיה, גיימינג ובידור",סאונד לסלון,"סאונד בר מודולרי עם רמקולי לוויין אלחוטיים הניתנים לניתוק ולשימוש עצמאי כרמקולים ניידים, לצד סאבוופר אלחוטי לבס עמוק.",ערוצים: 7.1.4 | סאבוופר: אלחוטי נפרד | תמיכה: Dolby Atmos | ייחודיות: רמקולים אחוריים נשלפים,https://placehold.co/600x600/f4f4f5/27272a/png?text=jbl%20soundbar
P0531,טורנטייבל פטיפון,Audio-Technica,"טלוויזיה, גיימינג ובידור",סאונד לסלון,"פטיפון בלט-דרייב עם זרוע מאוזנת וראש מחט מובנה, מתאים גם למתחילים בעולם התקליטים וגם לאספנים המחפשים נגינה נאמנה למקור.","הנעה: בלט דרייב | מהירויות: 33/45 סל״ד | פלט: RCA, USB | ראש מחט: מובנה",https://placehold.co/600x600/f4f4f5/27272a/png?text=turntable%20vinyl
P0532,מערכת בית קולנוע 5.1,Sony,"טלוויזיה, גיימינג ובידור",סאונד לסלון,"חבילת רמקולים מלאה עם סאבוופר ומקלט משולב, פתרון פשוט להתקנה עצמית לשדרוג הסאונד בסלון, ומתאים למארחי ערבי קולנוע ביתיים.","ערוצים: 5.1 | סאבוופר: פעיל | תמיכה: Dolby Digital, DTS | חיבוריות: HDMI, Bluetooth",https://placehold.co/600x600/f4f4f5/27272a/png?text=home%20theater%20system
P0533,רמקול Hi-Fi ביתי,Bose,"טלוויזיה, גיימינג ובידור",סאונד לסלון,"רמקול נייד עוצמתי לשמע איכותי בכל חדר בבית, עם סוללה פנימית ואפשרות חיבור בלוטות' למספר מכשירים במקביל.","הספק: 60W | סוללה: עד 12 שעות | חיבוריות: Bluetooth, Wi-Fi | עיצוב: קומפקטי",https://placehold.co/600x600/f4f4f5/27272a/png?text=bose%20speaker
P0534,רמקול Bluetooth רטרו לסלון,Marshall,"טלוויזיה, גיימינג ובידור",סאונד לסלון,"רמקול בעיצוב רטרו קלאסי בהשראת מגברי גיטרה, עם צליל חם ועוצמתי המתאים לפינת ישיבה או למסיבה קטנה בבית.",הספק: 80W | חיבוריות: Bluetooth 5.2 | עיצוב: רטרו | הפעלה: חשמל,https://placehold.co/600x600/f4f4f5/27272a/png?text=retro%20bluetooth%20speaker
P0535,סאונד בר עם Dolby Atmos ו-Meridian,LG,"טלוויזיה, גיימינג ובידור",סאונד לסלון,"סאונד בר המפותח בשיתוף חברת אודיו בריטית, עם ערוצים כלפי מעלה ליצירת תחושת סראונד עוטפת ותמיכה במגוון פורמטים דיגיטליים.","ערוצים: 9.1.5 | סאבוופר: אלחוטי | תמיכה: Dolby Atmos, DTS:X | שיתוף פיתוח: Meridian Audio",https://placehold.co/600x600/f4f4f5/27272a/png?text=lg%20soundbar%20meridian
P0536,רמקולי מדף Hi-Fi זוג,Klipsch,"טלוויזיה, גיימינג ובידור",סאונד לסלון,"זוג רמקולי מדף פסיביים עם קונוס נחושת וקשת מכוונת לפיזור קול מדויק, מתאימים כרמקולים ראשיים במערכת סטריאו איכותית או כרמקולים אחוריים במערכת סראונד.",סוג: רמקולי מדף פסיביים | הספק: 100W | תדר: 62Hz-21kHz | חיבור: מגבר חיצוני נדרש,https://placehold.co/600x600/f4f4f5/27272a/png?text=bookshelf%20speakers
P0537,רמקול סאבוופר אלחוטי,Sonos,"טלוויזיה, גיימינג ובידור",סאונד לסלון,"סאבוופר אלחוטי המתחבר למערכת סאונד בר קיימת ומוסיף עומק ובס לחוויית הצפייה, ללא צורך בכבלים נוספים בסלון.",חיבוריות: Wi-Fi | תאימות: מערכות תואמות | עיצוב: ללא כבלים גלויים | מיקום: גמיש בחדר,https://placehold.co/600x600/f4f4f5/27272a/png?text=wireless%20subwoofer
P0538,מגבר סטריאו קלאסי לערוצי בית,Yamaha,"טלוויזיה, גיימינג ובידור",סאונד לסלון,"מגבר סטריאו זוגי בעיצוב קלאסי המתאים לחיבור טורנטייבל, רמקולי מדף ומקורות אנלוגיים נוספים, עם שליטה פשוטה בטון ובעוצמה.","ערוצים: 2.0 | הספק: 100W לערוץ | כניסות: Phono, AUX, Bluetooth | עיצוב: קלאסי",https://placehold.co/600x600/f4f4f5/27272a/png?text=stereo%20amplifier
P0539,Fire TV Stick 4K Max,Amazon,"טלוויזיה, גיימינג ובידור",סטרימרים ואביזרי טלוויזיה,"מתקן הזרמה קומפקטי המתחבר ליציאת HDMI והופך כל טלוויזיה לטלוויזיה חכמה, עם תמיכה ב-4K, HDR ושלט קולי הכולל כפתורי הפעלה מהירים לאפליקציות נפוצות.","רזולוציה: 4K | HDR: HDR10+, Dolby Vision | שלט: קולי | חיבוריות: Wi-Fi 6",https://placehold.co/600x600/f4f4f5/27272a/png?text=streaming%20stick
P0540,Chromecast עם Google TV,Google,"טלוויזיה, גיימינג ובידור",סטרימרים ואביזרי טלוויזיה,ממיר הזרמה עם שלט פיזי וממשק המרכז המלצות מכל האפליקציות במקום אחד. תומך בהזרמת תוכן מהנייד ישירות למסך.,רזולוציה: 4K HDR | מערכת הפעלה: Google TV | שלט: פיזי עם מיקרופון | חיבוריות: Wi-Fi,https://placehold.co/600x600/f4f4f5/27272a/png?text=chromecast%20google%20tv
P0541,Apple TV 4K,Apple,"טלוויזיה, גיימינג ובידור",סטרימרים ואביזרי טלוויזיה,"ממיר מדיה עם שבב מהיר ותמיכה מלאה בפורמטים קולנועיים, כולל סנכרון חלק עם מכשירי אפל אחרים ואפליקציית שלט ייעודית.","רזולוציה: 4K | HDR: Dolby Vision, HDR10+ | חיבוריות: Wi-Fi 6, Ethernet | שלט: מגע וקול",https://placehold.co/600x600/f4f4f5/27272a/png?text=apple%20tv%204k
P0542,Streaming Stick 4K,Roku,"טלוויזיה, גיימינג ובידור",סטרימרים ואביזרי טלוויזיה,"מתקן הזרמה פשוט לשימוש עם ממשק אחיד לכל שירותי הווידאו, ושלט הכולל כפתורי קיצור להפעלה מהירה של אפליקציות מועדפות.",רזולוציה: 4K HDR | חיבוריות: Wi-Fi | שלט: אינפרא אדום עם קיצורים | פלטפורמה: Roku OS,https://placehold.co/600x600/f4f4f5/27272a/png?text=roku%20stick
P0543,Shield TV Pro ממיר מדיה 4K,Nvidia,"טלוויזיה, גיימינג ובידור",סטרימרים ואביזרי טלוויזיה,ממיר מדיה חזק במיוחד עם יכולות שדרוג תמונה מבוסס בינה מלאכותית וזיכרון נרחב לתמיכה במשחקי ענן ואפליקציות כבדות.,"רזולוציה: 4K HDR | זיכרון: 3GB RAM | תמיכה: משחקי ענן | חיבוריות: Wi-Fi, Ethernet",https://placehold.co/600x600/f4f4f5/27272a/png?text=nvidia%20shield
P0544,Mi TV Stick 4K,Xiaomi,"טלוויזיה, גיימינג ובידור",סטרימרים ואביזרי טלוויזיה,מתקן הזרמה חסכוני עם ממשק Google TV מלא ותמיכה בפקודות קוליות.,רזולוציה: 4K | מערכת הפעלה: Google TV | שלט: קולי | חיבוריות: Wi-Fi,https://placehold.co/600x600/f4f4f5/27272a/png?text=xiaomi%20tv%20stick
P0545,סוגר קיר מתכוונן לטלוויזיה 32-65 אינץ',Vogel's,"טלוויזיה, גיימינג ובידור",סטרימרים ואביזרי טלוויזיה,"סוגר קיר יציב המאפשר הטיה קלה של המסך כלפי מטה, מתאים לרוב דגמי הטלוויזיה בשוק ומגיע עם ערכת התקנה מלאה.",טווח מסכים: 32-65 אינץ' | סוג: מתכוונן/הטיה | עומס מרבי: 30 ק״ג | חומר: פלדה מחוזקת,https://placehold.co/600x600/f4f4f5/27272a/png?text=tv%20wall%20mount
P0546,סוגר קיר לטלוויזיה נשלף וניתן להטיה מלאה,Kanto,"טלוויזיה, גיימינג ובידור",סטרימרים ואביזרי טלוויזיה,"סוגר קיר עם זרוע נשלפת המאפשרת משיכת המסך קדימה, סיבוב והטיה בזוויות שונות לצפייה נוחה מכל פינה בחדר, מתאים למסכים גדולים במיוחד.","טווח מסכים: עד 77 אינץ' | סוג: נשלף עם זרוע | עומס מרבי: 45 ק״ג | תנועה: הטיה, סיבוב, הרחקה מהקיר",https://placehold.co/600x600/f4f4f5/27272a/png?text=full%20motion%20tv%20mount
P0547,שלט אוניברסלי חכם לומד עם מסך מגע,One For All,"טלוויזיה, גיימינג ובידור",סטרימרים ואביזרי טלוויזיה,"שלט אחד השולט על הטלוויזיה, הסאונד בר וממיר ההזרמה, עם מסך מגע צבעוני ואפשרות תכנות קיצורים אישיים לפעולות נפוצות.",תאימות: מרבית המותגים | ממשק: מסך מגע | תכנות: אשף הגדרה | סוללה: נטענת,https://placehold.co/600x600/f4f4f5/27272a/png?text=universal%20remote%20control
P0548,כבל HDMI 2.1 8K תומך 48Gbps,Belkin,"טלוויזיה, גיימינג ובידור",סטרימרים ואביזרי טלוויזיה,"כבל שמע ותמונה באורך 2 מטר התומך בהעברת נתונים במהירות גבוהה, מתאים למשחקי קונסולה בקצב רענון גבוה ולתוכן 8K עתידי.","אורך: 2 מטר | תקן: HDMI 2.1 | קצב העברה: 48Gbps | תמיכה: 8K, VRR, eARC",https://placehold.co/600x600/f4f4f5/27272a/png?text=hdmi%20cable
P0549,מפצל HDMI 4K ל-2 יציאות עם שלט,,"טלוויזיה, גיימינג ובידור",סטרימרים ואביזרי טלוויזיה,"מפצל המאפשר חיבור מקור וידאו יחיד לשני מסכים במקביל, כגון טלוויזיה ומקרן, עם שלט להחלפת מצב תצוגה.",יציאות: 2 | רזולוציה נתמכת: 4K | הפעלה: שלט אינפרא אדום | מתח הפעלה: כלול,https://placehold.co/600x600/f4f4f5/27272a/png?text=hdmi%20splitter
P0550,מעמד רצפתי מתכוונן לטלוויזיה עם מדפי זכוכית,Meliconi,"טלוויזיה, גיימינג ובידור",סטרימרים ואביזרי טלוויזיה,"מעמד רצפתי יציב עם מדפי זכוכית מחוסמת לאחסון ממיר, קונסולה וסאונד בר מתחת למסך, וגובה הניתן להתאמה לפי צורך.",טווח מסכים: 32-65 אינץ' | מדפים: 2 מדפי זכוכית | גובה: מתכוונן | חומר בסיס: מתכת,https://placehold.co/600x600/f4f4f5/27272a/png?text=tv%20floor%20stand
P0551,קונסולת PS5,Sony,"טלוויזיה, גיימינג ובידור",קונסולות ואביזרי גיימינג,"קונסולת משחקים דור נוכחי עם כונן SSD מהיר במיוחד המקצר זמני טעינה, תמיכה בגרפיקת 4K ובקרת רטט הפטית מתקדמת דרך הבקר האלחוטי.",אחסון: 1TB SSD | רזולוציה: עד 4K | קצב פריימים: עד 120fps | בקר: כלול,https://placehold.co/600x600/f4f4f5/27272a/png?text=playstation%205
P0552,קונסולת Xbox Series X,Microsoft,"טלוויזיה, גיימינג ובידור",קונסולות ואביזרי גיימינג,קונסולה חזקה במיוחד עם תאימות לאחור למאות משחקים מדורות קודמים ומנוי המאפשר גישה למאגר משחקים רחב בענן ובאחסון מקומי.,אחסון: 1TB SSD | רזולוציה: עד 4K | קצב פריימים: עד 120fps | תאימות לאחור: כלול,https://placehold.co/600x600/f4f4f5/27272a/png?text=xbox%20series%20x
P0553,קונסולת Switch OLED,Nintendo,"טלוויזיה, גיימינג ובידור",קונסולות ואביזרי גיימינג,"קונסולה היברידית לשימוש מחובר לטלוויזיה או כנייד עם מסך OLED חד וצבעוני, מגיעה עם דוכן מתכוונן ובקרים נשלפים ומתאימה למשפחות המחפשות קונסולה גמישה לבית ולנסיעות.","מסך: 7 אינץ' OLED | אחסון: 64GB | מצבי משחק: טלוויזיה, שולחני, נייד | בקרים: כלולים",https://placehold.co/600x600/f4f4f5/27272a/png?text=nintendo%20switch%20oled
P0554,בקר אלחוטי DualSense,Sony,"טלוויזיה, גיימינג ובידור",קונסולות ואביזרי גיימינג,בקר משחק אלחוטי עם משוב הפטי מתקדם וכפתורי טריגר אדפטיביים המדמים התנגדות בהתאם לפעולה במשחק.,"חיבוריות: Bluetooth, USB-C | סוללה: עד 12 שעות | מיקרופון: מובנה | תאימות: PS5",https://placehold.co/600x600/f4f4f5/27272a/png?text=dualsense%20controller
P0555,אוזניות גיימינג אלחוטיות סראונד 7.1,SteelSeries,"טלוויזיה, גיימינג ובידור",קונסולות ואביזרי גיימינג,"אוזניות גיימינג עם מיקרופון נשלף ואיכות סאונד סראונד המסייעת באיתור כיוון צעדים ויריות במשחקי אקשן תחרותיים, נוחות לשימוש ממושך.",חיבוריות: אלחוטי 2.4GHz | סאונד: סראונד 7.1 | סוללה: עד 20 שעות | מיקרופון: נשלף,https://placehold.co/600x600/f4f4f5/27272a/png?text=gaming%20headset
P0556,מקלדת גיימינג מכנית עם תאורת RGB,Logitech G,"טלוויזיה, גיימינג ובידור",קונסולות ואביזרי גיימינג,"מקלדת מכנית עם מתגים מהירים במיוחד ותאורת RGB הניתנת לתכנות לכל מקש בנפרד, כולל גלגלת שליטה ייעודית לעוצמת קול ותאורה.",סוג מתגים: מכניים מהירים | תאורה: RGB לכל מקש | חיבוריות: USB-C | תוספות: גלגלת שליטה,https://placehold.co/600x600/f4f4f5/27272a/png?text=mechanical%20gaming%20keyboard
P0557,עכבר גיימינג אלחוטי קליל,Razer,"טלוויזיה, גיימינג ובידור",קונסולות ואביזרי גיימינג,"עכבר גיימינג קל משקל במיוחד עם חיישן אופטי מדויק וסוללה המחזיקה מעל שבועיים בשימוש רגיל, מתאים למשחקי אקשן ולמקצוענים.","משקל: 63 גרם | חיישן: אופטי 30000 DPI | חיבוריות: אלחוטי, Bluetooth | סוללה: עד 70 שעות",https://placehold.co/600x600/f4f4f5/27272a/png?text=wireless%20gaming%20mouse
P0558,הגה מירוץ עם פדלים,Logitech G,"טלוויזיה, גיימינג ובידור",קונסולות ואביזרי גיימינג,"הגה משחקי מירוץ עם משוב כוח המדמה אחיזת כביש, מגיע עם סט פדלים לשלושה מצבים ומתאים לקונסולות ולמחשב האישי.","משוב כוח: Force Feedback | פדלים: גז, בלם, מצמד | תאימות: PS5, Xbox, PC | הרכבה: מהדק שולחן",https://placehold.co/600x600/f4f4f5/27272a/png?text=racing%20wheel
P0559,משקפי מציאות מדומה Quest 3,Meta,"טלוויזיה, גיימינג ובידור",קונסולות ואביזרי גיימינג,"משקפי VR עצמאיים ללא צורך במחשב חיצוני, עם מצלמות המאפשרות גם מציאות מעורבת ותצוגת הסביבה האמיתית דרך המשקפיים.",רזולוציה: גבוהה לכל עין | זיכרון: 128GB | חיישנים: מציאות מעורבת | חיבוריות: Wi-Fi 6E,https://placehold.co/600x600/f4f4f5/27272a/png?text=vr%20headset
P0560,מסך גיימינג 27 אינץ' 240Hz,ASUS ROG,"טלוויזיה, גיימינג ובידור",קונסולות ואביזרי גיימינג,"מסך גיימינג עם קצב רענון גבוה במיוחד וזמן תגובה מהיר המתאים למשחקי תחרות מקוונים, כולל תמיכה בסנכרון תמונה למניעת קרעים.",גודל מסך: 27 אינץ' | קצב רענון: 240Hz | זמן תגובה: 1ms | טכנולוגיה: G-Sync Compatible,https://placehold.co/600x600/f4f4f5/27272a/png?text=gaming%20monitor
P0561,כיסא גיימינג ארגונומי,Secretlab,"טלוויזיה, גיימינג ובידור",קונסולות ואביזרי גיימינג,"כיסא גיימינג מרופד עם תמיכה לגב תחתון, משענות ידיים מתכווננות בארבעה כיוונים ואפשרות הטיה מלאה לישיבה ממושכת מול המסך.",חומר ריפוד: עור סינטטי | הטיה: עד 165 מעלות | משענות ידיים: מתכווננות 4D | עומס מרבי: 130 ק״ג,https://placehold.co/600x600/f4f4f5/27272a/png?text=gaming%20chair
P0562,משטח עכבר גיימינג מוארך RGB,Corsair,"טלוויזיה, גיימינג ובידור",קונסולות ואביזרי גיימינג,"משטח עכבר גדול המכסה גם את המקלדת עם תאורת RGB בהיקף המשטח, מתאים לחיישני עכבר אופטיים ולייזריים כאחד ומספק החלקה חלקה ומדויקת.",מידות: 90x30 ס״מ | תאורה: RGB היקפית | חיבוריות: USB Passthrough | משטח: מיקרוסקופי חלק,https://placehold.co/600x600/f4f4f5/27272a/png?text=rgb%20mousepad
P0563,מטען כפול לבקרי DualSense עם תושבת,,"טלוויזיה, גיימינג ובידור",קונסולות ואביזרי גיימינג,"תחנת טעינה קומפקטית לשני בקרי DualSense במקביל, עם חיווי לד לסטטוס הטעינה.",יציאות טעינה: 2 | חיבור: USB-C | חיווי: נורית לד | תאימות: DualSense,https://placehold.co/600x600/f4f4f5/27272a/png?text=controller%20charging%20dock
P0564,קטאן - משחק אסטרטגיה ומשא ומתן,Kosmos,"טלוויזיה, גיימינג ובידור",משחקי קופסה ופאזלים,"משחק לוח קלאסי שבו השחקנים בונים יישובים וכבישים על אי משאבים, סוחרים זה עם זה ומתחרים על נקודות ניצחון. משחק חברתי המשלב אסטרטגיה, מזל וניהול משא ומתן.",שחקנים: 3-4 | גיל: 10+ | משך משחק: כ-90 דקות | סוג: אסטרטגיה,https://placehold.co/600x600/f4f4f5/27272a/png?text=catan%20board%20game
P0565,חברים על פסי רכבת - משחק בניית מסלולים,Asmodee,"טלוויזיה, גיימינג ובידור",משחקי קופסה ופאזלים,"משחק לוח שבו כל שחקן אוסף קלפי קרונות ובונה מסלולי רכבת בין ערים על מפה, תוך ניסיון להשלים יעדים סודיים לפני היריבים.",שחקנים: 2-5 | גיל: 8+ | משך משחק: כ-60 דקות | סוג: בניית מסלולים,https://placehold.co/600x600/f4f4f5/27272a/png?text=train%20route%20board%20game
P0566,דיקסיט - משחק קלפים ודמיון,Asmodee,"טלוויזיה, גיימינג ובידור",משחקי קופסה ופאזלים,"משחק קלפים המבוסס על איורים מסתוריים, שבו שחקן אחד מתאר רמז והשאר מנסים לנחש איזה קלף מתאים לו. מתאים לערבי משחקים משפחתיים.",שחקנים: 3-6 | גיל: 8+ | משך משחק: כ-30 דקות | סוג: מסיבה ודמיון,https://placehold.co/600x600/f4f4f5/27272a/png?text=dixit%20card%20game
P0567,רמיקוב - משחק אריחים קלאסי,Hasbro,"טלוויזיה, גיימינג ובידור",משחקי קופסה ופאזלים,משחק משפחתי ותיק שבו מסדרים אריחים ממוספרים לרצפים וקבוצות ומנסים להיפטר מהם ראשונים.,שחקנים: 2-4 | גיל: 7+ | משך משחק: כ-45 דקות | סוג: אריחים ואסטרטגיה,https://placehold.co/600x600/f4f4f5/27272a/png?text=rummikub%20tiles%20game
P0568,מונופול - משחק נדל״ן קלאסי,Hasbro,"טלוויזיה, גיימינג ובידור",משחקי קופסה ופאזלים,"משחק הלוח המוכר ביותר בעולם, שבו קונים רחובות, בונים בתים ומלונות וגובים דמי שכירות מהיריבים עד שנשאר שחקן אחד עומד. אידיאלי לערב משפחתי סביב השולחן.",שחקנים: 2-6 | גיל: 8+ | משך משחק: כ-90 דקות | סוג: נדל״ן ואסטרטגיה,https://placehold.co/600x600/f4f4f5/27272a/png?text=monopoly%20board%20game
P0569,פאזל 1000 חלקים נוף טבע,Ravensburger,"טלוויזיה, גיימינג ובידור",משחקי קופסה ופאזלים,"פאזל איכותי בגימור מט המונע השתקפות אור, עם חיתוך מדויק המבטיח שכל חלק מתחבר בנוחות. תמונת נוף מרהיבה המתאימה גם למסגור לאחר ההרכבה.",מספר חלקים: 1000 | גיל: 14+ | גודל מוגמר: 70x50 ס״מ | חומר: קרטון עבה,https://placehold.co/600x600/f4f4f5/27272a/png?text=nature%20puzzle
P0570,פאזל 500 חלקים לילדים,Educa,"טלוויזיה, גיימינג ובידור",משחקי קופסה ופאזלים,"פאזל בגודל חלקים גדול המתאים לילדים, עם דמויות צבעוניות וחיתוך פשוט להרכבה נוחה, כולל שקית לאחסון החלקים בין המשחקים.",מספר חלקים: 500 | גיל: 8+ | גודל מוגמר: 48x34 ס״מ | נושא: דמויות וצבעים,https://placehold.co/600x600/f4f4f5/27272a/png?text=kids%20puzzle
P0571,קלוז - משחק בלשי קלאסי,Hasbro,"טלוויזיה, גיימינג ובידור",משחקי קופסה ופאזלים,"משחק חקירה שבו השחקנים מנסים לפענח מי ביצע את הפשע, באיזה חדר ובאיזה כלי, תוך איסוף רמזים ותהליך אלימינציה לוגי.",שחקנים: 2-6 | גיל: 9+ | משך משחק: כ-45 דקות | סוג: חקירה ולוגיקה,https://placehold.co/600x600/f4f4f5/27272a/png?text=cluedo%20mystery%20game
P0572,משחק קלפים UNO,Mattel,"טלוויזיה, גיימינג ובידור",משחקי קופסה ופאזלים,"משחק קלפים מהיר ופשוט להבנה, שבו כל שחקן מנסה להיפטר ראשון מכל הקלפים שלו.",שחקנים: 2-10 | גיל: 7+ | משך משחק: כ-20 דקות | סוג: קלפים משפחתי,https://placehold.co/600x600/f4f4f5/27272a/png?text=uno%20card%20game
P0573,פאזל תלת מימד מגדל אייפל,Ravensburger,"טלוויזיה, גיימינג ובידור",משחקי קופסה ופאזלים,"מודל תלת-ממדי להרכבה עצמית מחלקי פלסטיק ממוספרים, המרכיב בסיום עותק מוקטן ומפורט של מגדל האייפל לתצוגה בבית.",מספר חלקים: 216 | גיל: 10+ | גובה מוגמר: 39 ס״מ | סוג: פאזל תלת מימד,https://placehold.co/600x600/f4f4f5/27272a/png?text=3d%20puzzle%20landmark
P0574,פנדמיק - משחק שיתופי הצלת עולם,Asmodee,"טלוויזיה, גיימינג ובידור",משחקי קופסה ופאזלים,משחק שיתופי שבו כל השחקנים פועלים יחד כצוות מומחים בינלאומי כדי לבלום התפרצויות מחלות ברחבי העולם לפני שיצאו משליטה.,שחקנים: 2-4 | גיל: 8+ | משך משחק: כ-45 דקות | סוג: שיתופי אסטרטגי,https://placehold.co/600x600/f4f4f5/27272a/png?text=pandemic%20cooperative%20game
P0575,טריוויאל פרסוט - משחק שאלות כלליות,Hasbro,"טלוויזיה, גיימינג ובידור",משחקי קופסה ופאזלים,"משחק חידונים משפחתי עם שאלות בקטגוריות מגוונות כמו היסטוריה, ספורט ובידור, מתאים לערבי משחקים קבוצתיים עם חברים ומשפחה.",שחקנים: 2-6 | גיל: 12+ | משך משחק: כ-60 דקות | סוג: חידון כללי,https://placehold.co/600x600/f4f4f5/27272a/png?text=trivia%20board%20game
P0576,קרקשון - משחק בניית נוף ואריחים,Zman Games,"טלוויזיה, גיימינג ובידור",משחקי קופסה ופאזלים,"משחק לוח שבו השחקנים מניחים אריחי נוף בזה אחר זה ובונים ערים, כבישים ושדות, תוך מיקום פועלים חכם לצבירת נקודות ניצחון.",שחקנים: 2-5 | גיל: 7+ | משך משחק: כ-40 דקות | סוג: בניית אריחים,https://placehold.co/600x600/f4f4f5/27272a/png?text=carcassonne%20tile%20game
P0577,גיטרה אקוסטית למתחילים,Yamaha,"טלוויזיה, גיימינג ובידור",כלי נגינה,"גיטרה אקוסטית בגוף דרדנוט עם צליל מאוזן ומיתרים קלים ללחיצה, מתאימה לרמת מתחילים.",סוג גוף: דרדנוט | מיתרים: פלדה | חומר טופ: אשוח | רמה: מתחילים,https://placehold.co/600x600/f4f4f5/27272a/png?text=acoustic%20guitar
P0578,פסנתר דיגיטלי 88 קלידים,Casio,"טלוויזיה, גיימינג ובידור",כלי נגינה,"פסנתר דיגיטלי עם מנגנון פטישים משוקלל המדמה תחושת נגינה על פסנתר אקוסטי, כולל מגוון קולות פסנתר ורגל דמפר לביטוי מוזיקלי מלא.",קלידים: 88 משוקללים | קולות: 10 | פדל: כלול | חיבוריות: USB MIDI,https://placehold.co/600x600/f4f4f5/27272a/png?text=digital%20piano
P0579,יוקללה סופרן,Kala,"טלוויזיה, גיימינג ובידור",כלי נגינה,"יוקללה קלאסית בגודל סופרן עם צליל חם ובהיר, קלה לנשיאה ומתאימה כגיטרה ראשונה לילדים ולמבוגרים כאחד.",גודל: סופרן | מיתרים: ניילון | חומר: מהגוני | רמה: מתחילים,https://placehold.co/600x600/f4f4f5/27272a/png?text=ukulele
P0580,תופים אלקטרוניים סט מלא,Roland,"טלוויזיה, גיימינג ובידור",כלי נגינה,"סט תופים אלקטרוני עם משטחי פגיעה רגישים לדינמיקה ומודול צליל הכולל מגוון רחב של ערכות תוף מוקלטות, מאפשר תרגול שקט עם אוזניות.","משטחים: 8 | מודול צליל: כלול | חיבוריות: MIDI, USB | תרגול שקט: תמיכה באוזניות",https://placehold.co/600x600/f4f4f5/27272a/png?text=electronic%20drum%20kit
P0581,מיקרופון קריוקי אלחוטי,JBL,"טלוויזיה, גיימינג ובידור",כלי נגינה,"מיקרופון עם רמקול משולב ואפקטי הד מובנים, מתחבר באלחוט לנייד או לטאבלט להפעלת שירים ומאפשר ערב קריוקי משפחתי בבית ללא ציוד נוסף.",חיבוריות: Bluetooth | סוללה: עד 6 שעות | אפקטים: הד מובנה | רמקול: משולב,https://placehold.co/600x600/f4f4f5/27272a/png?text=karaoke%20microphone
P0582,גיטרה חשמלית עם קומבו מגבר,Fender,"טלוויזיה, גיימינג ובידור",כלי נגינה,"חבילת התחלה לגיטרה חשמלית הכוללת מגבר קומבו קטן, כבל וכיוונן, מתאימה לרמת מתחילים.","סוג: גיטרה חשמלית | מגבר: קומבו כלול | אביזרים: כבל, כיוונן | רמה: מתחילים",https://placehold.co/600x600/f4f4f5/27272a/png?text=electric%20guitar%20combo
P0583,קלידים אלקטרוניים 61 קלידים,Casio,"טלוויזיה, גיימינג ובידור",כלי נגינה,"קלידים קלים לילדים ולמתחילים עם מאות קולות וסגנוני ליווי אוטומטיים, כולל מסך תצוגה ופונקציית לימוד עצמי לצעדים הראשונים בנגינה.",קלידים: 61 | קולות: 400+ | סגנונות ליווי: 150+ | לימוד: מצב שיעור מובנה,https://placehold.co/600x600/f4f4f5/27272a/png?text=keyboard%20piano
P0584,פסנתר סטייג' דיגיטלי קומפקטי,Roland,"טלוויזיה, גיימינג ובידור",כלי נגינה,"פסנתר במה קל משקל להעברה בין הופעות, עם קול פסנתר איכותי מדגימות אמיתיות ופדל סוסטיין נלווה, מתאים לנגנים מקצועיים ולחובבים ברמה מתקדמת.","קלידים: 88 משוקללים | משקל: 12 ק״ג | פדל: כלול | חיבוריות: USB, MIDI",https://placehold.co/600x600/f4f4f5/27272a/png?text=stage%20piano
P0585,גיטרה קלאסית ניילון למתחילים,Yamaha,"טלוויזיה, גיימינג ובידור",כלי נגינה,"גיטרה קלאסית עם מיתרי ניילון רכים המקלים על האצבעות בתחילת הדרך, מתאימה לרמת מתחילים.",מיתרים: ניילון | גודל: 4/4 | חומר טופ: אשוח | רמה: מתחילים,https://placehold.co/600x600/f4f4f5/27272a/png?text=classical%20guitar
P0586,מיקרופון USB להקלטות ופודקאסט,Audio-Technica,"טלוויזיה, גיימינג ובידור",כלי נגינה,"מיקרופון קונדנסר המתחבר ישירות למחשב דרך USB, עם דפוס הקלטה קרדיואידי המצמצם רעשי רקע, מתאים להקלטות בית, פודקאסטים ושיחות וידאו.",חיבוריות: USB-C | דפוס הקלטה: קרדיואידי | סוג: קונדנסר | תוספות: זרוע מתכווננת לא כלולה,https://placehold.co/600x600/f4f4f5/27272a/png?text=usb%20podcast%20microphone
P0587,סט תופים אקוסטי ג'וניור,Mapex,"טלוויזיה, גיימינג ובידור",כלי נגינה,"סט תופים אקוסטי בגודל מוקטן המתאים לילדים ולנוער, עם כל הרכיבים הנדרשים כולל מצלתיים ורגלית בס, לתחילת הדרך בנגינה על תופים.",חלקים: 5 תופים | מצלתיים: כלולות | רגלית בס: כלולה | גודל: מוקטן לנוער,https://placehold.co/600x600/f4f4f5/27272a/png?text=junior%20drum%20kit
P0588,מטרונום דיגיטלי לגיטרה,Korg,"טלוויזיה, גיימינג ובידור",כלי נגינה,"מטרונום דיגיטלי קומפקטי עם כיוונן מובנה ותצוגת LCD ברורה, כלי בסיסי לכל נגן מתרגל.",טווח קצב: 30-252 BPM | כיוונן: מובנה | תצוגה: LCD | סוללה: כלולה,https://placehold.co/600x600/f4f4f5/27272a/png?text=metronome%20tuner
P0589,טאבלט גרפי למאיירים דיגיטליים,Wacom,"טלוויזיה, גיימינג ובידור",תחביבים ויצירה,"טאבלט ציור עם עט רגיש ללחץ ומשטח עבודה חלק, מתאים לאיור דיגיטלי, עריכת תמונות ועיצוב גרפי מהבית או מהסטודיו.",רגישות ללחץ: 8192 רמות | שטח עבודה: בינוני | חיבוריות: USB-C | תוכנה: תואם לתוכנות עיצוב מובילות,https://placehold.co/600x600/f4f4f5/27272a/png?text=graphics%20drawing%20tablet
P0590,טלסקופ אסטרונומי למתחילים,Celestron,"טלוויזיה, גיימינג ובידור",תחביבים ויצירה,"טלסקופ שבירה קל להרכבה עם חצובה יציבה ושתי עדשות עיניות, מאפשר צפייה בירח, בכוכבי לכת ובאובייקטים רחוקים יותר משבור הבית.",קוטר עדשה: 70 מ״מ | מוקד: 700 מ״מ | עדשות עיניות: 2 כלולות | חצובה: אלומיניום,https://placehold.co/600x600/f4f4f5/27272a/png?text=beginner%20telescope
P0591,מדפסת תלת מימד ביתית,Bambu Lab,"טלוויזיה, גיימינג ובידור",תחביבים ויצירה,"מדפסת תלת מימד מהירה במיוחד עם כיול אוטומטי ומערכת החלפת גליל צבע, מתאימה לחובבים המעוניינים להדפיס דגמים, אביזרים ומזכרות בבית.","טכנולוגיה: FDM | מהירות הדפסה: גבוהה | כיול: אוטומטי | קישוריות: Wi-Fi, USB",https://placehold.co/600x600/f4f4f5/27272a/png?text=3d%20printer
P0592,ערכת צבעי אקריליק מקצועית 48 צבעים,Liquitex,"טלוויזיה, גיימינג ובידור",תחביבים ויצירה,"ערכת צבעי אקריליק בגוונים עשירים ואיכות פיגמנט גבוהה, מתאימה לציור על בד, עץ ונייר, ומגיעה בקופסת אחסון נוחה לסידור והובלה.",מספר צבעים: 48 | סוג: אקריליק | אריזה: קופסת אחסון | רמה: חובבים ומקצוענים,https://placehold.co/600x600/f4f4f5/27272a/png?text=acrylic%20paint%20set
P0593,ערכת יצירה DIY לנרות מעוצבים,,"טלוויזיה, גיימינג ובידור",תחביבים ויצירה,"ערכה מלאה להכנת נרות ריחניים בעיצוב אישי בבית, כוללת שעווה, פתילים, תבניות וניחוחות שונים לבחירה, מתאימה כפעילות יצירה משותפת עם ילדים.","תכולה: שעווה, פתילים, תבניות | ניחוחות: מספר סוגים | רמה: מתחילים | גיל מומלץ: 8+",https://placehold.co/600x600/f4f4f5/27272a/png?text=candle%20making%20kit
P0594,מיקרוסקופ ביולוגי לילדים,National Geographic,"טלוויזיה, גיימינג ובידור",תחביבים ויצירה,"מיקרוסקופ חינוכי עם הגדלה משתנה וערכת דגימות מוכנה מראש, מעודד סקרנות מדעית ולמידה חווייתית על העולם המיקרוסקופי בבית.",הגדלה: פי 40-1000 | תאורה: LED מובנית | ערכת דגימות: כלולה | גיל: 8+,https://placehold.co/600x600/f4f4f5/27272a/png?text=kids%20microscope
P0595,ערכת מודל הרכבה רכב מירוץ,Revell,"טלוויזיה, גיימינג ובידור",תחביבים ויצירה,"ערכת הרכבה מפורטת של רכב מירוץ קלאסי בקנה מידה מוקטן, הכוללת חלקי פלסטיק ומדבקות לגימור.",קנה מידה: 1:24 | חלקים: כ-120 | צבעים: לא כלולים | רמה: קושי בינוני,https://placehold.co/600x600/f4f4f5/27272a/png?text=model%20car%20kit
P0596,סט טושים מקצועי לציור מנגה,Copic,"טלוויזיה, גיימינג ובידור",תחביבים ויצירה,"סט טושי אלכוהול איכותיים בגוונים מותאמים לציור מנגה וקומיקס, עם קצה כפול לקווי מתאר ולמילוי צבע אחיד ללא פסים.",מספר טושים: 24 | סוג דיו: אלכוהול | קצה: כפול | רמה: חובבים ומקצוענים,https://placehold.co/600x600/f4f4f5/27272a/png?text=manga%20markers%20set
P0597,גלגל קדר חשמלי לקרמיקה,Amaco,"טלוויזיה, גיימינג ובידור",תחביבים ויצירה,"גלגל קדרות חשמלי עם מהירות מתכווננת ומשטח עבודה יציב, מאפשר יצירת כלי חרס וקרמיקה ביתית מתחילת הדרך ועד רמה מתקדמת.",הספק מנוע: 250W | מהירות: מתכווננת | משטח עבודה: 25 ס״מ | רמה: מתחילים ומתקדמים,https://placehold.co/600x600/f4f4f5/27272a/png?text=pottery%20wheel
P0598,ערכת רקמה וסריגה למתחילים,,"טלוויזיה, גיימינג ובידור",תחביבים ויצירה,"ערכה הכוללת חוטי רקמה צבעוניים, מחטים וחישוק, עם מדריך תפרים בסיסיים למתחילים.","תכולה: חוטים, מחטים, חישוק | מדריך: תפרים בסיסיים | רמה: מתחילים | גיל מומלץ: 10+",https://placehold.co/600x600/f4f4f5/27272a/png?text=embroidery%20kit
P0599,מדפסת תלת מימד רזין,Elegoo,"טלוויזיה, גיימינג ובידור",תחביבים ויצירה,"מדפסת תלת מימד מבוססת שרף המתאימה להדפסת דגמים עם רמת פירוט גבוהה במיוחד, כגון פיגורות ואביזרי דגמים קטנים, כולל מסך LCD להקרנת השכבות.",טכנולוגיה: LCD רזין | רזולוציה: פירוט גבוה | נפח הדפסה: קומפקטי | אוורור: מסנן פחם פעיל,https://placehold.co/600x600/f4f4f5/27272a/png?text=resin%203d%20printer
P0600,סט צבעי מים מקצועי בקופסת מתכת,Winsor & Newton,"טלוויזיה, גיימינג ובידור",תחביבים ויצירה,"סט צבעי מים בפיגמנטים איכותיים בקופסת מתכת קומפקטית לנשיאה, מתאים לציור בטבע וגם לעבודה בסטודיו הביתי.",מספר צבעים: 24 | אריזה: קופסת מתכת | סוג: צבעי מים | רמה: חובבים ומקצוענים,https://placehold.co/600x600/f4f4f5/27272a/png?text=watercolor%20paint%20set
P0601,סט מצעים כותנה 100% למיטה זוגית,Casa Linen,בית ועיצוב,מצעים ושינה,"סט מצעים איכותי העשוי כותנה 100% באריגה צפופה המעניקה תחושת רכות ונעימות לאורך זמן. הסט כולל ציפת שמיכה, סדין תחתון עם גומי היקפי ושתי ציפיות כרית. מתאים למיטה זוגית סטנדרטית וניתן לכביסה במכונה בטמפרטורה עד 40 מעלות.",חומר: כותנה 100% | מידה: 160x200 ס״מ | צבע: לבן שבור | כביסה: עד 40 מעלות,https://placehold.co/600x600/f4f4f5/27272a/png?text=bedding%20set
P0602,ציפה לשמיכת פוך בסגנון מינימליסטי,Nordic Nest,בית ועיצוב,מצעים ושינה,ציפה לשמיכת פוך בגוון אחיד ובעיצוב נקי המשתלב בכל חדר שינה. הבד עשוי פוליאסטר רך למגע עם רוכסן נסתר לאורך הציפה לנוחות בהחלפת המילוי. קלה לתחזוקה ואינה מקמטת בקלות.,חומר: פוליאסטר | מידה: 200x220 ס״מ | סגירה: רוכסן | צבע: אפור בהיר,https://placehold.co/600x600/f4f4f5/27272a/png?text=duvet%20cover
P0603,כרית אורתופדית לצוואר בזיכרון צורה,Tempur,בית ועיצוב,מצעים ושינה,כרית התומכת באזור הצוואר והכתפיים בזכות קצף זיכרון המתאים עצמו לצורת הגוף. מסייעת להקלה על כאבי צוואר ולשיפור יציבת השינה. כוללת ציפוי נשלף לכביסה ומאווררת היטב בשל מבנה תאי אוויר פנימי.,חומר מילוי: קצף זיכרון | גובה: 12 ס״מ | ציפוי: נשלף לכביסה,https://placehold.co/600x600/f4f4f5/27272a/png?text=memory%20foam%20pillow
P0604,טופר מזרון מקצף זיכרון 5 ס״מ,Sealy,בית ועיצוב,מצעים ושינה,טופר דק המונח מעל המזרון הקיים ומוסיף שכבת ריכוך נעימה מבלי לשנות את תמיכת המזרון המקורית. עשוי קצף זיכרון בעובי 5 ס״מ המתאים עצמו למתאר הגוף ומפזר לחץ באזורי הכתפיים והאגן.,חומר: קצף זיכרון | עובי: 5 ס״מ | מידה: 160x200 ס״מ,https://placehold.co/600x600/f4f4f5/27272a/png?text=mattress%20topper
P0605,שמיכה משוקללת להרגעה ושינה עמוקה,Soft Cloud,בית ועיצוב,מצעים ושינה,"שמיכה עמוסה בכדוריות זכוכית קטנות היוצרות לחץ עדין ואחיד על הגוף, המסייע להרפיה ולהירדמות מהירה יותר. הציפוי החיצוני עשוי כותנה נעימה למגע והמילוי מחולק לתאים המונעים הצטברות במקום אחד.",משקל: 6 ק״ג | חומר ציפוי: כותנה | מידה: 150x200 ס״מ | צבע: כחול כהה,https://placehold.co/600x600/f4f4f5/27272a/png?text=weighted%20blanket
P0606,סדין חזה גומי לילדים,,בית ועיצוב,מצעים ושינה,סדין תחתון עם גומי היקפי המתאים למיטת ילדים ונשאר מתוח ויציב לאורך הלילה. מודפס בדוגמת חיות צבעונית ועשוי כותנה רכה שאינה מגרה את העור העדין. מתכבס מעט לאחר כביסה ראשונה.,חומר: כותנה | מידה: 90x190 ס״מ | דוגמה: חיות,https://placehold.co/600x600/f4f4f5/27272a/png?text=kids%20fitted%20sheet
P0607,כרית נוצות איכותית למיטה זוגית,Tempur,בית ועיצוב,מצעים ושינה,"כרית קלאסית במילוי נוצות ופלומה המעניקה תחושת ריחוף ותמיכה גמישה לראש ולצוואר. ניתנת לניעור ולהחזרת הנפח המקורי לאחר כל שימוש, וכוללת ציפוי כותנה צפוף המונע דליפת נוצות.",מילוי: נוצות ופלומה | גובה: 45x65 ס״מ | ציפוי: כותנה,https://placehold.co/600x600/f4f4f5/27272a/png?text=feather%20pillow
P0608,מסכת שינה משי לחסימת אור מלאה,Soft Cloud,בית ועיצוב,מצעים ושינה,מסכת שינה עשויה משי טבעי החוסמת אור ביעילות ומאפשרת שינה רציפה גם בסביבה מוארת. עיצוב אנטומי המונע לחץ על העיניים ורצועה מתכווננת המתאימה לכל צורת ראש.,חומר: משי | סגירה: רצועה מתכווננת | צבע: שחור,https://placehold.co/600x600/f4f4f5/27272a/png?text=silk%20sleep%20mask
P0609,סט מצעים פשתן טבעי למיטת יחיד,LinenCraft,בית ועיצוב,מצעים ושינה,"מצעי פשתן טבעי בגימור מעט מחוספס האופייני לחומר, נעימים ומתאימים לכל עונות השנה בזכות תכונות הוויסות הטבעיות שלהם. הסט מיועד למיטת יחיד וכולל ציפת שמיכה, סדין וציפית כרית אחת.",חומר: פשתן 100% | מידה: 120x200 ס״מ | צבע: בז׳ טבעי,https://placehold.co/600x600/f4f4f5/27272a/png?text=linen%20bedding
P0610,שמיכת קיץ קלה מיקרופייבר,Cozy Nights,בית ועיצוב,מצעים ושינה,"שמיכה דקה ואוורירית לעונת הקיץ, נעימה למגע ואינה גורמת להזעה במהלך הלילה. קלת משקל ומתקפלת בקלות לאחסון בשקית נלווית, ומתאימה גם כשכבה נוספת מתחת לשמיכת חורף בימים המעורבים.",חומר: מיקרופייבר | מידה: 200x220 ס״מ | משקל: קל,https://placehold.co/600x600/f4f4f5/27272a/png?text=summer%20blanket
P0611,כרית גוף ארוכה לנשים בהריון,Cozy Nights,בית ועיצוב,מצעים ושינה,"כרית גוף מוארכת בצורת C התומכת בגב, בבטן ובברכיים במהלך ההריון ומסייעת למציאת תנוחת שינה נוחה. המילוי רך אך יציב ואינו משתטח לאורך זמן, והציפוי ניתן להסרה ולכביסה.",אורך: 150 ס״מ | חומר מילוי: סיבים סינתטיים | ציפוי: נשלף,https://placehold.co/600x600/f4f4f5/27272a/png?text=pregnancy%20pillow
P0612,מגן מזרון אטים לנוזלים,PureBath,בית ועיצוב,מצעים ושינה,מגן מזרון דק ואטים המונע חדירת נוזלים אל תוך המזרון תוך שמירה על נשימות הבד ומניעת הזעה. מתאים לשימוש יומיומי ולניקוי קל במים וסבון.,חומר: פוליאוריטן | מידה: 160x200 ס״מ | תכונה: אטים לנוזלים,https://placehold.co/600x600/f4f4f5/27272a/png?text=mattress%20protector
P0613,ציפית כרית סאטן למניעת קמטי פנים,LinenCraft,בית ועיצוב,מצעים ושינה,"ציפית עשויה סאטן חלק המפחית חיכוך עם העור והשיער במהלך השינה, ומסייעת לצמצום קמטי שינה וסבך שיער. קלה לכביסה ושומרת על ברק לאורך זמן.",חומר: סאטן | מידה: 50x70 ס״מ | צבע: ורוד פודרה,https://placehold.co/600x600/f4f4f5/27272a/png?text=satin%20pillowcase
P0614,סט מצעים פרחוני לחדר ילדים,Nordic Nest,בית ועיצוב,מצעים ושינה,"סט מצעים בהדפס פרחוני עדין המשלב גוונים פסטליים, מתאים לחדרי ילדים ונוער. עשוי כותנה נעימה למגע וכולל ציפת שמיכה, סדין וציפית כרית תואמת.",חומר: כותנה | מידה: 140x200 ס״מ | דוגמה: פרחוני,https://placehold.co/600x600/f4f4f5/27272a/png?text=floral%20bedding
P0615,שמיכת פוך חורפית מילוי אווז,Tempur,בית ועיצוב,מצעים ושינה,"שמיכת חורף עבה במילוי פלומת אווז טבעית המספקת חימום מרבי גם בלילות הקרים ביותר, תוך שמירה על משקל קל ונוחות תנועה. תפירה מרובעת המונעת הסטת המילוי ושומרת על חלוקה אחידה.",מילוי: פלומת אווז | חום: גבוה | מידה: 200x220 ס״מ,https://placehold.co/600x600/f4f4f5/27272a/png?text=goose%20down%20duvet
P0616,מגבת אמבטיה גדולה כותנה מצרית,Casa Linen,בית ועיצוב,מגבות וטקסטיל,"מגבת אמבטיה גדולה עשויה כותנה מצרית סופגת במיוחד ורכה למגע, עם שוליים תפורים למראה מהודר. שומרת על סופגות גבוהה גם לאחר כביסות חוזרות.",חומר: כותנה מצרית | מידה: 90x150 ס״מ | משקל בד: 600 גרם | צבע: לבן,https://placehold.co/600x600/f4f4f5/27272a/png?text=bath%20towel
P0617,חלוק רחצה פרוותי לנשים,Soft Cloud,בית ועיצוב,מגבות וטקסטיל,"חלוק רחצה חמים ורך במיוחד בעל מרקם פרוותי הנעים למגע ומתאים לימי חורף. כולל חגורה קושרת וכיסים צדדיים, ומגיע במידות שונות המתאימות למרבית הגזרות.",חומר: פוליאסטר פרוותי | מידה: M-L | סגירה: חגורה,https://placehold.co/600x600/f4f4f5/27272a/png?text=fleece%20bathrobe
P0618,שטיח סלון שאגי רך,Loft Living,בית ועיצוב,מגבות וטקסטיל,שטיח בסגנון שאגי בעל ערימה גבוהה המעניק תחושת רכות תחת כפות הרגליים ומוסיף חום למרחב הסלון. מתאים להנחה מתחת לספה או כשטיח מרכזי בחדר.,חומר: פוליפרופילן | מידה: 160x230 ס״מ | צבע: שמנת,https://placehold.co/600x600/f4f4f5/27272a/png?text=shag%20rug
P0619,כרית נוי מקושטת בפרנזים,Nordic Nest,בית ועיצוב,מגבות וטקסטיל,"כרית נוי דקורטיבית עם שוליים מעוטרים בפרנזים המוסיפים תחושת עומק ומרקם למערך הכריות בספה. ציפוי ניתן להסרה לצורך כביסה, ומומלץ לשלב עם כריות חלקות נוספות ליצירת ניגודיות מרקמים.",חומר: כותנה | מידה: 45x45 ס״מ | צבע: חרדל,https://placehold.co/600x600/f4f4f5/27272a/png?text=fringe%20cushion
P0620,פרוכת חלון בלקאאוט לחדר שינה,Casa Linen,בית ועיצוב,מגבות וטקסטיל,וילון האוטם כמעט לחלוטין את כניסת האור החיצוני ומסייע לשינה איכותית גם בשעות היום. הבד בעל שכבה כפולה החוסמת גם רעש חיצוני במידה מסוימת ומגיע עם לולאות תלייה נסתרות.,חומר: פוליאסטר בלקאאוט | מידה: 140x250 ס״מ | צבע: אפור פחם | סגירה: לולאות נסתרות,https://placehold.co/600x600/f4f4f5/27272a/png?text=blackout%20curtain
P0621,שמיכת צמר לספה,Nordic Nest,בית ועיצוב,מגבות וטקסטיל,"שמיכת קיפול קלה מבד צמר מלאכותי, מתאימה כתוספת חמימה על הספה בערבי חורף. מגיעה עם שוליים מסולסלים לגימור מהודר, ומשתלבת יפה עם כריות נוי בגוונים דומים.",חומר: צמר מלאכותי | מידה: 130x170 ס״מ | צבע: ירוק בקבוק,https://placehold.co/600x600/f4f4f5/27272a/png?text=throw%20blanket
P0622,סט מגבות ידיים לאמבטיה,,בית ועיצוב,מגבות וטקסטיל,"סט הכולל שלוש מגבות ידיים קטנות בגודל נוח לתלייה ליד הכיור, עשויות כותנה סופגת המתייבשת מהר ונעימה למגע. מתאימות לשימוש יומיומי ולהחלפה תכופה בשירותים או במטבח.",חומר: כותנה | מידה: 40x60 ס״מ | כמות: 3 יחידות,https://placehold.co/600x600/f4f4f5/27272a/png?text=hand%20towels
P0623,חלוק רחצה גברי וופל,Kassel,בית ועיצוב,מגבות וטקסטיל,"חלוק רחצה בסגנון וופל קליל ונושם המתאים לשימוש לאחר מקלחת או באזורי ספא. הבד סופג לחות ביעילות ומתייבש מהר, עם כיסי חזה וחגורה קושרת.",חומר: כותנה וופל | מידה: L-XL,https://placehold.co/600x600/f4f4f5/27272a/png?text=waffle%20bathrobe
P0624,שטיח מסדרון ארוך,Loft Living,בית ועיצוב,מגבות וטקסטיל,"שטיח מוארך המתאים למסדרונות ולפרוזדורים, בעל בסיס מונע החלקה ועיצוב גיאומטרי עדין. קל לניקוי במטאטא או שואב אבק ואינו נשחק במהירות גם באזורי מעבר עמוסים.",חומר: פוליאסטר | מידה: 80x300 ס״מ | צבע: אפור ולבן,https://placehold.co/600x600/f4f4f5/27272a/png?text=hallway%20runner%20rug
P0625,וילון קל למרפסת,Casa Linen,בית ועיצוב,מגבות וטקסטיל,וילון בד קל ומבד שקוף למחצה המתאים לחלונות מרפסת ומאפשר מעבר אור טבעי תוך שמירה על פרטיות חלקית. נע ברוח קלה ומעניק תחושה מרעננת לחלל.,חומר: שיפון | מידה: 140x240 ס״מ | צבע: לבן,https://placehold.co/600x600/f4f4f5/27272a/png?text=sheer%20curtain
P0626,כרית ספה מקטיפה,Soft Cloud,בית ועיצוב,מגבות וטקסטיל,כרית נוי מבד קטיפה רך המעניק ברק עדין ותחושת יוקרה למערך הישיבה. מתאימה לשילוב עם ספות בגוונים ניטרליים ומגיעה עם ריפוד פנימי צפוף השומר על צורתה.,חומר: קטיפה | מידה: 50x50 ס״מ | צבע: ירוק אמרלד,https://placehold.co/600x600/f4f4f5/27272a/png?text=velvet%20cushion
P0627,מגבת חוף גדולה מודפסת,Vivo Home,בית ועיצוב,מגבות וטקסטיל,"מגבת חוף רחבה בהדפס גיאומטרי צבעוני, סופגת ומתייבשת מהר, מתאימה גם כמצע שכיבה על החול. קלה לקיפול ולנשיאה בתיק חוף בזכות בדה הדק יחסית.",חומר: כותנה | מידה: 100x180 ס״מ | דוגמה: גיאומטרי,https://placehold.co/600x600/f4f4f5/27272a/png?text=beach%20towel
P0628,שטיח לחדר ילדים עגול,Nordic Nest,בית ועיצוב,מגבות וטקסטיל,שטיח עגול רך בגוונים עליזים המתאים לחדרי ילדים ולפינות משחק. עשוי מחומר קל לניקוי העמיד בפני כתמים ומתאים לשימוש יומיומי.,חומר: פוליאסטר | קוטר: 120 ס״מ | צבע: צהוב ולבן,https://placehold.co/600x600/f4f4f5/27272a/png?text=kids%20round%20rug
P0629,פליד קטיפה לצפייה בטלוויזיה,Loft Living,בית ועיצוב,מגבות וטקסטיל,"פליד רך ועבה מבד קטיפה מלאכותי, אידיאלי להתכרבלות על הספה בערבי צפייה בטלוויזיה. שומר על חום הגוף ואינו מצטבר בקצוות לאחר כביסה.",חומר: קטיפה מלאכותית | מידה: 150x200 ס״מ | צבע: בורדו,https://placehold.co/600x600/f4f4f5/27272a/png?text=velvet%20throw
P0630,מנורת רצפה בסגנון סקנדינבי,Orion Light,בית ועיצוב,תאורה,"מנורת רצפה בקו מינימליסטי ורגל עץ טבעי, מתאימה לפינת קריאה או לצד ספה. אהיל בד מפזר אור רך ונעים המונע סנוור.",חומר: עץ ובד | גובה: 155 ס״מ | סוג נורה: E27 | סגנון: סקנדינבי,https://placehold.co/600x600/f4f4f5/27272a/png?text=floor%20lamp
P0631,גוף תאורה תלוי למטבח,Stellar Lighting,בית ועיצוב,תאורה,מנורת תלייה בעיצוב מודרני המתאימה לתלייה מעל אי המטבח או שולחן האוכל. גוף מתכת בגימור מט עם כבל אורך מתכוונן להתאמת גובה.,חומר: מתכת | גימור: מט שחור | כבל מתכוונן: כן | סוג נורה: E27,https://placehold.co/600x600/f4f4f5/27272a/png?text=pendant%20light
P0632,מנורת לילה לשידה,Stellar Lighting,בית ועיצוב,תאורה,"מנורת שולחן קומפקטית המתאימה להנחה על שידת לילה, עם מתג הדלקה נוח ואור חם המתאים לקריאה לפני השינה. גוף המנורה יציב ואינו תופס שטח רב על השידה.",חומר: קרמיקה ובד | גובה: 35 ס״מ | צבע אור: חם,https://placehold.co/600x600/f4f4f5/27272a/png?text=bedside%20lamp
P0633,רצועת לד חכמה עם שלט,Philips Hue,בית ועיצוב,תאורה,"רצועת תאורת לד הניתנת לחיבור לאפליקציה או לשלט רחוק, עם אפשרות לבחירת מיליוני גוונים ותוכניות תאורה דינמיות. מתאימה להצבה מאחורי טלוויזיה, ארון או מדף תצוגה.",אורך: 5 מטר | חיבור: אפליקציה ושלט | גוונים: RGB | מתח: USB,https://placehold.co/600x600/f4f4f5/27272a/png?text=led%20strip
P0634,פמוט תאורה קיר לחדר שינה,Orion Light,בית ועיצוב,תאורה,"מנורת קיר דקורטיבית המתאימה להתקנה משני צידי המיטה, חוסכת מקום על השידה ומעניקה תאורת קריאה ממוקדת. גוף המנורה דק ואינו בולט יתר על המידה מהקיר.",חומר: מתכת | התקנה: קיר | סוג נורה: E14,https://placehold.co/600x600/f4f4f5/27272a/png?text=wall%20sconce
P0635,מנורת שולחן קריאה מתכווננת,Orion Light,בית ועיצוב,תאורה,מנורת שולחן עם זרוע וראש מתכווננים המאפשרים כיוון מדויק של קרן האור לעבודה או קריאה. בסיס יציב ומתג הדלקה בגוף המנורה.,חומר: מתכת | התכווננות: זרוע וראש | סוג נורה: LED מובנה,https://placehold.co/600x600/f4f4f5/27272a/png?text=reading%20lamp
P0636,אור לילה לילדים בצורת ענן,Vivo Home,בית ועיצוב,תאורה,"מנורת לילה רכה בצורת ענן המפיצה אור עדין ומרגיע לחדרי ילדים, מתאימה גם כתאורת ניווט לילית להורים. הגוף עשוי מחומר רך ובטוח לנגיעה ואינו מתחמם במהלך השימוש.",חומר: סיליקון | צורה: ענן | מתח: USB,https://placehold.co/600x600/f4f4f5/27272a/png?text=cloud%20night%20light
P0637,מנורת רצפה קשתית לסלון,Stellar Lighting,בית ועיצוב,תאורה,מנורת רצפה בעיצוב קשתי המאפשרת מיקום ראש המנורה מעל הספה או השולחן מבלי לתפוס מקום נוסף על הרצפה. בסיס שיש מלאכותי כבד השומר על יציבות.,חומר: מתכת ושיש מלאכותי | גובה: 190 ס״מ | סוג נורה: E27,https://placehold.co/600x600/f4f4f5/27272a/png?text=arc%20floor%20lamp
P0638,גוף תאורה תלוי לפינת אוכל,Stellar Lighting,בית ועיצוב,תאורה,"מנורת תלייה כפולה המתאימה לתלייה מעל שולחן אוכל מוארך, בגוף זכוכית שקופה המפזרת אור רך לכל הפינה. שני ראשי התאורה ניתנים להצבה במרווח לפי רוחב השולחן.",חומר: זכוכית ומתכת | כמות ראשים: 2 | סוג נורה: E27,https://placehold.co/600x600/f4f4f5/27272a/png?text=dining%20pendant%20light
P0639,מנורת שולחן מגע טאץ׳,Orion Light,בית ועיצוב,תאורה,מנורת שולחן קומפקטית עם חיישן מגע המאפשר החלפת עוצמת תאורה בשלוש רמות בנגיעה בבסיס המנורה. מתאימה לשידה או לשולחן עבודה.,הפעלה: מגע | רמות עוצמה: 3 | חומר: זכוכית,https://placehold.co/600x600/f4f4f5/27272a/png?text=touch%20table%20lamp
P0640,תאורת לד לארון בגדים,,בית ועיצוב,תאורה,"רצועת לד קטנה המופעלת בחיישן תנועה ומתאימה להתקנה בתוך ארון בגדים או מגירה, מקלה על מציאת פריטים בתאורה חלשה. מתחברת בהדבקה ואינה דורשת חיווט קבוע.",הפעלה: חיישן תנועה | מתח: סוללות | אורך: 1 מטר,https://placehold.co/600x600/f4f4f5/27272a/png?text=closet%20led%20light
P0641,מנורת קיר עם זרוע מתכווננת,Orion Light,בית ועיצוב,תאורה,"מנורת קיר תעשייתית עם זרוע מתכווננת המאפשרת שינוי כיוון האור לפי הצורך, מתאימה לפינת קריאה ליד המיטה או הכורסה. גימור המתכת השחורה משתלב היטב עם עיצוב תעשייתי.",חומר: מתכת | סגנון: תעשייתי | סוג נורה: E27,https://placehold.co/600x600/f4f4f5/27272a/png?text=adjustable%20wall%20lamp
P0642,עמוד תאורה חיצוני לגינה,Stellar Lighting,בית ועיצוב,תאורה,"עמוד תאורה עמיד למים המתאים להצבה בשביל הגינה או בכניסה לבית, מפעיל תאורת LED חסכונית באנרגיה עם חיישן דמדומים. גוף האלומיניום עמיד בפני קורוזיה ומזג אוויר קיצוני.",חומר: אלומיניום | עמידות: IP44 | הפעלה: חיישן דמדומים,https://placehold.co/600x600/f4f4f5/27272a/png?text=outdoor%20garden%20light
P0643,מנורת פטריה ויקטג׳ לשולחן,Kassel,בית ועיצוב,תאורה,"מנורת שולחן בעיצוב רטרו בצורת פטרייה, עם גוף זכוכית צבעונית ובסיס מתכת. מוסיפה נגיעה נוסטלגית לפינת העבודה או המדף, ומתאימה במיוחד לחדרים בסגנון וינטג׳ או בוהו.",חומר: זכוכית ומתכת | סגנון: ויקטג׳ | סוג נורה: E14,https://placehold.co/600x600/f4f4f5/27272a/png?text=mushroom%20lamp
P0644,ספה תלת מושבית בד,Loft Living,בית ועיצוב,ריהוט,"ספה מרווחת לשלושה מושבים בריפוד בד עמיד, עם רגלי עץ חשופות המעניקות מראה מודרני. הכרים ניתנים להיפוך לשימוש אחיד לאורך זמן.",חומר ריפוד: בד | מידה: 210x90x85 ס״מ | צבע: אפור בהיר | רגליים: עץ,https://placehold.co/600x600/f4f4f5/27272a/png?text=fabric%20sofa
P0645,כורסת אוזניים מרופדת,Loft Living,בית ועיצוב,ריהוט,"כורסה נוחה עם משענת גב גבוהה וכנפיים צדדיות המעניקות תחושת הגנה ופרטיות בישיבה. מתאימה לפינת קריאה או כתוספת לסלון, ומגיעה עם ריפוד עבה השומר על צורתו לאורך שנים.",חומר ריפוד: קטיפה | רגליים: עץ | צבע: כחול פטרול,https://placehold.co/600x600/f4f4f5/27272a/png?text=wingback%20armchair
P0646,שולחן קפה עץ מלא,Domus,בית ועיצוב,ריהוט,"שולחן קפה מעץ מלא בגימור טבעי, בעל מדף תחתון נוסף לאחסון ספרים או שלטים. מתאים לסלונים בסגנון כפרי או סקנדינבי.",חומר: עץ מלא | מידה: 110x60x45 ס״מ | מדף תחתון: כן,https://placehold.co/600x600/f4f4f5/27272a/png?text=wood%20coffee%20table
P0647,ספריית קיר מודולרית,Loft Living,בית ועיצוב,ריהוט,יחידת אחסון פתוחה עם מדפים ברוחבים משתנים המאפשרת סידור גמיש של ספרים ואביזרי נוי. מגיעה כערכת הרכבה עצמית עם הוראות מפורטות וכל אביזרי החיבור הנדרשים.,חומר: עץ מעובד | מידה: 180x30x200 ס״מ | צבע: אגוז,https://placehold.co/600x600/f4f4f5/27272a/png?text=modular%20bookshelf
P0648,מיטה זוגית מרופדת בד,Casa Linen,בית ועיצוב,ריהוט,"מיטה זוגית עם ראש מיטה מרופד בד רך ומבנה עץ יציב, כוללת בסיס עם רגלי עץ קצרות. מתאימה למזרון בגודל 160x200.",חומר ריפוד: בד | מידה מזרון: 160x200 ס״מ | ראש מיטה: מרופד,https://placehold.co/600x600/f4f4f5/27272a/png?text=upholstered%20bed%20frame
P0649,כיסא פינת אוכל מעץ,Domus,בית ועיצוב,ריהוט,"כיסא פינת אוכל בעיצוב קלאסי מעץ מלא עם מושב מרופד, יציב ונוח לישיבה ממושכת. נמכר ביחידה בודדת המאפשרת הרכבת סט לפי הצורך.",חומר: עץ מלא | ריפוד מושב: בד | צבע: טבעי,https://placehold.co/600x600/f4f4f5/27272a/png?text=dining%20chair
P0650,ארון נעליים קומפקטי לכניסה,Domus,בית ועיצוב,ריהוט,"ארון נעליים דק המתאים לכניסת הבית, עם דלתות מתקפלות וקיבולת לכ-12 זוגות נעליים. מבנה חסכוני בשטח ומתאים למסדרונות צרים, ומשטח עליון פנוי לתיקים או צמח קטן.",חומר: עץ מעובד | מידה: 60x30x90 ס״מ | קיבולת: 12 זוגות,https://placehold.co/600x600/f4f4f5/27272a/png?text=shoe%20cabinet
P0651,פוף ישיבה ענק,Soft Cloud,בית ועיצוב,ריהוט,"פוף ענק במילוי כדוריות המתאים כישיבה נוספת בסלון או בחדר נוער, מתאים עצמו לצורת הגוף ומאפשר ישיבה או שכיבה נוחה. ציפוי חיצוני ניתן להסרה לכביסה.",חומר: בד מיקרוסועד | מידה: 90x90x70 ס״מ | מילוי: כדוריות פוליסטירן,https://placehold.co/600x600/f4f4f5/27272a/png?text=bean%20bag%20chair
P0652,כורסת נדנדה לסלון,Loft Living,בית ועיצוב,ריהוט,"כורסת נדנדה מרופדת עם מנגנון נדנוד חלק, מתאימה לפינת ישיבה בסלון או לחדר תינוקות. מגיעה עם כרית גב נלווית ומסגרת עץ יציבה שאינה חורקת בשימוש יומיומי.",חומר ריפוד: בד | מנגנון: נדנוד | צבע: בז׳,https://placehold.co/600x600/f4f4f5/27272a/png?text=rocking%20chair
P0653,שולחן צד לסלון,Domus,בית ועיצוב,ריהוט,"שולחן צד קטן ואלגנטי המתאים להנחה לצד הספה או הכורסה, עם משטח עגול ורגל מתכת דקה. מתאים להנחת ספל קפה, ספר או שלט טלוויזיה בהישג יד.",חומר: עץ ומתכת | מידה: 40x40x55 ס״מ | צבע: שחור וטבעי,https://placehold.co/600x600/f4f4f5/27272a/png?text=side%20table
P0654,ספסל ריפוד לכניסה לבית,Domus,בית ועיצוב,ריהוט,"ספסל מרופד קומפקטי המתאים לישיבה בעת נעילת נעליים בכניסה לבית, עם רגלי עץ יציבות ומושב ריפוד עבה. הבד עמיד בפני שימוש יומיומי ואינו נלחץ מהר מדי.",חומר ריפוד: בד | מידה: 90x35x45 ס״מ | רגליים: עץ,https://placehold.co/600x600/f4f4f5/27272a/png?text=entryway%20bench
P0655,שידת לילה עם מגירות,Casa Linen,בית ועיצוב,ריהוט,"שידת לילה קומפקטית עם שתי מגירות אחסון, מתאימה להנחת מנורה, שעון או ספר לצד המיטה. גימור עץ חם המשתלב עם רוב סגנונות העיצוב.",חומר: עץ מעובד | מגירות: 2 | מידה: 40x35x55 ס״מ,https://placehold.co/600x600/f4f4f5/27272a/png?text=nightstand
P0656,כיסא עבודה מרופד,Vivo Home,בית ועיצוב,ריהוט,"כיסא עבודה נוח לשעות ישיבה ממושכות, עם ריפוד נושם ותמיכת גב אנטומית. מתאים לפינת עבודה ביתית או לחדר ילדים, וכולל מנגנון הגבהה פשוט להתאמת גובה השולחן.",חומר ריפוד: רשת | תמיכת גב: אנטומית | גלגלים: כן,https://placehold.co/600x600/f4f4f5/27272a/png?text=office%20chair
P0657,מזנון תלת דלתי לסלון,Domus,בית ועיצוב,ריהוט,"מזנון אחסון רחב עם שלוש דלתות ומגירה מרכזית, מתאים להצבה בסלון או בפינת האוכל לאחסון כלים וחפצים. גימור עץ בשילוב ידיות מתכת.",חומר: עץ מעובד | דלתות: 3 | מגירות: 1 | צבע: אגוז כהה,https://placehold.co/600x600/f4f4f5/27272a/png?text=sideboard%20cabinet
P0658,שולחן אוכל נפתח,Domus,בית ועיצוב,ריהוט,"שולחן אוכל עם מנגנון הגדלה המאפשר הוספת חצי נוסף לפי הצורך, מתאים לארוחות משפחתיות ואירוח. רגליים יציבות מעץ מלא ומשטח עליון עמיד בפני שריטות קלות.",חומר: עץ מלא | מידה סגור: 120x80 ס״מ | מידה פתוח: 160x80 ס״מ,https://placehold.co/600x600/f4f4f5/27272a/png?text=extendable%20dining%20table
P0659,אגרטל קרמיקה לפרחים,GreenLeaf Deco,בית ועיצוב,עיצוב ואקססוריז,"אגרטל קרמיקה בגימור מט המתאים להצגת זר פרחים טבעי או מלאכותי. צורתו הפשוטה מתאימה לשולחן אוכל, מדף או אדן חלון.",חומר: קרמיקה | גובה: 25 ס״מ | צבע: לבן שבור,https://placehold.co/600x600/f4f4f5/27272a/png?text=ceramic%20vase
P0660,מראת קיר עגולה ממוסגרת,GreenLeaf Deco,בית ועיצוב,עיצוב ואקססוריז,"מראת קיר עגולה במסגרת מתכת דקה, מתאימה לתלייה מעל שידה או בפרוזדור להגברת תחושת המרחב. תלייה קלה בעזרת אבזם קיר מובנה.",חומר מסגרת: מתכת | קוטר: 60 ס״מ | צבע מסגרת: זהב,https://placehold.co/600x600/f4f4f5/27272a/png?text=round%20wall%20mirror
P0661,שעון קיר מינימליסטי,GreenLeaf Deco,בית ועיצוב,עיצוב ואקססוריז,"שעון קיר בעיצוב נקי עם מספרות פשוטות ומנגנון שקט המתאים לחדרי עבודה ולסלונים מודרניים. גוף השעון קל למדי ומגיע עם אבזם תלייה מובנה בגב, ואינו דורש תחזוקה מיוחדת מעבר להחלפת סוללה.",חומר: מתכת ופלסטיק | קוטר: 30 ס״מ | מנגנון: שקט,https://placehold.co/600x600/f4f4f5/27272a/png?text=minimalist%20wall%20clock
P0662,עץ נוי מלאכותי גדול לסלון,GreenLeaf Deco,בית ועיצוב,עיצוב ואקססוריז,"עץ נוי מלאכותי בגובה מרשים המדמה צמח טרופי, מתאים למילוי פינות ריקות בסלון ללא צורך בהשקיה או תחזוקה. עלים גמישים בעלי מראה טבעי.",חומר: פלסטיק ומשי מלאכותי | גובה: 150 ס״מ | תחזוקה: ללא השקיה,https://placehold.co/600x600/f4f4f5/27272a/png?text=artificial%20tree%20plant
P0663,נר ריחני בכוס זכוכית,Yankee Candle,בית ועיצוב,עיצוב ואקססוריז,"נר ריחני בניחוח וניל וקרמל בכוס זכוכית עבה, זמן בעירה ממושך המתאים ליצירת אווירה נעימה בערבים. מומלץ לגזום את הפתיל לפני כל הדלקה.",ניחוח: וניל וקרמל | זמן בעירה: כ-40 שעות | חומר: שעווה סויה,https://placehold.co/600x600/f4f4f5/27272a/png?text=scented%20candle
P0664,מפיץ ריח במקלות,Yankee Candle,בית ועיצוב,עיצוב ואקססוריז,"מפיץ ריח פסיבי המבוסס על מקלות רתן הסופגים את הנוזל ומפיצים ריח עדין וקבוע לחלל הבית. מתאים לאמבטיה, סלון או כניסה.",נפח: 200 מ״ל | ניחוח: לבנדר | חומר מקלות: רתן,https://placehold.co/600x600/f4f4f5/27272a/png?text=reed%20diffuser
P0665,קערת קישוט מעץ,,בית ועיצוב,עיצוב ואקססוריז,"קערת נוי גדולה מעץ טבעי המתאימה להצגה על שולחן קפה או כסידור מרכזי, ניתן להניח בה גם פירות או פריטי דקורציה קטנים.",חומר: עץ | קוטר: 35 ס״מ | גימור: טבעי,https://placehold.co/600x600/f4f4f5/27272a/png?text=wooden%20decorative%20bowl
P0666,מסגרת תמונה דיגיטלית,Vivo Home,בית ועיצוב,עיצוב ואקססוריז,"מסגרת תצוגה דיגיטלית המאפשרת הצגת אלבום תמונות מתחלף ממכשיר נייד באמצעות חיבור אלחוטי, מתאימה כמתנה או כאביזר עיצוב לסלון. ניתן לתלייה על הקיר או להצבה על מדף.",גודל מסך: 10 אינץ׳ | חיבור: Wi-Fi | זיכרון פנימי: 16GB,https://placehold.co/600x600/f4f4f5/27272a/png?text=digital%20photo%20frame
P0667,פסלון קישוט לשולחן,GreenLeaf Deco,בית ועיצוב,עיצוב ואקססוריז,"פסלון דקורטיבי קטן בצורת ציפור, מתאים להצבה על מדף או שולחן צד כתוספת עיצובית עדינה. הגימור המט נעים למגע ומשתלב עם עיצובים מינימליסטיים.",חומר: פוליריזין | גובה: 15 ס״מ | צבע: לבן,https://placehold.co/600x600/f4f4f5/27272a/png?text=decorative%20figurine
P0668,מראת יד עומדת לאיפור,ClearSpace,בית ועיצוב,עיצוב ואקססוריז,"מראת שולחן מתכווננת עם זרוע מתקפלת המאפשרת שינוי זווית וגובה, כוללת צד מגדיל להתאמת איפור מדויק. הבסיס יציב ואינו מתנדנד גם בשימוש יומיומי מול הכיור.",חומר: מתכת וזכוכית | הגדלה: פי 5 | בסיס: עומד,https://placehold.co/600x600/f4f4f5/27272a/png?text=makeup%20mirror
P0669,זר פרחים מלאכותי לאגרטל,GreenLeaf Deco,בית ועיצוב,עיצוב ואקססוריז,"זר פרחים מלאכותי המדמה פרחי שדה בגוונים רכים, מתאים לשילוב באגרטל קיים ואינו דורש כל תחזוקה. העלים והגבעולים גמישים וניתנים לעיצוב מחדש לפי הצורך.",חומר: משי מלאכותי | גובה: 45 ס״מ | צבע: ורוד ולבן,https://placehold.co/600x600/f4f4f5/27272a/png?text=artificial%20flower%20bouquet
P0670,שעון קיר מספרות רומיות,GreenLeaf Deco,בית ועיצוב,עיצוב ואקססוריז,"שעון קיר בעיצוב קלאסי עם מספרות רומיות ומסגרת עץ, מתאים לחדרי עבודה ולחללים בסגנון וינטג׳. מנגנון השעונים מדויק ואינו דורש כיוון תכוף.",חומר: עץ וזכוכית | קוטר: 40 ס״מ | סגנון: קלאסי,https://placehold.co/600x600/f4f4f5/27272a/png?text=roman%20numeral%20clock
P0671,נר ריחני בקופסת מתכת,Yankee Candle,בית ועיצוב,עיצוב ואקססוריז,"נר ריחני בניחוח אלמוגן וסחלב, ארוז בקופסת מתכת נוחה לנשיאה ומתאימה גם לשימוש חוץ ביתי. הפתיל הכפול מבטיח בעירה אחידה לכל אורך חיי הנר.",ניחוח: אלמוגן וסחלב | חומר אריזה: מתכת | זמן בעירה: כ-30 שעות,https://placehold.co/600x600/f4f4f5/27272a/png?text=tin%20candle
P0672,סט מסגרות תמונה לקיר גלריה,GreenLeaf Deco,בית ועיצוב,עיצוב ואקססוריז,"סט הכולל חמש מסגרות תמונה בגדלים שונים המאפשרות יצירת קיר גלריה ביתי, כולל חומרי תלייה נלווים. ניתן לשלב עם תמונות משפחתיות או הדפסים אמנותיים.",כמות: 5 יחידות | חומר: עץ | גימור: לבן,https://placehold.co/600x600/f4f4f5/27272a/png?text=gallery%20wall%20frames
P0673,קופסת אחסון מתקפלת עם מכסה,Brabantia,בית ועיצוב,סידור ואחסון,"קופסת אחסון בד מתקפלת עם מכסה, מתאימה לאחסון שמיכות, בגדי עונה או צעצועים. מתקפלת בקלות לשטוחה כאשר אינה בשימוש, וכוללת ידיות אחיזה בצדדים להרמה נוחה.",חומר: בד ופלסטיק | מידה: 40x30x25 ס״מ | סגירה: מכסה,https://placehold.co/600x600/f4f4f5/27272a/png?text=storage%20box
P0674,מארגן מגירות לארון בגדים,Umbra,בית ועיצוב,סידור ואחסון,"מארגן מגירות בעל תאים נפרדים המסייע לסידור גרביים, תחתונים ואביזרים קטנים בתוך מגירת הארון בצורה מסודרת. קל להתאמה למגירות בגדלים שונים ולניקוי במטלית לחה.",חומר: בד קשיח | תאים: 8 | מידה: 45x35 ס״מ,https://placehold.co/600x600/f4f4f5/27272a/png?text=drawer%20organizer
P0675,סט קולבים מעץ,Umbra,בית ועיצוב,סידור ואחסון,"סט קולבים מעץ מלא בעיצוב אחיד, מתאימים לתלייה בארון ומעניקים מראה מסודר ואסתטי. עמידים למשקל בגדים כבדים כגון מעילים ואינם משאירים סימני קפל על הבד.",חומר: עץ | כמות: 10 יחידות | עומס מקסימלי: 5 ק״ג,https://placehold.co/600x600/f4f4f5/27272a/png?text=wooden%20hangers
P0676,סל כביסה מקלוע,Nordic Nest,בית ועיצוב,סידור ואחסון,"סל כביסה מחומר קלוע טבעי עם ידיות נשיאה, מתאים להנחה בחדר האמבטיה או בארון הכביסה. כולל בטנת בד פנימית נשלפת.",חומר: קלוע טבעי | נפח: 60 ליטר | בטנה: בד נשלף,https://placehold.co/600x600/f4f4f5/27272a/png?text=woven%20laundry%20basket
P0677,מעמד נעליים מדפים,TidyHome,בית ועיצוב,סידור ואחסון,"מעמד מדפים מתכת לאחסון נעליים בכניסה או בארון, מתקפל בקלות ומתאים לכ-9 זוגות נעליים. המבנה יציב על הרצפה ומאפשר גישה נוחה לזוגות העליונים והתחתונים כאחד ללא צורך בהזזה.",חומר: מתכת | מדפים: 3 | קיבולת: 9 זוגות,https://placehold.co/600x600/f4f4f5/27272a/png?text=shoe%20rack
P0678,שקית ואקום לאחסון שמיכות,ClearSpace,בית ועיצוב,סידור ואחסון,שקית ואקום המצטמצמת בעזרת שואב אבק ומאפשרת אחסון קומפקטי של שמיכות ובגדי עונה תוך חיסכון משמעותי בנפח האחסון. הבד השקוף מאפשר לזהות את התוכן בקלות.,חומר: פלסטיק רב שכבתי | מידה: 100x80 ס״מ | שיטת ריקון: שואב אבק,https://placehold.co/600x600/f4f4f5/27272a/png?text=vacuum%20storage%20bag
P0679,קופסאות אחסון שקופות לארון,ClearSpace,בית ועיצוב,סידור ואחסון,"סט קופסאות פלסטיק שקופות המאפשרות זיהוי מהיר של התוכן מבלי לפתוח, מתאימות לארון בגדים או למחסן. ניתנות לערימה אחת מעל השנייה.",חומר: פלסטיק שקוף | כמות: 4 יחידות | מידה: 35x25x15 ס״מ,https://placehold.co/600x600/f4f4f5/27272a/png?text=clear%20storage%20boxes
P0680,מארגן תיקים ותכשיטים,TidyHome,בית ועיצוב,סידור ואחסון,"מארגן תלייה עם תאים וכיסים נפרדים לתכשיטים, שעונים ואביזרים קטנים, מתאים לתלייה בתוך דלת הארון. חוסך מקום ומאפשר מבט כללי על כל הפריטים בו-זמנית.",חומר: בד | תאים: 24 | התקנה: תלייה על דלת,https://placehold.co/600x600/f4f4f5/27272a/png?text=jewelry%20organizer
P0681,סל אחסון בד מתקפל,Brabantia,בית ועיצוב,סידור ואחסון,"סל אחסון גמיש מבד עבה עם ידיות אחיזה, מתאים לצעצועים, כביסה או פריטי בית שונים. מתקפל לשטוח לאחסון קל כשאינו בשימוש.",חומר: בד | נפח: 45 ליטר | צבע: אפור כהה,https://placehold.co/600x600/f4f4f5/27272a/png?text=fabric%20storage%20basket
P0682,מתלה קיר לתיקים ומעילים,Umbra,בית ועיצוב,סידור ואחסון,"מתלה קיר עם מספר ווים בעיצוב מודרני, מתאים לתלייה בכניסה לבית עבור מעילים, תיקים וכובעים. התקנה פשוטה על הקיר בעזרת ברגים המצורפים לאריזה.",חומר: עץ ומתכת | ווים: 5 | אורך: 60 ס״מ,https://placehold.co/600x600/f4f4f5/27272a/png?text=wall%20coat%20hooks
P0683,ארגונית מגירות פלסטיק,TidyHome,בית ועיצוב,סידור ואחסון,"ארגונית מגירות מודולרית העשויה פלסטיק קשיח, מתאימה לאחסון כלי כתיבה, כלי מטבח קטנים או אביזרי מלאכה בסידור נוח. ניתן לערום מספר יחידות זו על גבי זו.",חומר: פלסטיק | מגירות: 6 | מידה: 30x20x15 ס״מ,https://placehold.co/600x600/f4f4f5/27272a/png?text=plastic%20drawer%20organizer
P0684,סט שקיות ואקום נסיעות,,בית ועיצוב,סידור ואחסון,"סט שקיות ואקום קטנות המתאימות לדחיסת בגדים במזוודה לפני נסיעה, ניתנות לריקון אוויר גם ללא שואב אבק בעזרת גלגול ידני.",חומר: פלסטיק | כמות: 6 יחידות | שיטת ריקון: ידנית,https://placehold.co/600x600/f4f4f5/27272a/png?text=travel%20vacuum%20bags
P0685,מעמד מטריות לכניסה,,בית ועיצוב,סידור ואחסון,"מעמד מטריות עומד מגוף מתכת עם מגש תחתון האוסף טפטופי מים, מתאים לכניסה לבית או למשרד. הצורה הצרה חוסכת מקום ומתאימה גם לפינות קטנות.",חומר: מתכת | גובה: 45 ס״מ | מגש: נשלף,https://placehold.co/600x600/f4f4f5/27272a/png?text=umbrella%20stand
P0686,קופסת עץ לאחסון מסמכים,Domus,בית ועיצוב,סידור ואחסון,"קופסת עץ עם מכסה המתאימה לאחסון מסמכים חשובים, קבלות או מזכרות. עיצוב פשוט המשתלב על מדף או בארון, ומגן על התוכן מאבק ולחות.",חומר: עץ | מידה: 30x20x15 ס״מ | סגירה: מכסה,https://placehold.co/600x600/f4f4f5/27272a/png?text=wooden%20document%20box
P0687,שטיחון אמבטיה סופג מים,PureBath,בית ועיצוב,אמבטיה וניקיון,"שטיחון אמבטיה עשוי מיקרופייבר סופג במיוחד המונע החלקה בזכות בסיס גומי דביק. מתייבש מהר ומתאים לכביסה במכונה, ואינו מאבד את גמישותו לאחר כביסות חוזרות.",חומר: מיקרופייבר | מידה: 50x80 ס״מ | בסיס: גומי אנטי-החלקה,https://placehold.co/600x600/f4f4f5/27272a/png?text=bath%20mat
P0688,מתקן לסבון נוזלי לאמבטיה,PureBath,בית ועיצוב,אמבטיה וניקיון,"מתקן סבון נוזלי בעיצוב נקי המתאים לכיור האמבטיה או המטבח, עם בקבוק זכוכית וראש משאבה מתכת עמיד. ניתן למילוי חוזר בכל סוג סבון נוזלי מצוי.",חומר: זכוכית ומתכת | נפח: 300 מ״ל | צבע: שקוף,https://placehold.co/600x600/f4f4f5/27272a/png?text=soap%20dispenser
P0689,סט מברשות ניקיון לבית,FreshLine,בית ועיצוב,אמבטיה וניקיון,"סט הכולל מברשות בגדלים ומרקמים שונים המתאימות לניקוי אריחים, כיורים ופינות קשות להגעה. ידיות אחיזה נוחות ועמידות במים, מתאימות גם לניקוי כלי רכב.",כמות: 4 יחידות | חומר ידית: פלסטיק | שימוש: ניקוי כללי,https://placehold.co/600x600/f4f4f5/27272a/png?text=cleaning%20brush%20set
P0690,פח אשפה עם דוושה למטבח,Brabantia,בית ועיצוב,אמבטיה וניקיון,"פח אשפה סגור עם מנגנון דוושה הפותח את המכסה ללא צורך במגע ידיים, מתאים למטבח ושומר על היגיינה. גוף מתכת עמיד בפני חלודה.",חומר: מתכת | נפח: 30 ליטר | מנגנון פתיחה: דוושה,https://placehold.co/600x600/f4f4f5/27272a/png?text=pedal%20trash%20bin
P0691,וילון מקלחת אטום למים,PureBath,בית ועיצוב,אמבטיה וניקיון,"וילון מקלחת עשוי פוליאסטר אטים המונע חדירת מים אל מחוץ לאמבטיה, כולל טבעות תלייה מובנות ומשקולות בתחתית לייצוב. קל לניקוי במטלית לחה ואינו נוטה להעלות עובש.",חומר: פוליאסטר | מידה: 180x180 ס״מ | טבעות: 12,https://placehold.co/600x600/f4f4f5/27272a/png?text=shower%20curtain
P0692,מדף פינתי למקלחת,Umbra,בית ועיצוב,אמבטיה וניקיון,מדף אחסון פינתי לתלייה במקלחת המאפשר סידור בקבוקי שמפו וסבון מבלי לתפוס מקום על הרצפה. מגיע עם ווים נלווים לספוגים.,חומר: פלסטיק ומתכת | התקנה: תלייה על מוט | מדפים: 3,https://placehold.co/600x600/f4f4f5/27272a/png?text=shower%20corner%20shelf
P0693,סט אביזרי אמבטיה קרמיקה,PureBath,בית ועיצוב,אמבטיה וניקיון,"סט הכולל מתקן סבון, כוס למברשות שיניים ומתקן נייר טואלט מקרמיקה בגימור אחיד, מתאים לעיצוב אמבטיה מודרני. כל הפריטים בגוון תואם ליצירת מראה מסודר ואחיד.",חומר: קרמיקה | כמות פריטים: 3 | צבע: לבן,https://placehold.co/600x600/f4f4f5/27272a/png?text=ceramic%20bathroom%20accessories
P0694,מגב לניקוי זכוכית ומראות,FreshLine,בית ועיצוב,אמבטיה וניקיון,"מגב ניקוי עם ראש גומי גמיש וידית מתארכת, מתאים לניקוי חלונות, מראות ומקלחונים ללא השארת פסים. הידית הקלה מפחיתה מאמץ בניקוי משטחים גבוהים.",חומר ידית: אלומיניום | אורך ידית: מתארך עד 90 ס״מ | ראש: גומי,https://placehold.co/600x600/f4f4f5/27272a/png?text=window%20squeegee
P0695,שטיחון אמבטיה זיכרון,PureBath,בית ועיצוב,אמבטיה וניקיון,"שטיחון אמבטיה רך במיוחד מקצף זיכרון המתאים עצמו לצורת כף הרגל, נעים למגע בבוקר הקר ומתייבש במהירות יחסית. בסיס אנטי-החלקה שומר עליו יציב על הרצפה הרטובה.",חומר: קצף זיכרון | מידה: 45x65 ס״מ | צבע: כחול,https://placehold.co/600x600/f4f4f5/27272a/png?text=memory%20foam%20bath%20mat
P0696,פח אשפה קטן לאמבטיה,,בית ועיצוב,אמבטיה וניקיון,"פח אשפה קומפקטי עם מכסה מתנדנד, מתאים לחדר האמבטיה או לחדר השינה. קל לריקון ולניקוי, ואינו תופס שטח רב בפינות צרות.",חומר: פלסטיק | נפח: 5 ליטר | סגירה: מכסה מתנדנד,https://placehold.co/600x600/f4f4f5/27272a/png?text=small%20bathroom%20bin
P0697,סט מברשות אסלה עם מעמד,PureBath,בית ועיצוב,אמבטיה וניקיון,"מברשת אסלה עם מעמד סגור המונע חשיפת המברשת לעין, עשויה מפלסטיק עמיד וקל לניקוי. הידית ארוכה דיה למניעת מגע ישיר עם המשטח, והמעמד מתאים להצבה לצד האסלה או בפינת השירותים.",חומר: פלסטיק | מעמד: סגור | צבע: לבן,https://placehold.co/600x600/f4f4f5/27272a/png?text=toilet%20brush%20set
P0698,מתלה מגבות לקיר האמבטיה,Umbra,בית ועיצוב,אמבטיה וניקיון,"מתלה קיר לתלייה של עד שלוש מגבות בו-זמנית, בעיצוב מינימליסטי המשתלב עם רוב חללי האמבטיה. עשוי מתכת עמידה בפני לחות ואינה מחלידה עם הזמן.",חומר: מתכת | מוטות: 3 | התקנה: קיר,https://placehold.co/600x600/f4f4f5/27272a/png?text=towel%20rack
P0699,ספוג ניקיון רב פעמי לבית,FreshLine,בית ועיצוב,אמבטיה וניקיון,"ספוג ניקיון עמיד לשימוש חוזר, מתאים לניקוי כלים ומשטחי מטבח מבלי לשרוט. נשמר יבש בין השימושים ומאט התפתחות ריח, ומחזיק מעמד לאורך שבועות של שימוש יומיומי.",חומר: סלולוז | כמות: 3 יחידות | שימוש: כלים ומשטחים,https://placehold.co/600x600/f4f4f5/27272a/png?text=reusable%20sponge
P0700,מתקן נייר טואלט עומד,,בית ועיצוב,אמבטיה וניקיון,"מתקן עומד לנייר טואלט הכולל מקום אחסון לגליל רזרבי נוסף, מתאים לאמבטיות בהן אין אפשרות להתקנה על הקיר. בסיס יציב מונע נפילה גם במגע קל.",חומר: מתכת | סוג: עומד | קיבולת: 2 גלילים,https://placehold.co/600x600/f4f4f5/27272a/png?text=standing%20toilet%20paper%20holder
P0701,מייבש שיער מקצועי דיגיטלי,Dyson,טיפוח ובריאות,עיצוב שיער,"מייבש שיער מתקדם עם מנוע דיגיטלי במהירות גבוהה ובקרת טמפרטורה חכמה המונעת חימום יתר של השיער. מצויד במגוון פיות להתקנה מהירה, כולל ריכוז אוויר לעיצוב מדויק ודיפיוזר לתלתלים טבעיים. מתאים לשימוש יומיומי בבית או בסלון.",הספק: 1600 וואט | משקל: 630 גרם | מספר פיות מצורפות: 3 | טכנולוגיית יונים: כן,https://placehold.co/600x600/f4f4f5/27272a/png?text=hair%20dryer
P0702,מחליק שיער קרמי מקצועי,ghd,טיפוח ובריאות,עיצוב שיער,"פלטות קרמיות חלקות המחליקות את השיער במעבר אחד, עם בקרת חום דיגיטלית ונעילת טמפרטורה קבועה למניעת נזק. עיצוב קל אחיזה עם כבל מסתובב הנוח לשימוש ממושך.",רוחב פלטות: 2.5 ס״מ | טווח חום: 120-230 מעלות | ציפוי: קרמי | זמן חימום: 30 שניות,https://placehold.co/600x600/f4f4f5/27272a/png?text=hair%20straightener
P0703,מסלסל שיער חרוטי מקצועי,BaByliss,טיפוח ובריאות,עיצוב שיער,"ברזל סלסול בצורת חרוט היוצר תלתלים טבעיים בגדלים משתנים מהשורש עד הקצה. ציפוי קרמי-טורמלין להחלקה עדינה ולהפחתת חשמל סטטי, עם כפפת הגנה מפני חום.",טווח חום: 140-210 מעלות | ציפוי: קרמי-טורמלין | אורך כבל: 2.5 מטר,https://placehold.co/600x600/f4f4f5/27272a/png?text=curling%20iron
P0704,מגהץ שיער טורמלין קומפקטי,Remington,טיפוח ובריאות,עיצוב שיער,"מגהץ שיער קל משקל עם פלטות טורמלין-קרמיקה המפחיתות פריזה ומעניקות ברק. שלוש רמות חום קבועות ותצוגה דיגיטלית, מתאים לשיער עדין ולשיער עבה כאחד.",פלטות: טורמלין-קרמיקה | רמות חום: 3 | זמן חימום: 15 שניות | משקל: 280 גרם,https://placehold.co/600x600/f4f4f5/27272a/png?text=flat%20iron
P0705,מייבש שיער קומפקטי לנסיעות,Philips,טיפוח ובריאות,עיצוב שיער,"מייבש שיער מתקפל וקל משקל, אידיאלי לתיק טיסה או לחדר אמבטיה קטן. שני מצבי מהירות וחום, עם פייה מצומצמת לעיצוב מהיר.",הספק: 1400 וואט | משקל: 350 גרם | מתקפל: כן,https://placehold.co/600x600/f4f4f5/27272a/png?text=travel%20hair%20dryer
P0706,מברשת מחליקה חמה לשיער,Revlon,טיפוח ובריאות,עיצוב שיער,"מברשת עגולה מחוממת המשלבת הברשה והחלקה בפעולה אחת, מעצבת שיער חלק ומבריק תוך דקות ספורות. ידית מבודדת חום נוחה לאחיזה ולעיצוב עצמי בבית.",הספק: 800 וואט | קוטר מברשת: 4.5 ס״מ | תצוגה: LED,https://placehold.co/600x600/f4f4f5/27272a/png?text=hot%20brush
P0707,מכשיר סטיילינג רב-תכליתי,Dyson,טיפוח ובריאות,עיצוב שיער,"מכשיר עיצוב שיער אחד עם מגוון נאדים מתחלפים ליצירת תלתלים, גלים והחלקה, ללא חימום ישיר של השיער בטכניקת האוויר המסתובב. מתאים למגוון רחב של סוגי שיער וסגנונות.",הספק: 1300 וואט | מספר נאדים מצורפים: 6 | טכנולוגיה: זרימת אוויר מבוקרת,https://placehold.co/600x600/f4f4f5/27272a/png?text=hair%20styler
P0708,מסלסל שיער אוטומטי,BaByliss,טיפוח ובריאות,עיצוב שיער,"מסלסל חכם השואב את קווצת השיער פנימה ויוצר תלתל אחיד תוך שניות, עם טיימר קולי וכיוון סלסול הפיך. מפחית את הסיכון לתלתלים לא אחידים גם למתחילות.",זמן סלסול: 8-12 שניות | כיוון סיבוב: הפיך | טווח חום: 3 רמות,https://placehold.co/600x600/f4f4f5/27272a/png?text=automatic%20curler
P0709,מייבש שיער מקצועי עם דיפיוזר,Panasonic,טיפוח ובריאות,עיצוב שיער,"מייבש שיער עוצמתי עם יוני מים המפחיתים פריזה ומוסיפים ברק, כולל דיפיוזר נשלף לעיצוב תלתלים טבעי בעדינות. שלוש רמות חום וכפתור אוויר קר לגימור.",הספק: 1800 וואט | טכנולוגיה: יוני מים | דיפיוזר: כן | רמות חום: 3,https://placehold.co/600x600/f4f4f5/27272a/png?text=hair%20dryer%20diffuser
P0710,מגהץ שיער מיני לנסיעות,ghd,טיפוח ובריאות,עיצוב שיער,"גרסה קומפקטית של מגהץ שיער פופולרי, מתאימה לתיק יד ולנסיעות קצרות. פלטות קרמיות מוקטנות עם בקרת חום קבועה מבלי צורך בכיוונון.",רוחב פלטות: 1.8 ס״מ | טווח חום: 185 מעלות | משקל: 210 גרם,https://placehold.co/600x600/f4f4f5/27272a/png?text=mini%20straightener
P0711,מברשת פן חשמלית מסתובבת,Philips,טיפוח ובריאות,עיצוב שיער,"מברשת מסתובבת אוטומטית המשלבת ייבוש ועיצוב יחד, מתאימה לעיצוב נפח ותנועה בשיער ארוך ובינוני. ראש מסתובב בשני כיוונים ומונע הסתבכות שיער.",הספק: 1000 וואט | כיווני סיבוב: 2 | קוטר ראש: 3.5 ס״מ,https://placehold.co/600x600/f4f4f5/27272a/png?text=rotating%20brush
P0712,מסלסל שיער טיטניום מקצועי,Remington,טיפוח ובריאות,עיצוב שיער,"ברזל סלסול עם ציפוי טיטניום העמיד לאורך זמן ומבטיח חלוקת חום אחידה. מתאים לשימוש תכוף בסלוני יופי ובבית, עם עצירה אוטומטית לבטיחות.",ציפוי: טיטניום | טווח חום: 150-220 מעלות | עצירה אוטומטית: כן,https://placehold.co/600x600/f4f4f5/27272a/png?text=titanium%20curler
P0713,מגהץ שיער דו-תכליתי,SilkLine,טיפוח ובריאות,עיצוב שיער,"מגהץ שיער המאפשר החלקה וסלסול באמצעות סיבוב הפלטות, פתרון חסכוני למי שרוצה שני עיצובים במכשיר אחד. מתאים לשימוש ביתי מזדמן.",פלטות: קרמיקה | רמות חום: 5 | שימוש כפול: החלקה וסלסול,https://placehold.co/600x600/f4f4f5/27272a/png?text=2%20in%201%20iron
P0714,מכונת גילוח חשמלית רוטרי,Braun,טיפוח ובריאות,גילוח וטיפוח לגבר,"מכונת גילוח רוטרי עם שלושה ראשים גמישים העוקבים אחר קווי הפנים לגילוח קרוב ונוח. עמידה במים לשטיפה קלה, כולל מצב עדין לעור רגיש.",מספר ראשים: 3 | עמיד למים: כן | זמן טעינה: שעה אחת | זמן פעולה: 50 דקות,https://placehold.co/600x600/f4f4f5/27272a/png?text=electric%20shaver
P0715,גוזם זקן מקצועי,Philips,טיפוח ובריאות,גילוח וטיפוח לגבר,גוזם זקן עם 20 הגדרות אורך מדויקות ולהבים מחוסמי טיטניום השומרים על חדות לאורך זמן. מתאים לעיצוב זקן יומיומי ולסגנונות מורכבים כאחד.,הגדרות אורך: 20 | להבים: טיטניום | סוללה: ליתיום | עמיד למים: כן,https://placehold.co/600x600/f4f4f5/27272a/png?text=beard%20trimmer
P0716,גוזם גוף עמיד למים,Panasonic,טיפוח ובריאות,גילוח וטיפוח לגבר,"גוזם גוף לגברים לשימוש גם מתחת למקלחת, עם ראש שיוצא מונע שריטות ופציעות. מספק גילוח וגיזום אחיד באזורים רגישים בגוף.",עמיד למים: כן | ראשים מצורפים: 3 | סוללה: נטענת,https://placehold.co/600x600/f4f4f5/27272a/png?text=body%20groomer
P0717,ערכת טיפוח גברים מקיפה,Braun,טיפוח ובריאות,גילוח וטיפוח לגבר,"ערכה משולבת הכוללת מכונת גילוח, גוזם זקן וגוזם אף ואוזניים, לפתרון טיפוח שלם בקופסה אחת. מתאימה כמתנה לגבר שאוהב לשמור על מראה מסודר.",מספר מכשירים בערכה: 3 | סוללה: נטענת | תיק נשיאה: כלול,https://placehold.co/600x600/f4f4f5/27272a/png?text=grooming%20kit
P0718,מכונת גילוח פויל למגע חלק,Remington,טיפוח ובריאות,גילוח וטיפוח לגבר,מכונת גילוח עם רשת פויל דקה המתאימה לקווי מתאר ולגילוח יומיומי חלק. ראש גילוח היפואלרגני ומערכת נעילת נסיעות למניעת הפעלה בטעות.,סוג ראש: פויל | נעילת נסיעות: כן | זמן טעינה: 90 דקות,https://placehold.co/600x600/f4f4f5/27272a/png?text=foil%20shaver
P0719,גוזם אף ואוזניים,Panasonic,טיפוח ובריאות,גילוח וטיפוח לגבר,"גוזם קטן ומדויק להסרת שיער מהאף והאוזניים ללא כאב, עם להבים מסתובבים הנשארים בטוחים לעור. פועל על סוללות ומתאים גם לנסיעות.",מקור הפעלה: סוללות AA | עיצוב: מסתובב | שימוש: אף ואוזניים,https://placehold.co/600x600/f4f4f5/27272a/png?text=nose%20trimmer
P0720,גוזם זקן קומפקטי לנסיעות,Braun,טיפוח ובריאות,גילוח וטיפוח לגבר,"גוזם זקן קטן במיוחד המתאים לתיק טיסה, עם מספר הגדרות אורך בסיסיות וטעינה מהירה ב-USB.",משקל: 90 גרם | טעינה: USB | הגדרות אורך: 5,https://placehold.co/600x600/f4f4f5/27272a/png?text=travel%20trimmer
P0721,מכונת גילוח למקלחת,Philips,טיפוח ובריאות,גילוח וטיפוח לגבר,"מכונת גילוח המיועדת לשימוש רטוב ויבש כאחד, מאפשרת גילוח נוח תחת המים עם ג׳ל או קצף גילוח. ניקוי קל תחת ברז המים לאחר השימוש.",מצבי שימוש: רטוב ויבש | עמיד למים: כן | זמן פעולה: 60 דקות,https://placehold.co/600x600/f4f4f5/27272a/png?text=shower%20shaver
P0722,גוזם שיער ומכונת תספורת ביתית,Wahl,טיפוח ובריאות,גילוח וטיפוח לגבר,"מכונת תספורת ביתית עוצמתית עם סט מסרקים מתחלפים לאורכים שונים, מתאימה לתספורת עצמית או לתספורת בני המשפחה בבית. להבים מחושלים לחיתוך חלק וממושך.",מסרקים מצורפים: 8 | חומר להב: פלדת פחמן | חיבור: חוטי,https://placehold.co/600x600/f4f4f5/27272a/png?text=hair%20clipper
P0723,מכשיר גילוח לקו שיער מדויק,Remington,טיפוח ובריאות,גילוח וטיפוח לגבר,"מכשיר קטן ומדויק לעיצוב קווי מתאר, פאות לחיים וקו שיער, עם להב חד לתוצאה חלקה ומקצועית כמו בברברשופ.",סוג להב: מדויק | סוללה: נטענת | שימוש: קווי מתאר,https://placehold.co/600x600/f4f4f5/27272a/png?text=hair%20liner
P0724,ערכת גילוח קלאסית ומראה,,טיפוח ובריאות,גילוח וטיפוח לגבר,"ערכת גילוח קלאסית הכוללת מכונה חשמלית, מברשת ניקוי ומראה קומפקטית, ארוזה בקופסת מתנה מהודרת. אפשרות נעימה למי שמחפש מתנה קטנה ומעשית לגבר.",כולל מראה: כן | אריזת מתנה: כן | הפעלה: סוללות,https://placehold.co/600x600/f4f4f5/27272a/png?text=shaving%20kit
P0725,גוזם זקן עם תצוגת סוללה דיגיטלית,Philips,טיפוח ובריאות,גילוח וטיפוח לגבר,גוזם זקן עם צג דיגיטלי המציג את אחוז הסוללה הנותרת ואת רמת האורך הנבחרת. שיניים מחוסמות לייזר לחיתוך מדויק שאינו מותח את השיער.,תצוגה: דיגיטלית | הגדרות אורך: 40 | חיתוך: מחוסם לייזר,https://placehold.co/600x600/f4f4f5/27272a/png?text=beard%20trimmer%20display
P0726,מכונת גילוח מסתובבת פרימיום,Braun,טיפוח ובריאות,גילוח וטיפוח לגבר,דגם פרימיום עם ראשי גילוח מסתגלים לעקומות הפנים ומערכת ניקוי אוטומטית עצמאית הכוללת חיטוי וייבוש. תוצאה חלקה גם בזקן סורר.,מערכת ניקוי אוטומטית: כן | מספר ראשים: 4 | עמיד למים: כן,https://placehold.co/600x600/f4f4f5/27272a/png?text=premium%20shaver
P0727,מכשיר IPL להסרת שיער ביתית,Philips,טיפוח ובריאות,הסרת שיער וטיפוח פנים,"מכשיר IPL ביתי המבוסס על טכנולוגיית אור פועם להפחתת צמיחת שיער לאורך זמן, מתאים לשימוש על הרגליים, הזרועות ואזור הביקיני. חיישן גוון עור אוטומטי לבטיחות מרבית.","מספר הבזקים: 250,000 | חיישן עור: אוטומטי | אזורי שימוש: גוף ופנים",https://placehold.co/600x600/f4f4f5/27272a/png?text=ipl%20device
P0728,מכשיר אפילציה לגוף,Braun,טיפוח ובריאות,הסרת שיער וטיפוח פנים,"אפילטור המסיר שיער מהשורש לתוצאה חלקה הנמשכת עד ארבעה שבועות, עם ראש עיסוי המקהה את התחושה בזמן השימוש. מתאים גם לאזורים רגישים בגוף.",מספר פינצטות: 40 | ראש עיסוי: כן | עמיד למים: כן,https://placehold.co/600x600/f4f4f5/27272a/png?text=epilator
P0729,מברשת ניקוי פנים סיליקון,Foreo,טיפוח ובריאות,הסרת שיער וטיפוח פנים,"מברשת ניקוי פנים עשויה סיליקון היפואלרגני, פועלת בפעימות עדינות המסירות איפור ולכלוך יומיומי מבלי לגרד את העור. עמידה במים לשימוש במקלחת.",חומר: סיליקון | עמיד למים: כן | זמן טעינה מלאה: 300 שימושים,https://placehold.co/600x600/f4f4f5/27272a/png?text=facial%20cleansing%20brush
P0730,מסכת LED לטיפוח פנים,CurrentBody,טיפוח ובריאות,הסרת שיער וטיפוח פנים,"מסכת פנים גמישה עם נורות LED במספר אורכי גל, המיועדת לשגרת טיפוח יומית קצרה בבית. מתלבשת בנוחות על הפנים ומחוברת לשלט הפעלה נייד.",אורכי גל: אדום ואינפרא אדום | זמן טיפול: 10 דקות | חומר: סיליקון גמיש,https://placehold.co/600x600/f4f4f5/27272a/png?text=led%20mask
P0731,מכשיר IPL קומפקטי לפנים ולגוף,Remington,טיפוח ובריאות,הסרת שיער וטיפוח פנים,"מכשיר IPL קטן ונוח לאחיזה, המיועד לשימוש נקודתי בפנים ובגוף כאחד. חלון טיפול מוגדל לכיסוי מהיר של שטחים גדולים יותר.",חלון טיפול: 3 סמ״ר | מספר רמות עוצמה: 5,https://placehold.co/600x600/f4f4f5/27272a/png?text=compact%20ipl
P0732,אפילטור עדין לפנים,Braun,טיפוח ובריאות,הסרת שיער וטיפוח פנים,"אפילטור קטן המיועד במיוחד להסרת פלומת פנים עדינה סביב השפם והסנטר, עם ראש מוקטן לשליטה מדויקת.",ראש: מוקטן לפנים | הפעלה: סוללות | עיצוב: קומפקטי,https://placehold.co/600x600/f4f4f5/27272a/png?text=facial%20epilator
P0733,סט טיפוח פנים מפנק,L'Occitane,טיפוח ובריאות,הסרת שיער וטיפוח פנים,"סט הכולל ג׳ל ניקוי, סרום לחות וקרם עיניים בניחוח שקד עדין, ארוז בקופסת מתנה. מתאים כמתנה לאישה שאוהבת לפנק את העור שלה בטקס יומי.",מספר מוצרים בסט: 3 | ניחוח: שקד | אריזת מתנה: כן,https://placehold.co/600x600/f4f4f5/27272a/png?text=skincare%20set
P0734,מברשת ניקוי פנים מסתובבת,Clarisonic,טיפוח ובריאות,הסרת שיער וטיפוח פנים,"מברשת ניקוי פנים עם ראש מסתובב המנקה לעומק ומסיר תאי עור מתים, כולל שני מצבי עוצמה לעור רגיש ולעור רגיל.",ראשים מצורפים: 2 | מצבי עוצמה: 2 | עמיד למים: כן,https://placehold.co/600x600/f4f4f5/27272a/png?text=rotating%20facial%20brush
P0735,מכשיר גלי אור לטיפול בעור הפנים,Foreo,טיפוח ובריאות,הסרת שיער וטיפוח פנים,"מכשיר קומפקטי המשלב טיפולי אור ותנודות עדינות לשיפור מרקם העור, מתאים לשילוב בשגרת טיפוח קצרה של כמה דקות ביום.",משך טיפול מומלץ: 3 דקות | סוללה: נטענת | עמיד למים: כן,https://placehold.co/600x600/f4f4f5/27272a/png?text=light%20therapy%20device
P0736,אפילטור לגוף ולפנים,Panasonic,טיפוח ובריאות,הסרת שיער וטיפוח פנים,"אפילטור רב-תכליתי המיועד הן לגוף והן לפנים, עם ראשי החלפה נפרדים לכל אזור ונורית לד המאירה את השיער העדין.",ראשים מצורפים: 2 | תאורת LED: כן | עמיד למים: כן,https://placehold.co/600x600/f4f4f5/27272a/png?text=body%20face%20epilator
P0737,מכשיר IPL מקצועי לבית,Philips,טיפוח ובריאות,הסרת שיער וטיפוח פנים,"מכשיר IPL ברמת מרפאה המיועד לשימוש ביתי, עם עוצמה מתכווננת ל-10 רמות ומצב אוטומטי המתאים את הבזק לגוון העור. אריזה כוללת חיישן בטיחות כפול.",רמות עוצמה: 10 | מצב אוטומטי: כן | חיישן בטיחות: כפול,https://placehold.co/600x600/f4f4f5/27272a/png?text=professional%20ipl
P0738,סט טיפוח עור פנים לגבר,Nivea Men,טיפוח ובריאות,הסרת שיער וטיפוח פנים,"סט המיועד לגברים הכולל ג׳ל ניקוי פנים, קרם לחות ואפטר שייב מרגיע, לשגרת טיפוח פשוטה ומהירה בכל בוקר.",מספר מוצרים בסט: 3 | סוג עור מומלץ: כל סוגי העור,https://placehold.co/600x600/f4f4f5/27272a/png?text=men%20skincare%20set
P0739,מברשת ניקוי פנים סיליקון עמידה למים,PureGlow,טיפוח ובריאות,הסרת שיער וטיפוח פנים,"מברשת ניקוי עדינה לשימוש יומי, מתאימה לכל סוגי העור כולל עור רגיש ונוטה לאקנה.",חומר: סיליקון | עמיד למים: כן | מצבי עוצמה: 2,https://placehold.co/600x600/f4f4f5/27272a/png?text=silicone%20brush
P0740,מברשת שיניים חשמלית סוניק,Oral-B,טיפוח ובריאות,היגיינת פה,מברשת שיניים חשמלית עם טכנולוגיית תנודות סיבוביות המסירה פלאק ביעילות רבה יותר מהברשה ידנית. כוללת חיישן לחץ המזהיר מהברשה אגרסיבית מדי ופוגעת בחניכיים.,מצבי ניקוי: 3 | חיישן לחץ: כן | סוללה: נטענת,https://placehold.co/600x600/f4f4f5/27272a/png?text=electric%20toothbrush
P0741,מברשת שיניים חשמלית עם חיישן לחץ,Philips Sonicare,טיפוח ובריאות,היגיינת פה,"מברשת סוניק עם תנועה מהירה במיוחד לניקוי עדין ויסודי, מגיעה עם טיימר מובנה המחלק את זמן הצחצוח לארבעה אזורים שווים בפה.","תנועות בדקה: 31,000 | טיימר: מובנה | מצבי ניקוי: 2",https://placehold.co/600x600/f4f4f5/27272a/png?text=sonic%20toothbrush
P0742,מכשיר שטיפת פה בלחץ מים,Waterpik,טיפוח ובריאות,היגיינת פה,"מכשיר להשקיית מים בין השיניים ומתחת לקו החניכיים, משלים את הצחצוח היומי ומסייע בהסרת שאריות מזון מאזורים קשים להגעה. מיכל מים גדול לשימוש ממושך ללא מילוי חוזר.",קיבולת מיכל: 600 מ״ל | רמות לחץ: 10 | קצוות מצורפים: 4,https://placehold.co/600x600/f4f4f5/27272a/png?text=water%20flosser
P0743,מברשת שיניים לנסיעות מתקפלת,TravelDent,טיפוח ובריאות,היגיינת פה,"מברשת שיניים חשמלית קומפקטית עם כיסוי מגן מתקפל, מתאימה לנסיעות עסקים וחופשות. פועלת על סוללה אחת הנמשכת לאורך זמן.",הפעלה: סוללה | מתקפלת: כן | משקל: 40 גרם,https://placehold.co/600x600/f4f4f5/27272a/png?text=travel%20toothbrush
P0744,מברשת שיניים חשמלית לילדים,Oral-B,טיפוח ובריאות,היגיינת פה,"מברשת שיניים מעוצבת בדמויות אהובות לילדים, עם תזכורת קולית לזמן צחצוח וסוללה הנמשכת שבועות ארוכים בין טעינות. מתאימה לילדים המתקשים להתמיד בהרגלי צחצוח סדירים.",קהל יעד: ילדים | תזכורת זמן: כן | סוללה: נטענת,https://placehold.co/600x600/f4f4f5/27272a/png?text=kids%20toothbrush
P0745,מכשיר וואטרפיק קומפקטי לנסיעות,Waterpik,טיפוח ובריאות,היגיינת פה,"גרסה קטנה וניידת של מכשיר שטיפת הפה בלחץ מים, עם מיכל מתקפל וסוללה נטענת המתאימה למזוודה.",הפעלה: סוללה נטענת | מיכל: מתקפל | משקל: 200 גרם,https://placehold.co/600x600/f4f4f5/27272a/png?text=portable%20water%20flosser
P0746,מברשת שיניים סוניק עם 3 מצבי ניקוי,Philips Sonicare,טיפוח ובריאות,היגיינת פה,"מברשת שיניים המציעה מצב ניקוי רגיל, מצב עדין למניעת רגישות ומצב הלבנה קלה, עם תצוגת סוללה חיצונית.",מצבי ניקוי: 3 | תצוגת סוללה: כן | טיימר: כן,https://placehold.co/600x600/f4f4f5/27272a/png?text=sonicare%20toothbrush
P0747,מברשת שיניים חשמלית מינימליסטית,Xiaomi,טיפוח ובריאות,היגיינת פה,"מברשת שיניים בעיצוב פשוט ואיכות בנייה גבוהה, מציעה ניקוי יעיל במחיר נגיש. מתאימה למי שמחפש שדרוג ראשוני מהברשה הידנית.","תנועות בדקה: 31,000 | עמיד למים: כן | סוללה: עד 30 יום",https://placehold.co/600x600/f4f4f5/27272a/png?text=minimal%20toothbrush
P0748,סט מברשת שיניים וטעינה אלחוטית,Oral-B,טיפוח ובריאות,היגיינת פה,"סט הכולל מברשת שיניים חשמלית ותחנת טעינה אלחוטית קומפקטית, בקופסת מתנה נאה. פתרון נוח לשירותים ביתיים או כמתנה לבית חדש.",כולל תחנת טעינה: כן | ראשי החלפה: 2 | אריזת מתנה: כן,https://placehold.co/600x600/f4f4f5/27272a/png?text=toothbrush%20gift%20set
P0749,מכשיר ניקוי לשון ופה,,טיפוח ובריאות,היגיינת פה,"מכשיר קטן לניקוי עדין של הלשון, מסייע ברענון הנשימה כחלק משגרת ההיגיינה היומית.",חומר: סיליקון רך | הפעלה: ידנית,https://placehold.co/600x600/f4f4f5/27272a/png?text=tongue%20cleaner
P0750,מברשת שיניים סוניק שקטה לשימוש לילי,Panasonic,טיפוח ובריאות,היגיינת פה,"מברשת שיניים עם רמת רעש נמוכה במיוחד, מתאימה לצחצוח שקט בשעות הלילה מבלי להעיר בני בית. מגיעה עם ראש רך לחניכיים רגישות.",רמת רעש: נמוכה | ראש מברשת: רך | סוללה: נטענת,https://placehold.co/600x600/f4f4f5/27272a/png?text=quiet%20toothbrush
P0751,מברשת שיניים חשמלית עם אפליקציה,Oral-B,טיפוח ובריאות,היגיינת פה,"מברשת שיניים מתקדמת המתחברת לאפליקציה סלולרית ועוקבת אחר הרגלי הצחצוח, עם משוב בזמן אמת על אזורים שהוחמצו.",חיבור אפליקציה: כן | מצבי ניקוי: 5 | חיישן לחץ: כן,https://placehold.co/600x600/f4f4f5/27272a/png?text=smart%20toothbrush
P0752,בושם יוקרתי לאישה,Chanel,טיפוח ובריאות,בשמים ומארזי טיפוח,"בושם א.ד.פ עדין עם תווי פתיחה פרחוניים ובסיס חם של וניל ומושק, המתאים ללבישה יומית ולערבים מיוחדים כאחד. בקבוק זכוכית מהודר לתצוגה מרשימה על השידה.",נפח: 50 מ״ל | ריכוז: א.ד.פ | משפחת ריח: פרחוני-חם,https://placehold.co/600x600/f4f4f5/27272a/png?text=perfume%20bottle
P0753,מארז מתנה טיפוח לגבר,Hugo Boss,טיפוח ובריאות,בשמים ומארזי טיפוח,"מארז הכולל בושם, ג׳ל רחצה ודאודורנט באותה משפחת ריח, ארוז בקופסת מתנה מהודרת. אפשרות מצוינת למתנה לגבר לכל אירוע.",מספר מוצרים: 3 | אריזת מתנה: כן,https://placehold.co/600x600/f4f4f5/27272a/png?text=men%20gift%20set
P0754,בושם א.ד.פ לגבר,Dior,טיפוח ובריאות,בשמים ומארזי טיפוח,"בושם גברי עז עם ניחוחות עצים ותבלינים, עמידות גבוהה לאורך שעות ארוכות. מתאים לשימוש יומיומי ולאירועים ערביים.",נפח: 100 מ״ל | ריכוז: א.ד.פ | עמידות: עד 8 שעות,https://placehold.co/600x600/f4f4f5/27272a/png?text=mens%20perfume
P0755,סט סבון וקרם גוף מפנק,L'Occitane,טיפוח ובריאות,בשמים ומארזי טיפוח,"סט טיפוח בניחוח שקדים הכולל סבון רחצה קרמי וקרם גוף עשיר, מעניק לעור תחושת רכות ולחות לאורך היום. עטיפת מתנה מסוגננת.",מספר מוצרים: 2 | ניחוח: שקדים | אריזת מתנה: כן,https://placehold.co/600x600/f4f4f5/27272a/png?text=body%20care%20set
P0756,בושם קלאסי לאישה,Calvin Klein,טיפוח ובריאות,בשמים ומארזי טיפוח,"ניחוח מינימליסטי ורענן המשלב הדרים עם נגיעות מושק עדינות, מתאים לשימוש יומיומי במשרד ובפנאי.",נפח: 100 מ״ל | ריכוז: א.ד.ט | משפחת ריח: הדרי-מושקי,https://placehold.co/600x600/f4f4f5/27272a/png?text=classic%20perfume
P0757,מארז אמבט ופינוק,Laline,טיפוח ובריאות,בשמים ומארזי טיפוח,"מארז מפנק הכולל מלחי אמבט, תחליב גוף ונר ריחני בניחוח יסמין, ארוז בקופסת עץ מעוצבת. מתנה אהובה במיוחד לחגים ולימי הולדת.",מספר מוצרים: 3 | ניחוח: יסמין | אריזה: קופסת עץ,https://placehold.co/600x600/f4f4f5/27272a/png?text=bath%20gift%20set
P0758,בושם יוניסקס עדין,AromaLux,טיפוח ובריאות,בשמים ומארזי טיפוח,"ניחוח נקי ורענן המתאים לגברים ולנשים כאחד, עם תווי פתיחה של תה לבן ומיסק עדין.",נפח: 75 מ״ל | ריכוז: א.ד.ט | משפחת ריח: נקי-רענן,https://placehold.co/600x600/f4f4f5/27272a/png?text=unisex%20perfume
P0759,סט מוצרי גוף בניחוח לבנדר,Ahava,טיפוח ובריאות,בשמים ומארזי טיפוח,"סט טיפוח המבוסס על מינרלים מים המלח, כולל תחליב רחצה ותחליב גוף בניחוח לבנדר מרגיע. מומלץ לשגרת ערב לפני השינה.",מספר מוצרים: 2 | ניחוח: לבנדר | מקור: מינרלי ים המלח,https://placehold.co/600x600/f4f4f5/27272a/png?text=lavender%20body%20set
P0760,מארז מתנה לאמא,Laline,טיפוח ובריאות,בשמים ומארזי טיפוח,"מארז טיפוח מפנק הכולל קרם ידיים, תחליב גוף וסבון בניחוח פרחוני, ארוז בקופסת מתנה צבעונית. אידיאלי כמתנה מיוחדת לאמא ביום האם או ביום הולדת.",מספר מוצרים: 3 | ניחוח: פרחוני | אריזת מתנה: כן,https://placehold.co/600x600/f4f4f5/27272a/png?text=mothers%20gift%20set
P0761,בושם רומנטי לאישה,Dior,טיפוח ובריאות,בשמים ומארזי טיפוח,"בושם עם תווי ורד ופרחי יסמין, עמידות בינונית-גבוהה ותחושה נשית ורומנטית.",נפח: 50 מ״ל | ריכוז: א.ד.פ | משפחת ריח: פרחוני,https://placehold.co/600x600/f4f4f5/27272a/png?text=floral%20perfume
P0762,מארז שמנים וקרמים מים המלח,Ahava,טיפוח ובריאות,בשמים ומארזי טיפוח,"מארז המכיל שמן גוף, קרם ידיים וקרם לחות פנים המבוססים על מינרלים מים המלח, מתאים לעור יבש הזקוק לתזונה נוספת. אריזה קומפקטית לנסיעות ולבית.",מספר מוצרים: 3 | מקור: מינרלי ים המלח | אריזה: קומפקטית,https://placehold.co/600x600/f4f4f5/27272a/png?text=dead%20sea%20set
P0763,בושם עדין לגבר,Hugo Boss,טיפוח ובריאות,בשמים ומארזי טיפוח,"ניחוח קליל ורענן עם תווי הדרים ועץ אלון, מתאים לשימוש יומיומי בעבודה ובפנאי.",נפח: 100 מ״ל | ריכוז: א.ד.ט | עמידות: עד 6 שעות,https://placehold.co/600x600/f4f4f5/27272a/png?text=fresh%20cologne
P0764,אקדח עיסוי לשרירים,Therabody,טיפוח ובריאות,עיסוי ורגיעה,"אקדח עיסוי מקצועי המספק טיפול עמוק לשרירים לאחר אימון או יום עבודה מאומץ, עם מספר ראשי עיסוי מתחלפים ובקרת עוצמה מדורגת. שקט יחסית לפעילותו ומתאים לשימוש ביתי יומיומי.",ראשי עיסוי מצורפים: 5 | רמות עוצמה: 5 | סוללה: נטענת | רמת רעש: נמוכה,https://placehold.co/600x600/f4f4f5/27272a/png?text=massage%20gun
P0765,כרית עיסוי לצוואר וכתפיים,Beurer,טיפוח ובריאות,עיסוי ורגיעה,"כרית עיסוי שיאצו הנלבשת סביב הצוואר, עם ראשי עיסוי מסתובבים ואפשרות חימום נעים. מתאימה לשימוש בבית, במשרד או ברכב.",פונקציית חימום: כן | הפעלה: חשמל וסוללה | משקל: 600 גרם,https://placehold.co/600x600/f4f4f5/27272a/png?text=neck%20massager
P0766,מכשיר עיסוי לכפות רגליים,Medisana,טיפוח ובריאות,עיסוי ורגיעה,"מכשיר עיסוי לרגליים בשיטת לחיצת אוויר וגלגלות מסתובבות, מקל על תחושת כבדות ברגליים לאחר יום עמידה ארוך. שלוש עוצמות עיסוי לבחירה.",שיטת עיסוי: לחיצת אוויר וגלגלות | עוצמות: 3 | פונקציית חימום: כן,https://placehold.co/600x600/f4f4f5/27272a/png?text=foot%20massager
P0767,כיסא עיסוי ביתי,ZenRelax,טיפוח ובריאות,עיסוי ורגיעה,"כיסא עיסוי מלא לגוף עם תוכניות עיסוי מובנות לגב, לצוואר ולרגליים, כולל פונקציית חימום ומושב מתכוונן. פתרון נוח לפינוק בבית ללא צורך בביקור בקליניקה.",תוכניות עיסוי: 6 | פונקציית חימום: כן | הטיה: מתכווננת,https://placehold.co/600x600/f4f4f5/27272a/png?text=massage%20chair
P0768,משקפי עיסוי לעיניים,Beurer,טיפוח ובריאות,עיסוי ורגיעה,"משקפי עיסוי הנלבשים על העיניים ומספקים לחיצת אוויר עדינה ורטט קל, מסייעים בהרפיה לאחר יום מול מסכים. כוללות מוזיקה מרגיעה מובנית ורצועת חיבור בלוטות.",חיבור בלוטות: כן | מצבי עיסוי: 3 | סוללה: נטענת,https://placehold.co/600x600/f4f4f5/27272a/png?text=eye%20massager
P0769,כרית חימום לגב,Medisana,טיפוח ובריאות,עיסוי ורגיעה,"כרית חימום גמישה המתאימה לאזור הגב התחתון והכתפיים, עם מספר רמות חום ומנגנון כיבוי אוטומטי לבטיחות.",רמות חום: 3 | כיבוי אוטומטי: כן | חומר: בד רך,https://placehold.co/600x600/f4f4f5/27272a/png?text=heating%20pad
P0770,אקדח עיסוי קומפקטי,PulseFit,טיפוח ובריאות,עיסוי ורגיעה,"אקדח עיסוי קטן וקל לנשיאה בתיק ספורט, עם שלושה ראשים מתחלפים וסוללה המחזיקה מספר שימושים ברצף.",משקל: 500 גרם | ראשים מצורפים: 3 | רמות עוצמה: 3,https://placehold.co/600x600/f4f4f5/27272a/png?text=mini%20massage%20gun
P0771,מכשיר עיסוי שיאצו לצוואר,Beurer,טיפוח ובריאות,עיסוי ורגיעה,"מכשיר עיסוי המדמה טכניקת שיאצו מסורתית עם ראשי עיסוי כפולים מסתובבים בכיוונים מנוגדים, כולל אפשרות חימום אינפרא אדום.",טכניקת עיסוי: שיאצו | חימום אינפרא אדום: כן | הפעלה: חשמל,https://placehold.co/600x600/f4f4f5/27272a/png?text=shiatsu%20massager
P0772,שמיכת עיסוי לרגליים,Medisana,טיפוח ובריאות,עיסוי ורגיעה,"מכשיר עיסוי לחיצתי לרגליים המכסה את כף הרגל והשוק, מתאים במיוחד למי שסובל מתחושת רגליים כבדות בסוף היום.",אזור טיפול: כף הרגל והשוק | עוצמות לחיצה: 3,https://placehold.co/600x600/f4f4f5/27272a/png?text=leg%20massager
P0773,כרית עיסוי לגב התחתון,Homedics,טיפוח ובריאות,עיסוי ורגיעה,"כרית עיסוי המתאימה לכיסא משרד או לרכב, עם ראשי עיסוי מסתובבים ורצועת חגורה להתאמה לכל כיסא.",פונקציית חימום: כן | התאמה לכיסא: רצועות חגורה | הפעלה: חשמל ורכב,https://placehold.co/600x600/f4f4f5/27272a/png?text=lower%20back%20massager
P0774,מכשיר עיסוי לכף היד,Beurer,טיפוח ובריאות,עיסוי ורגיעה,"מכשיר קומפקטי המספק עיסוי לחיצתי לכף היד ולאצבעות, מתאים למי שעובד שעות ארוכות מול מקלדת ומרגיש נוקשות בידיים.",אזור טיפול: כף היד | עוצמות: 2 | הפעלה: סוללות,https://placehold.co/600x600/f4f4f5/27272a/png?text=hand%20massager
P0775,אקדח עיסוי מקצועי,Therabody,טיפוח ובריאות,עיסוי ורגיעה,דגם מתקדם עם מסך מגע לבחירת עוצמת עיסוי מדויקת וחיבור לאפליקציה המתאימה תוכנית טיפול אישית לפי קבוצת השרירים. מתאים לספורטאים ולאנשים פעילים המחפשים התאוששות מהירה בין אימונים.,מסך מגע: כן | חיבור אפליקציה: כן | ראשים מצורפים: 6,https://placehold.co/600x600/f4f4f5/27272a/png?text=pro%20massage%20gun
P0776,כרית חום ועיסוי לצוואר,Homedics,טיפוח ובריאות,עיסוי ורגיעה,"כרית המשלבת עיסוי שיאצו וחימום נעים, מתאימה לתליה על כיסא או לשימוש ניצב על השולחן.",פונקציית חימום: כן | טכניקת עיסוי: שיאצו | הפעלה: חשמל,https://placehold.co/600x600/f4f4f5/27272a/png?text=heated%20neck%20pillow
P0777,משקל חכם עם מדידת אחוזי שומן,Withings,טיפוח ובריאות,מכשירי בריאות ומדידה,"משקל חכם המודד משקל גוף, אחוז שומן, מסת שריר ומסת עצם, ומסנכרן את הנתונים לאפליקציה בסמארטפון לצורך מעקב לאורך זמן. מתאים למי שעוקב אחר התקדמות כושר וירידה במשקל, עם משטח זכוכית מחוסמת ותצוגה דיגיטלית ברורה.",מדדים נמדדים: 4 | חיבור: בלוטות/Wi-Fi | קיבולת משתמשים: 8,https://placehold.co/600x600/f4f4f5/27272a/png?text=smart%20scale
P0778,מד לחץ דם דיגיטלי לזרוע,Omron,טיפוח ובריאות,מכשירי בריאות ומדידה,"מד לחץ דם אוטומטי הנלבש על הזרוע ומודד בלחיצת כפתור אחת, עם זיכרון לתוצאות קודמות ואיתור אי-סדירות בקצב הלב. מתאים למעקב ביתי יומיומי.",מיקום מדידה: זרוע | זיכרון תוצאות: 60 מדידות | איתור אי-סדירות: כן,https://placehold.co/600x600/f4f4f5/27272a/png?text=blood%20pressure%20monitor
P0779,מד חום דיגיטלי אינפרא אדום,Beurer,טיפוח ובריאות,מכשירי בריאות ומדידה,"מד חום ללא מגע המודד טמפרטורה תוך שניות ממרחק קצר מהמצח, מתאים למדידה מהירה גם לתינוקות ישנים.",זמן מדידה: 1 שנייה | סוג מדידה: ללא מגע | זיכרון: 30 מדידות,https://placehold.co/600x600/f4f4f5/27272a/png?text=infrared%20thermometer
P0780,מד סטורציה לאצבע,Beurer,טיפוח ובריאות,מכשירי בריאות ומדידה,"מכשיר קטן הנצמד לאצבע ומודד את רמת החמצן בדם ואת קצב הדופק, עם תצוגה דיגיטלית ברורה וכיבוי אוטומטי לחיסכון בסוללה.",מדידה: סטורציה ודופק | תצוגה: דיגיטלית | כיבוי אוטומטי: כן,https://placehold.co/600x600/f4f4f5/27272a/png?text=pulse%20oximeter
P0781,מתקן ליישור יציבה,PostureFit,טיפוח ובריאות,מכשירי בריאות ומדידה,"רצועה הנלבשת על הכתפיים ומזכירה לגוף לשמור על יציבה זקופה, מתאימה לעובדי משרד היושבים שעות ארוכות מול מחשב ולמי שסובל מכאבי גב עקב ישיבה ממושכת.",חומר: נשים גמיש | התאמת גודל: מתכווננת | משקל: קל,https://placehold.co/600x600/f4f4f5/27272a/png?text=posture%20corrector
P0782,תיבת אירגון כדורים שבועית,,טיפוח ובריאות,מכשירי בריאות ומדידה,"תיבת פלסטיק המחולקת לשבעה ימים ולארבע שעות ביום, מסייעת בארגון נטילת תרופות באופן מסודר ועקבי.",חלוקה: 7 ימים | תאים ליום: 4 | חומר: פלסטיק קשיח,https://placehold.co/600x600/f4f4f5/27272a/png?text=pill%20organizer
P0783,מדרסים אורתופדיים,ComfortStep,טיפוח ובריאות,מכשירי בריאות ומדידה,"מדרסים אנטומיים התומכים בקשת כף הרגל ומפזרים את הלחץ באופן אחיד יותר, מתאימים לנעילה יומיומית ולנעלי ספורט. מומלצים למי שעומד או הולך שעות ארוכות.",חומר: קצף זיכרון | תמיכה: קשת כף הרגל | גדלים: מתאים לחיתוך,https://placehold.co/600x600/f4f4f5/27272a/png?text=orthopedic%20insoles
P0784,משקל חכם מחובר לאפליקציה,Withings,טיפוח ובריאות,מכשירי בריאות ומדידה,"משקל דיגיטלי המתחבר לאפליקציית בריאות ומציג גרפים של מגמת המשקל לאורך שבועות וחודשים, מזהה אוטומטית עד שמונה משתמשים שונים במשפחה.",זיהוי משתמשים: אוטומטי | חיבור: Wi-Fi | תצוגה: דיגיטלית,https://placehold.co/600x600/f4f4f5/27272a/png?text=connected%20scale
P0785,מד לחץ דם לפרק כף היד,Omron,טיפוח ובריאות,מכשירי בריאות ומדידה,"מד לחץ דם קומפקטי הנלבש על פרק כף היד, נוח לנשיאה בתיק ומתאים למי שזקוק למדידה תכופה מחוץ לבית.",מיקום מדידה: פרק כף היד | משקל: 120 גרם | זיכרון: 30 מדידות,https://placehold.co/600x600/f4f4f5/27272a/png?text=wrist%20blood%20pressure%20monitor
P0786,מד חום מגע למצח,Braun,טיפוח ובריאות,מכשירי בריאות ומדידה,"מד חום דיגיטלי הנוגע קלות במצח ומספק קריאה מדויקת תוך שניות, מתאים לכל המשפחה כולל ילדים קטנים.",סוג מדידה: מגע | זמן תגובה: 2 שניות | זיכרון: 20 מדידות,https://placehold.co/600x600/f4f4f5/27272a/png?text=forehead%20thermometer
P0787,תומך יציבה חכם עם רטט,PostureFit,טיפוח ובריאות,מכשירי בריאות ומדידה,"מכשיר קטן הנצמד לבגד ומזהיר ברטט עדין כאשר הגוף שוקע לתנוחה כפופה, מסייע בבניית הרגל של ישיבה ועמידה זקופה לאורך היום.",התרעה: רטט | הפעלה: סוללה נטענת | חיבור אפליקציה: כן,https://placehold.co/600x600/f4f4f5/27272a/png?text=smart%20posture%20device
P0788,מד חום דיגיטלי קלאסי,Beurer,טיפוח ובריאות,מכשירי בריאות ומדידה,"מד חום פשוט ומדויק למדידה תת-לשונית, עם קצה גמיש ונוח ותצוגה דיגיטלית גדולה וברורה. מתאים לכל המשפחה במחיר משתלם.",סוג מדידה: תת-לשונית | קצה: גמיש | זיכרון: מדידה אחרונה,https://placehold.co/600x600/f4f4f5/27272a/png?text=digital%20thermometer
P0789,מכשיר רעש לבן להרדמות,Hatch,טיפוח ובריאות,שינה ורוגע,"מכשיר השמעת רעש לבן וצלילי טבע המסייע ביצירת סביבת שינה שקטה ורגועה, עם תזמון כיבוי אוטומטי ובקרת עוצמה עדינה. מתאים לחדר שינה של מבוגרים ושל תינוקות כאחד.",מספר צלילים: 10 | טיימר כיבוי: כן | הפעלה: חשמל,https://placehold.co/600x600/f4f4f5/27272a/png?text=white%20noise%20machine
P0790,שעון מעורר עם סימולציית זריחה,Lumie,טיפוח ובריאות,שינה ורוגע,"שעון מעורר המדמה זריחה הדרגתית באמצעות אור המתחזק לאט לאורך 30 דקות לפני זמן ההשכמה, מסייע בהתעוררות טבעית ונעימה יותר מצלצול פתאומי.",משך סימולציה: 30 דקות | עוצמת אור: מתכווננת | כולל צלילי טבע: כן,https://placehold.co/600x600/f4f4f5/27272a/png?text=sunrise%20alarm%20clock
P0791,אוזניות שינה רכות,SoftSleep,טיפוח ובריאות,שינה ורוגע,"אוזניות דקות ורכות המיועדות לשינה על הצד, מתחברות באלחוט ומאפשרות האזנה למוזיקה מרגיעה או פודקאסטים ללא לחץ על האוזן.",חיבור: בלוטות | עובי: דק במיוחד | זמן פעולה: 10 שעות,https://placehold.co/600x600/f4f4f5/27272a/png?text=sleep%20headphones
P0792,מפזר ארומתרפיה אולטראסוני,AromaLux,טיפוח ובריאות,שינה ורוגע,"מפזר אדים אולטראסוני המשחרר לחות ניחוח עדין לחלל החדר, עם תאורת לד רכה הניתנת לכיבוי בנפרד. מתאים לשילוב שמנים אתריים לפני השינה.",קיבולת מיכל: 300 מ״ל | תאורת LED: כן | זמן פעולה: עד 8 שעות,https://placehold.co/600x600/f4f4f5/27272a/png?text=aroma%20diffuser
P0793,מכשיר רעש לבן קומפקטי לנסיעות,,טיפוח ובריאות,שינה ורוגע,"מכשיר רעש לבן קטן במיוחד המתאים לנסיעות ולשימוש בחדרי מלון, פועל על סוללה או על חיבור USB.",משקל: 100 גרם | הפעלה: USB או סוללה | מספר צלילים: 6,https://placehold.co/600x600/f4f4f5/27272a/png?text=portable%20white%20noise
P0794,שעון אור זריחה עם צלילי טבע,Hatch,טיפוח ובריאות,שינה ורוגע,"מכשיר משולב המשמש כשעון זריחה בבוקר ומכונת רעש לבן בלילה, עם אפליקציה המאפשרת תזמון שגרות שינה מותאמות אישית. מוצר פופולרי לחדר השינה של הורים ותינוקות.",חיבור אפליקציה: כן | מצב יום ולילה: כן | תאורה: מתכווננת,https://placehold.co/600x600/f4f4f5/27272a/png?text=sunrise%20sound%20machine
P0795,אוזניות שינה בלוטות דקות,SoftSleep,טיפוח ובריאות,שינה ורוגע,"זוג אוזניות אלחוטיות שטוחות במיוחד בתוך פס בד רך, מתאימות ללבישה ממושכת בזמן שינה מבלי להפריע.",עובי: 5 מ״מ | חיבור: בלוטות | חומר פס: בד נושם,https://placehold.co/600x600/f4f4f5/27272a/png?text=flat%20sleep%20earbuds
P0796,מפיץ שמנים אתריים עם תאורה,AromaLux,טיפוח ובריאות,שינה ורוגע,"מפיץ ריח קומפקטי בעיצוב עדין, משלב תאורת לילה רכה עם פיזור ניחוח אחיד לחדר קטן או בינוני.",קיבולת מיכל: 150 מ״ל | תאורת לילה: כן | חומר: קרמיקה,https://placehold.co/600x600/f4f4f5/27272a/png?text=essential%20oil%20diffuser
P0797,שעון מעורר זריחה מלא,Lumie,טיפוח ובריאות,שינה ורוגע,"דגם מתקדם עם עוצמת אור גבוהה יותר המדמה שמש בהירה, כולל רדיו FM וצלילי התעוררות נוספים לבחירה.",עוצמת אור: גבוהה | רדיו FM: כן | צלילי התעוררות: 5,https://placehold.co/600x600/f4f4f5/27272a/png?text=full%20sunrise%20clock
P0798,מכונת סאונד לתינוקות ולמבוגרים,Hatch,טיפוח ובריאות,שינה ורוגע,"מכונת סאונד רב-תכליתית עם צלילי גשם, גלים ורעש לבן, מתאימה הן לחדר תינוקות והן לחדר שינה של מבוגרים המתקשים להירדם בסביבה רועשת.",מספר צלילים: 12 | טיימר כיבוי: כן | עוצמה: מתכווננת,https://placehold.co/600x600/f4f4f5/27272a/png?text=sound%20machine
P0799,מפזר ארומתרפיה לחדר שינה,,טיפוח ובריאות,שינה ורוגע,"מפזר שקט במיוחד לשימוש לילי, עם מיכל מים גדול המספיק ללילה שלם ללא צורך במילוי חוזר.",קיבולת מיכל: 400 מ״ל | רמת רעש: נמוכה מאוד | זמן פעולה: עד 10 שעות,https://placehold.co/600x600/f4f4f5/27272a/png?text=bedroom%20diffuser
P0800,אוזניות שינה עם דחיסה נמוכה לצד,SoftSleep,טיפוח ובריאות,שינה ורוגע,"אוזניות מעוצבות במיוחד למי שישן על הצד, עם ריפוד רך המונע לחץ על האוזן התחתונה ומאפשר שינה נוחה לאורך הלילה.",עיצוב: שטוח לצד | חיבור: בלוטות | ריפוד: קצף זיכרון,https://placehold.co/600x600/f4f4f5/27272a/png?text=side%20sleeper%20headphones
P0801,הליכון חשמלי מתקפל,NordicTrack,"ספורט, טיולים ונסיעות",כושר ביתי,"הליכון ביתי עם מנוע חזק ומשטח ריצה רחב, מתאים להליכה וריצה קלה בבית. המסך המובנה מציג מהירות, מרחק וקצב לב, וניתן לקפל את המכשיר ולאחסן אותו בעמידה כדי לחסוך מקום בסלון.",מהירות מקסימלית: 16 קמ״ש | הטיה: 0-15% | משקל מקסימלי למשתמש: 130 ק״ג | קיפול: כן,https://placehold.co/600x600/f4f4f5/27272a/png?text=treadmill
P0802,אופני ספינינג ביתיים,Kettler,"ספורט, טיולים ונסיעות",כושר ביתי,"אופני כושר עם גלגל תנופה כבד ליציבות גבוהה ותחושת רכיבה חלקה, כוונון התנגדות ידני ומושב מתכוונן לגובה. מתאימים לאימוני קרדיו אינטנסיביים בבית ללא צורך במנוי לחדר כושר.",משקל גלגל תנופה: 18 ק״ג | סוג הילוך: רצועה | מושב: מתכוונן,https://placehold.co/600x600/f4f4f5/27272a/png?text=spin%20bike
P0803,חתרן הידראולי מתקפל,Body Sculpture,"ספורט, טיולים ונסיעות",כושר ביתי,"מכשיר חתירה קומפקטי המדמה משוט סירה, מפעיל שרירי גב, רגליים וידיים במקביל. מתקפל לאחסון אנכי ומצויד במחשב אימון קטן המציג זמן, קלוריות וחתירות לדקה.",התנגדות: הידראולית מתכווננת | קיפול: כן | תצוגה: דיגיטלית,https://placehold.co/600x600/f4f4f5/27272a/png?text=rowing%20machine
P0804,זוג משקולות יד מתכווננות,Bowflex,"ספורט, טיולים ונסיעות",כושר ביתי,"משקולות יד המאפשרות שינוי משקל במגוון קפיצות באמצעות חוגה, ומחליפות מדף שלם של משקולות קבועות. מתאימות לאימוני כוח מגוונים בבית או במרפסת, וחוסכות מקום אחסון משמעותי.",טווח משקל: 2-24 ק״ג ליחידה | חוגת כוונון: כן | חומר: פלדה וניילון,https://placehold.co/600x600/f4f4f5/27272a/png?text=adjustable%20dumbbells
P0805,קטלבל ליטוי,,"ספורט, טיולים ונסיעות",כושר ביתי,"קטלבל עשוי יציקת ברזל בציפוי גומי המונע פגיעה ברצפה, ידית רחבה לאחיזה נוחה בשתי ידיים. מתאים לתרגילי סווינג, סקוואט וסחיבה בכל רמת כושר.",משקל: 12 ק״ג | חומר: ברזל יצוק | ציפוי: גומי,https://placehold.co/600x600/f4f4f5/27272a/png?text=kettlebell
P0806,מתקן מתח לדלת,Insportline,"ספורט, טיולים ונסיעות",כושר ביתי,"מתקן מתח המתחבר למשקוף הדלת ללא צורך בקידוח, עם ריפוד מגן לצדדים. מאפשר תרגול משיכות בכמה אחיזות שונות ומתפרק בקלות לאחסון.",משקל מקסימלי: 100 ק״ג | התקנה: ללא קידוח | אחיזות: 3,https://placehold.co/600x600/f4f4f5/27272a/png?text=pull%20up%20bar
P0807,סט גומיות התנגדות,Gymform,"ספורט, טיולים ונסיעות",כושר ביתי,"חמש רמות התנגדות שונות המסומנות בצבע, מגיעות עם תיק נשיאה, ידיות אחיזה ורצועת עיגון לדלת. אידיאליות לאימוני שיקום, חיטוב ואימון בנסיעות.",מספר רמות: 5 | תיק נשיאה: כלול | ידיות אחיזה: כלולות,https://placehold.co/600x600/f4f4f5/27272a/png?text=resistance%20bands
P0808,גליל עיסוי פום רולר,TriggerPoint,"ספורט, טיולים ונסיעות",כושר ביתי,גליל קצף בצפיפות גבוהה לשחרור מיופציאלי ומתיחת שרירים לאחר אימון. פני השטח המחוספסים מדמים לחיצות ידיים לשחרור נקודות מתח בשרירי הרגליים והגב.,אורך: 33 ס״מ | קוטר: 14 ס״מ | צפיפות: גבוהה,https://placehold.co/600x600/f4f4f5/27272a/png?text=foam%20roller
P0809,חבל קפיצה עם מונה קפיצות,Adidas,"ספורט, טיולים ונסיעות",כושר ביתי,חבל קפיצה עם מיסבים בידיות ומסך דיגיטלי קטן הסופר קפיצות וקלוריות. אורך החבל ניתן לכיוון בקלות כדי להתאים לגובה המשתמש.,אורך מתכוונן: כן | מסך: דיגיטלי | ידיות: אנטומיות,https://placehold.co/600x600/f4f4f5/27272a/png?text=jump%20rope
P0810,ספסל כושר מתכוונן רב תכליתי,Tunturi,"ספורט, טיולים ונסיעות",כושר ביתי,"ספסל אימון עם משענת המתכווננת למספר זוויות, משטח יציב ורגליות מונעות החלקה, מתאים לתרגילי חזה, כתפיים ובטן עם משקולות יד או ברבל.",זוויות משענת: 7 | משקל מקסימלי: 150 ק״ג | קיפול: כן,https://placehold.co/600x600/f4f4f5/27272a/png?text=weight%20bench
P0811,אופני כושר שכיבה,NordicTrack,"ספורט, טיולים ונסיעות",כושר ביתי,"אופני כושר במבנה שכיבה המפחית עומס על הגב התחתון והברכיים, מושב מרופד רחב ומסך המציג נתוני אימון בזמן אמת. מתאימים במיוחד למתאמנים המחפשים אימון קרדיו נוח יותר למפרקים.",מבנה: שכיבה (Recumbent) | רמות התנגדות: 16 | מסך: LCD,https://placehold.co/600x600/f4f4f5/27272a/png?text=recumbent%20bike
P0812,מתקן אימון תלוי TRX ביתי,Gymform,"ספורט, טיולים ונסיעות",כושר ביתי,"רצועות אימון תלויות המשתמשות במשקל הגוף לפיתוח כוח, יציבות וגמישות, מתאימות לתלייה על דלת, עמוד מתח או ענף עץ בטיול. כוללות תיק נשיאה קל.",אורך רצועות: מתכוונן | עוגן דלת: כלול | תיק נשיאה: כן,https://placehold.co/600x600/f4f4f5/27272a/png?text=suspension%20trainer
P0813,סט דיסקים למוט ברבל,Reebok,"ספורט, טיולים ונסיעות",כושר ביתי,"דיסקי משקולות מגומי בציפוי עמיד המתאימים למוטות אולימפיים סטנדרטיים, מיועדים לאימוני כוח ביתיים ולבניית מסת שריר בהדרגה.",משקל כולל בסט: 50 ק״ג | קוטר חור: 5 ס״מ | ציפוי: גומי,https://placehold.co/600x600/f4f4f5/27272a/png?text=weight%20plates
P0814,מזרן יוגה אנטי החלקה,Manduka,"ספורט, טיולים ונסיעות",יוגה ופילאטיס,"מזרן יוגה בעובי נוח המספק אחיזה טובה על הרצפה ותמיכה למפרקים בתרגילי שכיבה וישיבה. מתאים לתרגול יוגה, פילאטיס ומתיחות כלליות בבית או בסטודיו.",עובי: 6 מ״מ | חומר: TPE | משקל: 1.1 ק״ג,https://placehold.co/600x600/f4f4f5/27272a/png?text=yoga%20mat
P0815,בלוקים ליוגה זוג,Gaiam,"ספורט, טיולים ונסיעות",יוגה ופילאטיס,זוג בלוקים קלים המסייעים בהעמקת תרגילי מתיחה ושמירה על יציבה נכונה כאשר הגמישות עדיין מוגבלת. פינות מעוגלות למניעת פציעה ומשטח לא מחליק.,חומר: קצף EVA | מידות: 23x15x7.5 ס״מ | כמות: 2 יחידות,https://placehold.co/600x600/f4f4f5/27272a/png?text=yoga%20blocks
P0816,טבעת פילאטיס מגנטית,,"ספורט, טיולים ונסיעות",יוגה ופילאטיס,"טבעת התנגדות עגולה עם ריפוד בשני הצדדים, משמשת לחיזוק שרירי הפנים הפנימיות, הישבן והבטן בתרגילי פילאטיס. קלה לאחסון ולנשיאה.",קוטר: 38 ס״מ | חומר: פיברגלס | ריפוד: קצף,https://placehold.co/600x600/f4f4f5/27272a/png?text=pilates%20ring
P0817,כדור פיט לפילאטיס ויוגה,Reebok,"ספורט, טיולים ונסיעות",יוגה ופילאטיס,"כדור התייצבות גדול המשמש לשיפור שיווי משקל, חיזוק שרירי הליבה ואימוני שיקום גב. מגיע עם משאבת ניפוח ידנית קטנה.",קוטר: 65 ס״מ | עמידות: עד 300 ק״ג | משאבה: כלולה,https://placehold.co/600x600/f4f4f5/27272a/png?text=exercise%20ball
P0818,רצועת מתיחה ליוגה עם לולאות,Manduka,"ספורט, טיולים ונסיעות",יוגה ופילאטיס,"רצועת בד עמידה עם מספר לולאות לאורכה, מסייעת בהעמקת מתיחות ובשמירה על יישור נכון בתרגילים כגון מתיחת רגליים וכתפיים.",אורך: 183 ס״מ | חומר: כותנה | לולאות: 10,https://placehold.co/600x600/f4f4f5/27272a/png?text=yoga%20strap
P0819,מזרן פילאטיס עבה מתקפל,Decathlon,"ספורט, טיולים ונסיעות",יוגה ופילאטיס,"מזרן עבה במיוחד המעניק ריפוד נוסף לעמוד השדרה בתרגילי פילאטיס על הרצפה, ניתן לקיפול לשליש לנשיאה נוחה עם רצועת חגורה.",עובי: 15 מ״מ | קיפול: משולש | רצועת נשיאה: כלולה,https://placehold.co/600x600/f4f4f5/27272a/png?text=pilates%20mat
P0820,גלגלת התעמלות לפילאטיס,Adidas,"ספורט, טיולים ונסיעות",יוגה ופילאטיס,"גלגלת עם שתי ידיות אחיזה לחיזוק שרירי הבטן, הגב והזרועות בתרגיל גלילה קדימה ואחורה. מתאימה למתאמנים בכל הרמות.",גלגל: כפול | ידיות: 2 | משטח: קצף מרופד,https://placehold.co/600x600/f4f4f5/27272a/png?text=ab%20wheel
P0821,כרית מדיטציה וישיבה,Gaiam,"ספורט, טיולים ונסיעות",יוגה ופילאטיס,"כרית ישיבה מרופדת בקש כוסמת התומכת באגן ובעמוד השדרה בישיבה ממושכת לתרגול יוגה או מדיטציה, כיסוי בד ניתן להסרה וכביסה.",מילוי: קש כוסמת | כיסוי: כותנה | קוטר: 33 ס״מ,https://placehold.co/600x600/f4f4f5/27272a/png?text=meditation%20cushion
P0822,מגבת יוגה סופגת זיעה,Manduka,"ספורט, טיולים ונסיעות",יוגה ופילאטיס,"מגבת דקה ומיקרופייבר המונחת על מזרן היוגה למניעת החלקה כתוצאה מהזעה, קלת ייבוש וניתנת לקיפול לגודל קטן בתיק הספורט.",חומר: מיקרופייבר | ספיגה: גבוהה | ייבוש: מהיר,https://placehold.co/600x600/f4f4f5/27272a/png?text=yoga%20towel
P0823,משקולות קרסול לפילאטיס זוג,Reebok,"ספורט, טיולים ונסיעות",יוגה ופילאטיס,"משקולות רצועה המתהדקות סביב הקרסול או פרק היד בסקוטש׳, מוסיפות עומס לתרגילי הרמת רגליים ובטן בפילאטיס ויוגה דינמית.",משקל ליחידה: 1 ק״ג | סגירה: סקוטש׳ | כמות: זוג,https://placehold.co/600x600/f4f4f5/27272a/png?text=ankle%20weights
P0824,כדור סופט בול לפילאטיס,Gaiam,"ספורט, טיולים ונסיעות",יוגה ופילאטיס,"כדור רך וקטן המשמש להעמקת עבודת שרירי הליבה בתרגילי פילאטיס, ניתן לניפוח חלקי לשליטה ברמת הקושי.",קוטר: 25 ס״מ | חומר: PVC רך | משאבה: כלולה,https://placehold.co/600x600/f4f4f5/27272a/png?text=pilates%20ball
P0825,תיק נשיאה למזרן יוגה,Manduka,"ספורט, טיולים ונסיעות",יוגה ופילאטיס,"תיק בד עם רצועת כתף מתכווננת המיועד לנשיאת מזרן יוגה מגולגל, כולל כיס קטן נוסף לטלפון וארנק. מתאים למעבר מהבית לסטודיו או לפארק.",חומר: בד כותנה | רצועת כתף: מתכווננת | כיס נוסף: כן,https://placehold.co/600x600/f4f4f5/27272a/png?text=yoga%20mat%20bag
P0826,אופני הרים 27.5 אינץ׳,Giant,"ספורט, טיולים ונסיעות",אופניים ותחבורה חשמלית,"אופני הרים עם מסגרת אלומיניום קלה, בולם קדמי סופג זעזועים ומעביר הילוכים ל-21 מהירויות המתאים לשבילי עפר ועליות תלולות. בלמי דיסק מכניים מספקים בלימה יציבה בכל תנאי מזג אוויר.",גודל גלגל: 27.5 אינץ׳ | הילוכים: 21 | בולם: קדמי | בלמים: דיסק מכני,https://placehold.co/600x600/f4f4f5/27272a/png?text=mountain%20bike
P0827,אופניים חשמליים עירוניים,Xiaomi,"ספורט, טיולים ונסיעות",אופניים ותחבורה חשמלית,"אופניים חשמליים לרכיבה יומיומית בעיר עם מנוע הבמצע ומצבר נשלף, מסך תצוגה קטן על הכידון ותאורה מובנית. טווח נסיעה נוח לימי עבודה ולקניות בלי להזיע.",טווח סוללה: עד 60 ק״מ | מנוע: 250W | מהירות מקסימלית: 25 קמ״ש,https://placehold.co/600x600/f4f4f5/27272a/png?text=electric%20bike
P0828,קורקינט חשמלי מתקפל,Segway-Ninebot,"ספורט, טיולים ונסיעות",אופניים ותחבורה חשמלית,"קורקינט חשמלי קל משקל עם מנגנון קיפול מהיר לנשיאה בתחבורה ציבורית, תאורה קדמית ואחורית ובלם רגנרטיבי המאריך את טווח הסוללה.",טווח: עד 30 ק״מ | משקל: 13 ק״ג | מהירות מקסימלית: 20 קמ״ש,https://placehold.co/600x600/f4f4f5/27272a/png?text=electric%20scooter
P0829,קסדת אופניים מאווררת,Giro,"ספורט, טיולים ונסיעות",אופניים ותחבורה חשמלית,"קסדה קלה עם פתחי אוורור רבים למניעת הזעה ברכיבה בחום, מנגנון כיוון היקף חייגן לכיוונון מדויק סביב הראש ורצועות מתכווננות מתחת לסנטר.",משקל: 260 גרם | פתחי אוורור: 22 | מנגנון כיוון: חייגן אחורי,https://placehold.co/600x600/f4f4f5/27272a/png?text=bike%20helmet
P0830,פנס קדמי לאופניים נטען USB,Cateye,"ספורט, טיולים ונסיעות",אופניים ותחבורה חשמלית,"פנס תאורה חזק לכידון האופניים עם מספר מצבי הארה, נטען באמצעות כבל USB ומספק שעות רבות של תאורה רציפה לרכיבה בטוחה בשעות החשיכה.",עוצמת אור: 800 לומן | סוללה: נטענת USB | מצבי הארה: 4,https://placehold.co/600x600/f4f4f5/27272a/png?text=bike%20light
P0831,מנעול אופניים U-Lock,Kryptonite,"ספורט, טיולים ונסיעות",אופניים ותחבורה חשמלית,"מנעול פלדה קשיח בצורת U המספק הגנה גבוהה מפני גניבה, כולל שני מפתחות ותושבת הרכבה לשלדת האופניים.",חומר: פלדה מחוסמת | קוטר בריח: 14 מ״מ | מפתחות: 2,https://placehold.co/600x600/f4f4f5/27272a/png?text=bike%20lock
P0832,אופני כביש קלי משקל,Trek,"ספורט, טיולים ונסיעות",אופניים ותחבורה חשמלית,"אופני כביש עם מסגרת אלומיניום אווירודינמית וגלגלים דקים המיועדים למהירות גבוהה על כביש אספלט, מעביר הילוכים חד לרכיבה חלקה גם בעליות ארוכות.",הילוכים: 16 | חומר מסגרת: אלומיניום | סוג בלמים: קליפר,https://placehold.co/600x600/f4f4f5/27272a/png?text=road%20bike
P0833,אופני ילדים 20 אינץ׳,Btwin,"ספורט, טיולים ונסיעות",אופניים ותחבורה חשמלית,"אופני ילדים בצבעים עליזים עם גלגלי עזר נשלפים, סל קדמי ופעמון, מתאימים לילדים בגילאי 6-9 המתחילים לרכוב בעצמאות בשכונה.",גודל גלגל: 20 אינץ׳ | גלגלי עזר: כלולים | סל קדמי: כן,https://placehold.co/600x600/f4f4f5/27272a/png?text=kids%20bike
P0834,מחשב רכיבה GPS לאופניים,Garmin,"ספורט, טיולים ונסיעות",אופניים ותחבורה חשמלית,"מחשב רכיבה קטן המתחבר לכידון ומציג מהירות, מרחק, גובה ומסלול על מסך צבעוני, עם ניווט GPS מובנה לתכנון מסלולי טיולי אופניים ארוכים.",מסך: צבעוני | GPS: מובנה | סוללה: עד 20 שעות,https://placehold.co/600x600/f4f4f5/27272a/png?text=bike%20computer
P0835,תיק אוכף לאופניים,Btwin,"ספורט, טיולים ונסיעות",אופניים ותחבורה חשמלית,"תיק קטן המתהדק מתחת לאוכף האופניים ומיועד לאחסון כלי תיקון, פנימית חילוף וטלפון נייד, עמיד במים וקל להתקנה והסרה.",נפח: 1.2 ליטר | חומר: פוליאסטר עמיד מים | התקנה: רצועות מהירות,https://placehold.co/600x600/f4f4f5/27272a/png?text=bike%20saddle%20bag
P0836,משאבת רגל לאופניים,Btwin,"ספורט, טיולים ונסיעות",אופניים ותחבורה חשמלית,"משאבת רצפה עם מד לחץ מובנה המתאימה לניפוח מהיר ומדויק של צמיגי אופניים בבית או במוסך, ראש כפול המתאים לרוב סוגי השסתומים.",לחץ מקסימלי: 160 פסי | מד לחץ: אנלוגי | ראש: כפול Presta/Schrader,https://placehold.co/600x600/f4f4f5/27272a/png?text=bike%20pump
P0837,סוללת חילוף לקורקינט חשמלי,Segway-Ninebot,"ספורט, טיולים ונסיעות",אופניים ותחבורה חשמלית,"סוללת ליתיום חילופית התואמת לדגמי קורקינטים חשמליים נפוצים, מאפשרת הכפלת טווח הנסיעה בטיולים ארוכים ללא צורך בטעינה מיידית.",קיבולת: 7.5 אמפר שעה | מתח: 36V | משקל: 1.8 ק״ג,https://placehold.co/600x600/f4f4f5/27272a/png?text=scooter%20battery
P0838,כיסא תינוק לאופניים קדמי,Thule,"ספורט, טיולים ונסיעות",אופניים ותחבורה חשמלית,"כיסא תינוק המתחבר לכידון האופניים בחלק הקדמי, עם רתמת בטיחות חמש נקודות ומשענת רגליים מתכווננת, מתאים להסעת פעוטות בשבילי אופניים עירוניים.",משקל מקסימלי: 15 ק״ג | רתמה: 5 נקודות | התקנה: לכידון,https://placehold.co/600x600/f4f4f5/27272a/png?text=bike%20child%20seat
P0839,אוהל קמפינג ל-4 אנשים,Coleman,"ספורט, טיולים ונסיעות",קמפינג וטיולים,"אוהל משפחתי מרווח עם שתי כניסות ותא פנימי לרשת נגד יתושים, עמיד בגשם בזכות איטום תפרים ובד פוליאסטר צפוף. הקמה קלה בעזרת עמודי פייברגלס צבעוניים המסודרים לפי צבע.",קיבולת: 4 אנשים | עמידות מים: 3000 מ״מ | משקל: 4.2 ק״ג | עמודים: פייברגלס,https://placehold.co/600x600/f4f4f5/27272a/png?text=camping%20tent
P0840,שק שינה תלת עונתי,Naturehike,"ספורט, טיולים ונסיעות",קמפינג וטיולים,"שק שינה בצורת מומיה השומר על חום הגוף בלילות קרירים באביב, קיץ וסתיו, עם רוכסן דו כיווני ובד פנימי נעים למגע. מתקפל לתיק דחיסה קטן המתאים לתרמיל גב.",טווח טמפרטורות: 5 עד 15 מעלות | מילוי: סינטטי | משקל: 1.1 ק״ג,https://placehold.co/600x600/f4f4f5/27272a/png?text=sleeping%20bag
P0841,כיסא קמפינג מתקפל,Quechua,"ספורט, טיולים ונסיעות",קמפינג וטיולים,"כיסא קל משקל עם משענת יד ומחזיק כוסות, מתקפל לתיק נשיאה קומפקטי ומתאים לישיבה נוחה ליד המדורה או בחוף הים.",משקל: 2.3 ק״ג | עומס מקסימלי: 100 ק״ג | מחזיק כוסות: כן,https://placehold.co/600x600/f4f4f5/27272a/png?text=camping%20chair
P0842,כירת גז ניידת דו להבית,Campingaz,"ספורט, טיולים ונסיעות",קמפינג וטיולים,"כירת גז קומפקטית עם שתי להבות המתאימה לבישול טיולים ומחנאות, מגיעה עם מכסה מגן רוח ומחברת למיכל גז תקני. מספקת שליטה מדויקת בעוצמת הלהבה לבישול ולטיגון בשטח.",מספר להבות: 2 | סוג גז: מיכל תקני | הצתה: פייזו,https://placehold.co/600x600/f4f4f5/27272a/png?text=camping%20stove
P0843,פנס קמפינג LED נטען,Black Diamond,"ספורט, טיולים ונסיעות",קמפינג וטיולים,"פנס תאורה עגול לתלייה באוהל או הצבה על שולחן, עם סוללה נטענת USB ומספר עוצמות תאורה. מספק אור נעים לישיבה משפחתית בערב מחוץ לבית.",עוצמת אור: 300 לומן | סוללה: נטענת | עמידות מים: IPX4,https://placehold.co/600x600/f4f4f5/27272a/png?text=camping%20lantern
P0844,תרמיל טיולים 60 ליטר,Osprey,"ספורט, טיולים ונסיעות",קמפינג וטיולים,"תרמיל גב גדול לטיולי תרמילאות ממושכים, עם מסגרת פנימית התומכת בגב ורצועת מותן מרופדת המפזרת את המשקל. כולל תאים נפרדים לציוד שינה ותרמיל גשם מובנה.",נפח: 60 ליטר | חומר: ניילון ריפסטופ | תרמיל גשם: כלול,https://placehold.co/600x600/f4f4f5/27272a/png?text=hiking%20backpack
P0845,שק הידרציה לגב 2 ליטר,Deuter,"ספורט, טיולים ונסיעות",קמפינג וטיולים,"תרמיל שתייה קל משקל עם שקית מים פנימית וצינורית שתייה נגישה, מתאים להליכה ורכיבה על אופניים כשידיים חופשיות חשובות. כולל כיס קטן לחפצים אישיים.",נפח שקית: 2 ליטר | חומר: ניילון | צינורית: כלולה,https://placehold.co/600x600/f4f4f5/27272a/png?text=hydration%20pack
P0846,צידנית קשיחה 30 ליטר,Coleman,"ספורט, טיולים ונסיעות",קמפינג וטיולים,"צידנית קשיחה עם דפנות מבודדות השומרות על קור לשעות ארוכות, ידיות אחיזה משני הצדדים ומכסה אטום. מתאימה לטיולי יום, ברביקיו וטיולי רכב.",נפח: 30 ליטר | בידוד: קצף פוליאוריתן | עמידות קור: עד 24 שעות,https://placehold.co/600x600/f4f4f5/27272a/png?text=cooler%20box
P0847,ערסל טיולים עם רשת יתושים,ENO,"ספורט, טיולים ונסיעות",קמפינג וטיולים,"ערסל קל ודחוס לנשיאה, עשוי בד ניילון עמיד עם רשת מגנה מפני יתושים, מגיע עם חבלים ווים לתלייה בין עצים. מושלם למנוחה בטבע בסוף יום טרק.",משקל: 0.9 ק״ג | עומס מקסימלי: 150 ק״ג | רשת יתושים: כלולה,https://placehold.co/600x600/f4f4f5/27272a/png?text=hammock
P0848,מזרן שינה מתנפח לקמפינג,Naturehike,"ספורט, טיולים ונסיעות",קמפינג וטיולים,"מזרן מתנפח קל עם משאבה מובנית ברגל, מספק בידוד מהקרקע הקרה ותמיכה נוחה יותר לגב מאשר מזרן קצף רגיל.",עובי מנופח: 8 ס״מ | ניפוח: משאבת רגל מובנית | משקל: 0.7 ק״ג,https://placehold.co/600x600/f4f4f5/27272a/png?text=sleeping%20pad
P0849,שולחן קמפינג מתקפל,Quechua,"ספורט, טיולים ונסיעות",קמפינג וטיולים,"שולחן אלומיניום קל ומתקפל עם רגליים ניתנות לכיוון גובה, מתאים לארוחות שטח ולהכנת אוכל בזמן טיול משפחתי. נפתח ונסגר בתוך דקה ללא צורך בכלים.",משטח: אלומיניום | קיפול: מזוודה | עומס מקסימלי: 20 ק״ג,https://placehold.co/600x600/f4f4f5/27272a/png?text=camping%20table
P0850,מצת פלזמה עמיד רוח,Zippo,"ספורט, טיולים ונסיעות",קמפינג וטיולים,"מצת חשמלי נטען המייצר קשת פלזמה במקום להבה, פועל גם ברוח וגשם קלים ומתאים להצתת מדורה, כיריים או נרות בטיול.",טעינה: USB | עמידות: רוח וגשם קל | שימושים לטעינה: כ-300,https://placehold.co/600x600/f4f4f5/27272a/png?text=plasma%20lighter
P0851,תרמיל טיולים יומי 35 ליטר,Salomon,"ספורט, טיולים ונסיעות",קמפינג וטיולים,"תרמיל בגודל בינוני לטיולי יום ארוכים בשטח, עם גב מאוורר ורצועות חזה ומותן לייצוב העומס. כיסים חיצוניים מאפשרים גישה מהירה למפה ובקבוק מים.",נפח: 35 ליטר | גב: מאוורר | רצועת חזה: כן,https://placehold.co/600x600/f4f4f5/27272a/png?text=day%20backpack
P0852,שמשיה לחוף הים,Bestway,"ספורט, טיולים ונסיעות",ים ובריכה,"שמשיה גדולה עם ציפוי UV המגן מפני קרינת שמש, מוט הברגה לנעיצה יציבה בחול ומנגנון הטיה המאפשר כיוון הצל לפי מיקום השמש.",קוטר: 200 ס״מ | הגנת UV: UPF50 | מנגנון הטיה: כן,https://placehold.co/600x600/f4f4f5/27272a/png?text=beach%20umbrella
P0853,סט שנורקל מלא,Cressi,"ספורט, טיולים ונסיעות",ים ובריכה,"סט הכולל משקפת צלילה, שנרקל עם מגן טפטופים וסנפירים קצרים, מתאים לשחייה קרובה לחוף ולצפייה בחיים הימיים. אריזה מוקפדת המתאימה גם לילדים ומבוגרים.","כולל: משקפת, שנרקל, סנפירים | אטימות: סיליקון | גדלים: S-XL",https://placehold.co/600x600/f4f4f5/27272a/png?text=snorkel%20set
P0854,סאפ בורד מתנפח,Aqua Marina,"ספורט, טיולים ונסיעות",ים ובריכה,"לוח גלישה עומדת מתנפח המגיע עם משוט, משאבת רגל ותיק נשיאה, מתאים לשייט רגוע באגמים ובים שקט. מתנפח לקשיחות גבוהה תוך דקות ספורות.",אורך: 320 ס״מ | עומס מקסימלי: 120 ק״ג | כולל: משוט ומשאבה,https://placehold.co/600x600/f4f4f5/27272a/png?text=paddleboard
P0855,מגבת חוף מיקרופייבר גדולה,O'Neill,"ספורט, טיולים ונסיעות",ים ובריכה,"מגבת חוף גדולה מבד מיקרופייבר קל וקומפקטי, סופגת מים היטב ומתייבשת מהר, תופסת מקום מועט בתיק החוף בהשוואה למגבת כותנה רגילה.",מידות: 160x80 ס״מ | חומר: מיקרופייבר | ייבוש: מהיר,https://placehold.co/600x600/f4f4f5/27272a/png?text=beach%20towel
P0856,תיק צידנית לחוף,Intex,"ספורט, טיולים ונסיעות",ים ובריכה,"תיק צד עם בידוד תרמי לשמירה על שתייה קרה לאורך יום בחוף, כיסים חיצוניים לכפכפים ולקרם שיזוף ורצועת כתף מתכווננת.",נפח: 20 ליטר | בידוד: תרמי | רצועת כתף: מתכווננת,https://placehold.co/600x600/f4f4f5/27272a/png?text=cooler%20bag
P0857,מזרן ים מתנפח,Intex,"ספורט, טיולים ונסיעות",ים ובריכה,"מזרן ים צבעוני לשכיבה על פני המים, עם משענת ראש מתנפחת וידיות אחיזה בצדדים. מתאים לבריכה ולים בימים שקטים.",מידות: 188x71 ס״מ | חומר: ויניל עמיד | ניפוח: ידני,https://placehold.co/600x600/f4f4f5/27272a/png?text=pool%20float
P0858,כדור ביץ׳ בול מתנפח,,"ספורט, טיולים ונסיעות",ים ובריכה,"כדור פלאז'ה קל וצבעוני לשעשועים בחוף ובבריכה, קל לניפוח ולניקוז ומתאים לכל הגילאים.",קוטר מנופח: 60 ס״מ | חומר: PVC | משקל: 90 גרם,https://placehold.co/600x600/f4f4f5/27272a/png?text=beach%20ball
P0859,משקפי שחייה מקצועיים,Speedo,"ספורט, טיולים ונסיעות",ים ובריכה,"משקפי שחייה עם עדשות אנטי ערפול והגנת UV, איטום סיליקון רך המונע דליפת מים ורצועת ראש מתכווננת בקלות. מתאימים לשחייה בבריכה ובים כאחד.",עדשות: אנטי ערפול | הגנת UV: כן | איטום: סיליקון,https://placehold.co/600x600/f4f4f5/27272a/png?text=swim%20goggles
P0860,כפכפי ים גומי,Havaianas,"ספורט, טיולים ונסיעות",ים ובריכה,"כפכפי גומי קלים ועמידים במים ובחול, סוליה גמישה ולא מחליקה. אופציה נוחה למעבר מהחוף לבית הקפה בטיילת.",חומר: גומי | סוליה: אנטי החלקה | משקל: קל,https://placehold.co/600x600/f4f4f5/27272a/png?text=flip%20flops
P0861,אוהל צל קופצני לתינוקות,Munchkin,"ספורט, טיולים ונסיעות",ים ובריכה,"אוהל צל קטן הנפתח בקפיצה אחת ומתקפל בקלות לדיסק שטוח, מגן על תינוקות מהשמש הישירה בחוף או בגן ומצויד בחלונות רשת לאוורור.",הגנת UV: UPF50+ | פתיחה: קפיצית | חלונות רשת: 2,https://placehold.co/600x600/f4f4f5/27272a/png?text=baby%20beach%20tent
P0862,עוגן חול לסאפ וקיאק,Aqua Marina,"ספורט, טיולים ונסיעות",ים ובריכה,"עוגן מתקפל המשמש לעיגון לוח סאפ או קיאק בקרקעית חולית או בוצית, נפתח לצורת עוגן ומתקפל שטוח לאחסון בתיק.",משקל: 1.5 ק״ג | חומר: פלדה מצופה | קיפול: שטוח,https://placehold.co/600x600/f4f4f5/27272a/png?text=sand%20anchor
P0863,מברשת ניקוי חול נגד הידבקות,Bestway,"ספורט, טיולים ונסיעות",ים ובריכה,"מברשת קטנה עם זיפים רכים המסירה חול דבוק מהעור והרגליים לפני הכניסה לרכב או לבית, קלה לתלייה על תיק החוף.",זיפים: סיליקון רך | גודל: כף יד | תלייה: חור חבל,https://placehold.co/600x600/f4f4f5/27272a/png?text=sand%20brush
P0864,מזוודה קשיחה גדולה 28 אינץ׳,Samsonite,"ספורט, טיולים ונסיעות",מזוודות ותיקי נסיעה,"מזוודה קשיחה מבד פוליקרבונט עמיד לזעזועים, עם ארבעה גלגלים מסתובבים 360 מעלות ומנעול טביעת אצבע TSA מובנה. מתאימה לטיולים ארוכים ולמשפחות הזקוקות לנפח אחסון גדול.",חומר: פוליקרבונט | גלגלים: 4 מסתובבים | מנעול: TSA | משקל: 4.2 ק״ג,https://placehold.co/600x600/f4f4f5/27272a/png?text=hardshell%20suitcase
P0865,מזוודה קשיחה בינונית 24 אינץ׳,American Tourister,"ספורט, טיולים ונסיעות",מזוודות ותיקי נסיעה,"מזוודה בגודל בינוני המתאימה לרוב חופשות המשפחה, מארז אבס קשיח עמיד בשריטות עם דוגמת ריבועים בולטת ומערכת גלגלים שקטה.",חומר: ABS | קיבולת: 68 ליטר | מנעול: TSA | הרחבה: כן,https://placehold.co/600x600/f4f4f5/27272a/png?text=suitcase
P0866,מזוודת עלייה למטוס,Delsey,"ספורט, טיולים ונסיעות",מזוודות ותיקי נסיעה,"מזוודת קרי-אין קלת משקל בגודל המותאם לתקן חברות התעופה, עם ידית טלסקופית ותא פנימי מחולק לרוכסן. פתרון נוח לטיסות עסקים קצרות או לסופ״ש עירוני.",מידות: 55x35x20 ס״מ | משקל: 2.3 ק״ג | גלגלים: 4,https://placehold.co/600x600/f4f4f5/27272a/png?text=carry%20on%20luggage
P0867,תיק דאפל בד גדול,The North Face,"ספורט, טיולים ונסיעות",מזוודות ותיקי נסיעה,"תיק דאפל מבד ניילון עמיד במים עם רצועת כתף רחבה וניתנת להסרה, מתאים לטיולי הרפתקאות, אימוני ספורט וטיסות עם משקל בגדים רב.",נפח: 90 ליטר | חומר: ניילון עמיד מים | רצועת כתף: נשלפת,https://placehold.co/600x600/f4f4f5/27272a/png?text=duffel%20bag
P0868,סט קוביות אריזה 6 יחידות,Travelon,"ספורט, טיולים ונסיעות",מזוודות ותיקי נסיעה,"סט קוביות בגדים ברשת ורוכסן בגדלים משתנים המסייעות לארגן את המזוודה לפי קטגוריות ולחסוך מקום, שקופות לזיהוי מהיר של התוכן.","כמות: 6 יחידות | גדלים: S,M,L | חומר: ניילון עם רשת",https://placehold.co/600x600/f4f4f5/27272a/png?text=packing%20cubes
P0869,תיק גב לטיולים ונסיעות עסקים,Samsonite,"ספורט, טיולים ונסיעות",מזוודות ותיקי נסיעה,"תיק גב עמיד עם תא ייעודי למחשב נייד, כיס עמיד מים חיצוני ומערכת גב מרופדת לנשיאה נוחה לאורך שעות. מתאים גם לנסיעות עבודה וגם לטיולי סוף שבוע.",תא מחשב: עד 15.6 אינץ׳ | חומר: פוליאסטר | כיס USB חיצוני: כן,https://placehold.co/600x600/f4f4f5/27272a/png?text=travel%20backpack
P0870,מזוודה רכה קלת משקל,American Tourister,"ספורט, טיולים ונסיעות",מזוודות ותיקי נסיעה,"מזוודה מבד רך עם מספר כיסי חוץ לגישה מהירה לפריטים, מתקפלת מעט בעת ריקון להקלת האחסון בבית בין נסיעה לנסיעה.",חומר: פוליאסטר | משקל: 3.1 ק״ג | כיסים חיצוניים: 2,https://placehold.co/600x600/f4f4f5/27272a/png?text=soft%20suitcase
P0871,תיק טיסה נשי קטן,Kipling,"ספורט, טיולים ונסיעות",מזוודות ותיקי נסיעה,"תיק אלגנטי בגודל תיק יד המתאים כתיק אישי מתחת למושב הטיסה, עם כיס נשלף להתאמה לידית המזוודה ומספר תאים פנימיים לארגון.",מידות: תיק אישי טיסה | רצועת מזוודה: כלולה | תאים פנימיים: 3,https://placehold.co/600x600/f4f4f5/27272a/png?text=travel%20tote
P0872,מזוודת ילדים עם גלגלים,American Tourister,"ספורט, טיולים ונסיעות",מזוודות ותיקי נסיעה,"מזוודה קטנה ועליזה לילדים בעיצוב חיות או דמויות, קלה למשיכה עצמאית עם ידית מותאמת לגובה ילד וגלגלים שקטים.",מידות: קרי-אין קטן | קהל יעד: ילדים | ידית: מותאמת גובה,https://placehold.co/600x600/f4f4f5/27272a/png?text=kids%20suitcase
P0873,תיק ספורט לטיסה עם תא נעליים,The North Face,"ספורט, טיולים ונסיעות",מזוודות ותיקי נסיעה,"תיק ספורט מרווח לנסיעות קצרות עם תא נפרד לנעליים המונע מגע עם שאר הבגדים, פתח רחב לאריזה מהירה ורצועת כתף מרופדת.",נפח: 45 ליטר | תא נעליים: נפרד | רצועת כתף: מרופדת,https://placehold.co/600x600/f4f4f5/27272a/png?text=gym%20travel%20bag
P0874,סט שתי מזוודות בגדלים שונים,Delsey,"ספורט, טיולים ונסיעות",מזוודות ותיקי נסיעה,"סט הכולל מזוודה גדולה ומזוודת קרי-אין תואמת בעיצוב אחיד, פתרון חסכוני למשפחות היוצאות לחופשה משותפת עם צורך בשני גדלי אריזה.",כמות במארז: 2 | חומר: ABS קשיח | מנעול: TSA בשתיהן,https://placehold.co/600x600/f4f4f5/27272a/png?text=luggage%20set
P0875,תיק צד קרוס בודי אנטי גניבה,Travelon,"ספורט, טיולים ונסיעות",מזוודות ותיקי נסיעה,"תיק קטן לנשיאה חוצה גוף עם רוכסנים נסתרים ורצועה מחוזקת בחוט פלדה, מיועד להגנה מפני כייסים בזמן סיורים בערים תיירותיות.",רצועה: מחוזקת פלדה | רוכסן: נסתר | נפח: 3 ליטר,https://placehold.co/600x600/f4f4f5/27272a/png?text=crossbody%20bag
P0876,כרית צוואר לטיסה מתנפחת,Cabeau,"ספורט, טיולים ונסיעות",אביזרי נסיעה,"כרית תמיכה לצוואר המתנפחת ומתרוקנת תוך שניות, תופסת מקום מזערי בתיק היד לעומת כרית קצף רגילה ומתאימה לטיסות ארוכות ונסיעות ברכבת.",ניפוח: פה או משאבה קטנה | חומר: קטיפה | קיפול: שטוח,https://placehold.co/600x600/f4f4f5/27272a/png?text=travel%20pillow
P0877,מתאם חשמל אוניברסלי לנסיעות,Go Travel,"ספורט, טיולים ונסיעות",אביזרי נסיעה,"מתאם המתאים לשקעים במרבית מדינות העולם, עם יציאות USB כפולות לטעינת מכשירים נוספים במקביל. פתרון קומפקטי אחד לכל היעדים בלי צורך במספר מתאמים.",יעדים נתמכים: מעל 150 מדינות | יציאות USB: 2 | הגנת קצר: כן,https://placehold.co/600x600/f4f4f5/27272a/png?text=travel%20adapter
P0878,משקל דיגיטלי למזוודות,Balanzza,"ספורט, טיולים ונסיעות",אביזרי נסיעה,"משקל תלוי קטן המודד את משקל המזוודה בעזרת קרס תפיסה, מסייע להימנע מתשלום עודף משקל בדלפק הצ׳ק אין בשדה התעופה.",טווח מדידה: עד 50 ק״ג | תצוגה: דיגיטלית | סוללה: כלולה,https://placehold.co/600x600/f4f4f5/27272a/png?text=luggage%20scale
P0879,נרתיק טואלטיקה תלוי,Travelon,"ספורט, טיולים ונסיעות",אביזרי נסיעה,"נרתיק טיפוח עם וו תלייה נשלף המאפשר תלייה על דלת מלון או פרגולת אוהל, מספר תאים ורשתות שקופות לארגון קרמים, מברשות ותרופות.",וו תלייה: מתקפל | תאים: מרובים | חומר: ניילון עמיד מים,https://placehold.co/600x600/f4f4f5/27272a/png?text=toiletry%20bag
P0880,ארנק דרכון עם חסימת RFID,Travelon,"ספורט, טיולים ונסיעות",אביזרי נסיעה,"ארנק קומפקטי לאחסון דרכון, כרטיסי אשראי וכרטיס עלייה למטוס, עם שכבת חסימת RFID המונעת קריאה אלקטרונית לא מורשית של פרטי הכרטיסים.",הגנת RFID: כן | תאים: לדרכון וכרטיסים | חומר: עור אקולוגי,https://placehold.co/600x600/f4f4f5/27272a/png?text=passport%20wallet
P0881,מסכת שינה לטיסה,Bucky,"ספורט, טיולים ונסיעות",אביזרי נסיעה,"מסכת עיניים רכה החוסמת אור לחלוטין, מתאימה לשינה בטיסות לילה ארוכות או בחדרים לא מוחשכים במלונות. רצועה אלסטית מתכווננת ללא לחץ על הפנים.",חומר: קטיפה | חסימת אור: מלאה | רצועה: אלסטית,https://placehold.co/600x600/f4f4f5/27272a/png?text=sleep%20mask
P0882,פקקי אוזניים לטיסה ולשינה,Moldex,"ספורט, טיולים ונסיעות",אביזרי נסיעה,"פקקי סיליקון רכים המפחיתים רעש מנועים ולחץ אוויר בטיסה, מגיעים באריזה קטנה עם נרתיק אחסון.",חומר: סיליקון רך | הפחתת רעש: עד 25 דציבל | נרתיק: כלול,https://placehold.co/600x600/f4f4f5/27272a/png?text=earplugs
P0883,תג זיהוי למזוודה,,"ספורט, טיולים ונסיעות",אביזרי נסיעה,"תג פלסטיק צבעוני עם רצועת חיזוק וחלון קטן לכרטיס פרטים אישיים, מסייע לזהות את המזוודה במהירות על סרט המטען ולמנוע בלבול עם מזוודות דומות.",חומר: PVC | חלון כרטיס: שקוף | צבעים: מגוון,https://placehold.co/600x600/f4f4f5/27272a/png?text=luggage%20tag
P0884,כרית מותן לתמיכה בטיסה ארוכה,Samsonite,"ספורט, טיולים ונסיעות",אביזרי נסיעה,"כרית תמיכת גב תחתון קלה המתחברת לכיסא המטוס או הרכבת ברצועה אלסטית, מפחיתה כאבי גב בישיבה ממושכת בטיסות בין-יבשתיות.",חומר מילוי: קצף זיכרון | רצועת חיבור: אלסטית | משקל: קל,https://placehold.co/600x600/f4f4f5/27272a/png?text=lumbar%20cushion
P0885,סט בקבוקוני נוזלים לביטחון שדה תעופה,Travelon,"ספורט, טיולים ונסיעות",אביזרי נסיעה,"סט בקבוקונים קטנים בנפח העומד בתקני הביטחון להעברת נוזלים בתיק יד, מתאים להעברת שמפו, קרם וג'ל בכמות מוגבלת בלי לוותר על מוצרי הטיפוח האהובים.",נפח כל בקבוקון: עד 100 מ״ל | כמות בסט: 4 | נרתיק שקוף: כלול,https://placehold.co/600x600/f4f4f5/27272a/png?text=travel%20bottles
P0886,ארגונית כבלים ומטענים לנסיעות,Go Travel,"ספורט, טיולים ונסיעות",אביזרי נסיעה,"נרתיק קטן עם רצועות אלסטיות ותאי רשת המסדר כבלים, מטענים ואוזניות בצורה מסודרת בתיק היד, מונע התפתחות סבך כבלים בתיק.",תאים: רשת ואלסטי | סגירה: רוכסן | מידות: A5,https://placehold.co/600x600/f4f4f5/27272a/png?text=cable%20organizer
P0887,סוגר מזוודה משולב משקל,Samsonite,"ספורט, טיולים ונסיעות",אביזרי נסיעה,"רצועת חגירה למזוודה עם מנעול קוד משולב ומד משקל דיגיטלי מובנה, מאבטחת את המזוודה סביבה ומאפשרת שקילה מהירה לפני היציאה לשדה התעופה.",מנעול: קוד תלת ספרתי | משקל מובנה: כן | אורך מתכוונן: כן,https://placehold.co/600x600/f4f4f5/27272a/png?text=luggage%20strap
P0888,תיק כביסה נפרד לנסיעות,Eagle Creek,"ספורט, טיולים ונסיעות",אביזרי נסיעה,"שקית בד עם סגירת חבל המפרידה בין בגדים נקיים ללכלוך בתוך המזוודה, מסייעת לשמור על סדר בנסיעות ארוכות עם כביסה מרובה.",חומר: בד נושם | סגירה: חבל משיכה | נפח: 15 ליטר,https://placehold.co/600x600/f4f4f5/27272a/png?text=laundry%20bag
P0889,תרמוס נירוסטה לשמירת חום 24 שעות,Stanley,"ספורט, טיולים ונסיעות",בקבוקים ותרמוסים,"תרמוס נירוסטה עם בידוד ואקום כפול השומר על נוזלים חמים או קרים לאורך שעות ארוכות, מכסה משמש גם ככוס שתייה. עמיד לזעזועים ומתאים לטיולים בטבע ולעבודה יומיומית.",נפח: 1 ליטר | שמירת חום: עד 24 שעות | חומר: נירוסטה,https://placehold.co/600x600/f4f4f5/27272a/png?text=thermos%20bottle
P0890,בקבוק מים נירוסטה עם בידוד ואקום,Hydro Flask,"ספורט, טיולים ונסיעות",בקבוקים ותרמוסים,"בקבוק נירוסטה קל המשמר טמפרטורת שתייה קרה לאורך יום שלם, ציפוי חיצוני מונע החלקה מהיד ופתח רחב המאפשר הוספת קרח בקלות.",נפח: 700 מ״ל | בידוד: ואקום כפול | פתח: רחב,https://placehold.co/600x600/f4f4f5/27272a/png?text=water%20bottle
P0891,בקבוק ספורט פלסטיק ללא BPA,,"ספורט, טיולים ונסיעות",בקבוקים ותרמוסים,"בקבוק קל משקל לאימוני ספורט עם פיה נשלפת למניעת דליפה בתיק, קווי מדידה מודפסים מסייעים במעקב אחר כמות השתייה היומית.",נפח: 750 מ״ל | חומר: טריטן ללא BPA | פיה: נשלפת,https://placehold.co/600x600/f4f4f5/27272a/png?text=sports%20bottle
P0892,בקבוק תרמי לילדים עם קשית,Contigo,"ספורט, טיולים ונסיעות",בקבוקים ותרמוסים,"בקבוק תרמי צבעוני בגודל מתאים לילדים, עם קשית מובנית ורצועת אחיזה לתלייה על תיק הגן. שומר על קרירות המשקה גם אחרי שעות בשמש בגינה.",נפח: 400 מ״ל | קשית: מובנית | רצועת נשיאה: כלולה,https://placehold.co/600x600/f4f4f5/27272a/png?text=kids%20water%20bottle
P0893,כוס תרמית לקפה לנסיעות,Contigo,"ספורט, טיולים ונסיעות",בקבוקים ותרמוסים,"כוס נסיעה עם מכסה אוטומטי המונע דליפה בתיק או במחזיק הכוסות ברכב, בידוד המשמר את חום הקפה לאורך הנסיעה לעבודה.",נפח: 470 מ״ל | מכסה: אוטומטי אטום | חומר: נירוסטה,https://placehold.co/600x600/f4f4f5/27272a/png?text=coffee%20tumbler
P0894,בקבוק מים מתקפל לטיולים,Vapur,"ספורט, טיולים ונסיעות",בקבוקים ותרמוסים,"בקבוק מסיליקון גמיש המתקפל לגובה נמוך כשהוא ריק, חוסך מקום בתרמיל טיולים ומתאים לטיולי הליכה ארוכים בהם משקל הציוד קריטי.",נפח: 550 מ״ל | חומר: סיליקון מזון | קיפול: שטוח,https://placehold.co/600x600/f4f4f5/27272a/png?text=collapsible%20bottle
P0895,תרמוס לאוכל חם,Stanley,"ספורט, טיולים ונסיעות",בקבוקים ותרמוסים,"קופסת תרמוס לשמירה על ארוחה חמה למספר שעות, פתח רחב המקל על אכילה ישירות מהכלי ואיטום הרמטי המונע נזילות בתיק.",נפח: 700 מ״ל | שמירת חום: עד 7 שעות | פתח: רחב,https://placehold.co/600x600/f4f4f5/27272a/png?text=food%20thermos
P0896,בקבוק זכוכית עם ציפוי סיליקון מגן,Bkr,"ספורט, טיולים ונסיעות",בקבוקים ותרמוסים,"בקבוק זכוכית בורוסיליקט עמיד בחום עם ציפוי סיליקון חיצוני המונע שבירה בנפילה, אפשרות נעימה למי שמעדיף לשתות ממשטח נטול פלסטיק.",נפח: 500 מ״ל | חומר: זכוכית בורוסיליקט | ציפוי: סיליקון,https://placehold.co/600x600/f4f4f5/27272a/png?text=glass%20bottle
P0897,בקבוק מים חכם עם מד שתייה,HidrateSpark,"ספורט, טיולים ונסיעות",בקבוקים ותרמוסים,"בקבוק עם חיישן קטן במכסה העוקב אחר כמות השתייה היומית ומתחבר לאפליקציה בטלפון להזכרות שתייה, מסייע לשמור על צריכת נוזלים מספקת ביום חם.",נפח: 600 מ״ל | חיבור: בלוטות׳ | סוללת חיישן: נטענת,https://placehold.co/600x600/f4f4f5/27272a/png?text=smart%20bottle
P0898,תיק צד לבקבוק מים לריצה,Nike,"ספורט, טיולים ונסיעות",בקבוקים ותרמוסים,"רצועת נשיאה לבקבוק מים המתהדקת סביב היד או המותן בזמן ריצה, עם כיס קטן למפתחות וטלפון נייד.",התאמה: יד או מותן | כיס נוסף: כן | חומר: נופרן,https://placehold.co/600x600/f4f4f5/27272a/png?text=running%20belt%20bottle
P0899,בקבוק ספורט עם מסנן פחם פעיל,Brita,"ספורט, טיולים ונסיעות",בקבוקים ותרמוסים,"בקבוק שתייה עם מסנן פחם קוקוס פנימי המשפר את טעם מי הברז, מתאים לטיולים ולשימוש יומיומי כתחליף לקניית מים בבקבוקים חד פעמיים.",נפח: 650 מ״ל | מסנן: פחם קוקוס | תדירות החלפה: כל חודשיים,https://placehold.co/600x600/f4f4f5/27272a/png?text=filter%20bottle
P0900,תרמוס נירוסטה משפחתי 1.5 ליטר,Stanley,"ספורט, טיולים ונסיעות",בקבוקים ותרמוסים,"תרמוס גדול במיוחד המתאים לטיולי משפחה ולפיקניקים, עם ידית אחיזה נוחה ומכסה הפועל גם ככוסות שתייה לכמה אנשים בבת אחת.",נפח: 1.5 ליטר | ידית: מובנית | כוסות מכסה: 2,https://placehold.co/600x600/f4f4f5/27272a/png?text=family%20thermos
P0901,עגלת תינוק קלת משקל מתקפלת בלחיצת כפתור,Bugaboo,תינוקות וילדים,ציוד לתינוק,"עגלה עירונית קלת משקל עם מנגנון קיפול חד-ידני הנפתח בתנועה אחת. גלגלים מסתובבים 360 מעלות לניווט קל במעברים צרים, מושב הפיך הפונה להורה או לכיוון הנסיעה, וסככת הגנה מורחבת מפני שמש ורוח. מתאימה משימוש בלידה ועד גיל כשלוש שנים ומתקפלת לגודל קומפקטי לאחסון בתא מטען.",משקל: 8.2 ק״ג | קיפול: חד-ידני | גיל מומלץ: לידה עד 3 שנים | גלגלים: מסתובבים 360°,https://placehold.co/600x600/f4f4f5/27272a/png?text=baby%20stroller
P0902,מושב בטיחות לרכב עם מערכת איזופיקס,Maxi-Cosi,תינוקות וילדים,ציוד לתינוק,"מושב בטיחות מקבוצת גיל 0 עד 4, מותקן באמצעות מערכת איזופיקס להתקנה יציבה וללא צורך בחגורות רכב. ריפוד פנימי נשלף לכביסה, כרית הגנה צידית נגד זעזועים, וזווית הטיה מתכווננת לנוחות שינה בנסיעה. עומד בתקני הבטיחות האירופיים המחמירים.",קבוצת גיל: 0-4 (עד 18 ק״ג) | התקנה: איזופיקס | הטיה: מתכווננת,https://placehold.co/600x600/f4f4f5/27272a/png?text=car%20seat
P0903,מוניטור תינוק חכם עם חיישן נשימה ומצלמת לילה,Nanit,תינוקות וילדים,ציוד לתינוק,"מוניטור תינוק מתקדם המשלב מצלמת HD בראיית לילה, חיישן תנועת נשימה שאינו נלבש על הגוף, ומעקב שינה באפליקציה. שולח התראה מיידית לטלפון ההורה במקרה של הפסקת תנועה חריגה. כולל מיקרופון דו-כיווני ותמיכה בהשמעת שיר ערש מרחוק.",חיבור: Wi-Fi | איכות תמונה: HD | ראיית לילה: כן | התראות: אפליקציה סלולרית,https://placehold.co/600x600/f4f4f5/27272a/png?text=baby%20monitor
P0904,מכשיר סטריליזציה לבקבוקים באדים חמים,Philips Avent,תינוקות וילדים,ציוד לתינוק,"מעקר בקבוקים ומוצצים באמצעות אדים חמים המחטא תוך כארבע דקות ומשמיד עד 99 אחוז מהחיידקים הנפוצים. מתאים לעד שישה בקבוקים בו-זמנית, נועל אוטומטית בסיום המחזור ושומר על העיקור עד 24 שעות כשהמכסה סגור.",זמן עיקור: כ-4 דקות | קיבולת: עד 6 בקבוקים | שימור עיקור: 24 שעות,https://placehold.co/600x600/f4f4f5/27272a/png?text=bottle%20sterilizer
P0905,מנשא ארגונומי לתינוק מותאם לגב,Chicco,תינוקות וילדים,ציוד לתינוק,"מנשא רך התומך בעמוד השדרה ובירכי התינוק בישיבה ארגונומית טבעית, עם שלוש אפשרויות נשיאה: פנימה, החוצה וגב ההורה. רצועות מרופדות ומתכווננות מפזרות את המשקל באופן שווה. מתאים משקל לידה ועד כ-15 קילוגרם.",משקל תינוק: 3.5-15 ק״ג | אפשרויות נשיאה: 3 | ריפוד: מתכוונן,https://placehold.co/600x600/f4f4f5/27272a/png?text=baby%20carrier
P0906,כיסא אוכל מתכוונן לתינוק עם מגש נשלף,Kinderkraft,תינוקות וילדים,ציוד לתינוק,"כיסא אוכל הגדל עם הילד, עם גובה מושב מתכוונן בשש רמות ומגש הניתן להסרה ולשטיפה במדיח כלים. רגליים יציבות עם בסיס רחב, רצועת בטיחות חמש נקודות, ואפשרות קיפול לאחסון נוח בין הארוחות. מתאים מגיל שישה חודשים ועד גיל בית ספר.",גיל מומלץ: 6 חודשים ומעלה | גובה מושב: 6 רמות | חגורת בטיחות: 5 נקודות,https://placehold.co/600x600/f4f4f5/27272a/png?text=high%20chair
P0907,עריסת נדנדה חשמלית לתינוק עם מוזיקה,Fisher-Price,תינוקות וילדים,ציוד לתינוק,"עריסה נעה בתנועת נדנדה עדינה משני כיוונים, עם מגוון שירי ערש וצלילי טבע מרגיעים. חיישן בכי מפעיל את התנועה אוטומטית כשהתינוק מתעורר. כולל תלייה מסתובבת עם דמויות תלויות מעל המזרן.",תנועת נדנדה: דו-כיוונית | מצבי צליל: 8 | הפעלה: חיישן בכי אוטומטי,https://placehold.co/600x600/f4f4f5/27272a/png?text=baby%20swing
P0908,משאבת חלב אלקטרונית כפולה שקטה,Philips Avent,תינוקות וילדים,ציוד לתינוק,"משאבת חלב אם דו-צדדית להפעלה בו-זמנית משני השדיים, המקצרת את זמן השאיבה. פועלת בשקט יחסי ומתאימה לשימוש ביתי ובחוץ עם סוללה נטענת. כוללת כרית עיסוי רכה להגברת זרימת החלב ומגוון עוצמות שאיבה.",סוג: דו-צדדית | הפעלה: סוללה נטענת | רמות עוצמה: 10,https://placehold.co/600x600/f4f4f5/27272a/png?text=breast%20pump
P0909,סל אמבטיה מתקפל לתינוק עם תמיכה ארגונומית,,תינוקות וילדים,ציוד לתינוק,"אמבטיית תינוק מתקפלת לגודל קומפקטי לאחסון, עם משטח תמיכה מתכוונן לתינוקות קטנים, פקק ניקוז לרוקון מים נוח וחומר רך שאינו מחליק באמבט הבית.",קיפול: כן | פקק ניקוז: כן | גיל מומלץ: לידה עד שנתיים,https://placehold.co/600x600/f4f4f5/27272a/png?text=baby%20bathtub
P0910,ערכת קוביות בנייה קלאסית 500 חלקים,LEGO,תינוקות וילדים,צעצועים ומשחקים,"ערכת קוביות בנייה יצירתית עם 500 חלקים בצבעים מגוונים, מתאימה לבניית עשרות דגמים לפי חוברת הדרכה או מדמיון חופשי. מפתחת חשיבה מרחבית, סבלנות ומוטוריקה עדינה. תואמת לשילוב עם ערכות בנייה נוספות מאותה משפחת מוצרים.",מספר חלקים: 500 | גיל מומלץ: 6-12 | חומר: פלסטיק ABS,https://placehold.co/600x600/f4f4f5/27272a/png?text=building%20blocks
P0911,בובת תינוקת מדברת ואינטראקטיבית,Mattel,תינוקות וילדים,צעצועים ומשחקים,"בובה רכה המגיבה למגע בקול ובביטויים, אומרת מספר משפטים בעברית ומגיבה כשמאכילים אותה בבקבוק המשחק הנלווה. מעודדת משחק דמיוני וטיפוח. גוף רך לחיבוק וראש ויניל בעל מרקם עורי.",גיל מומלץ: 3-8 | סוללות: 2 AAA (כלולות) | אביזרים נלווים: בקבוק ומוצץ,https://placehold.co/600x600/f4f4f5/27272a/png?text=baby%20doll
P0912,מכונית שלט רחוק עם תאורת לד,TurboRace,תינוקות וילדים,צעצועים ומשחקים,"מכונית מרוץ הנשלטת משלט אלחוטי בטווח של כ-30 מטרים, עם תאורת לד קדמית ואחורית ומהירות גבוהה על משטחים חלקים. גוף עמיד לחבטות וסוללה נטענת הכלולה בקופסה.",טווח שלט: כ-30 מטרים | סוללה: נטענת USB | גיל מומלץ: 6 ומעלה,https://placehold.co/600x600/f4f4f5/27272a/png?text=rc%20car
P0913,קוף פרוותי רך במיוחד לחיבוק,CuddleMe,תינוקות וילדים,צעצועים ומשחקים,"קוף פרווה רך וגדול לחיבוק, בד היפואלרגני נעים למגע ותפרים חזקים העומדים במשיכות. מתנה חמה לילדים אוהבי בעלי חיים וקישוט נעים לחדר הילדים.",גובה: 40 ס״מ | חומר: פוליאסטר רך | גיל מומלץ: מלידה,https://placehold.co/600x600/f4f4f5/27272a/png?text=plush%20toy
P0914,בית עץ למשחק דמיוני עם דמויות,Playmobil,תינוקות וילדים,צעצועים ומשחקים,"סט משחק דמיוני הכולל בית מפורט עם חדרים, רהיטים זעירים ומספר דמויות הניתנות להזזה ולשינוי תנוחה. מעודד משחק שיתופי וסיפור עלילות, ומתפרק בקלות לאחסון בקופסה מסודרת.",חלקים: כ-150 | גיל מומלץ: 4-10 | דמויות כלולות: 4,https://placehold.co/600x600/f4f4f5/27272a/png?text=dollhouse
P0915,רכבת עץ עם מסילות מתחברות,WoodPlay,תינוקות וילדים,צעצועים ומשחקים,"סט רכבת עץ עם קרונות מגנטיים ומסילות המתחברות בקלות ליצירת מסלולים משתנים. עץ חלק ובטוח ללא קצוות חדים, מתאים לשילוב עם מערכות מסילות עץ נפוצות אחרות.",חלקי מסילה: 40 | חומר: עץ מלא | גיל מומלץ: 3-8,https://placehold.co/600x600/f4f4f5/27272a/png?text=wooden%20train
P0916,משחק קופסה משפחתי לבניית אסטרטגיה,Hasbro,תינוקות וילדים,צעצועים ומשחקים,"משחק קופסה לכל המשפחה המשלב אסטרטגיה, מזל וקבלת החלטות מהירה. מתאים לשני עד שישה שחקנים ומשך משחק של כחצי שעה. כללים פשוטים להבנה אך עם עומק המאתגר גם מבוגרים.",שחקנים: 2-6 | משך משחק: כ-30 דקות | גיל מומלץ: 8 ומעלה,https://placehold.co/600x600/f4f4f5/27272a/png?text=board%20game
P0917,סט מטבח משחק לילדים עם אביזרים,PlayNest,תינוקות וילדים,צעצועים ומשחקים,"מטבח משחק בגודל ילדים עם כיריים מדומות, כיור, תנור ומגוון אביזרי בישול וכלי הגשה. מעודד משחק דמיוני ופיתוח מיומנויות חברתיות דרך חיקוי שגרת המבוגרים.",גובה: 80 ס״מ | אביזרים כלולים: 15 | גיל מומלץ: 3-7,https://placehold.co/600x600/f4f4f5/27272a/png?text=play%20kitchen
P0918,דמות אקשן מפרקים עם אביזרים נלווים,Hasbro,תינוקות וילדים,צעצועים ומשחקים,"דמות אקשן במפרקים נעים ואביזרי לחימה נלווים המתאימים לעולם הדמויות. מיוצרת מפלסטיק עמיד לצבע שאינו דוהה, ומתאימה לאיסוף ולמשחק דמיוני כאחד.",גובה: 15 ס״מ | מפרקים נעים: 11 | גיל מומלץ: 5 ומעלה,https://placehold.co/600x600/f4f4f5/27272a/png?text=action%20figure
P0919,ערכת ניסויי מדע לילדים עם הוראות מודפסות,SciKid,תינוקות וילדים,מדע ויצירה לילדים,"ערכה הכוללת עשרות ניסויים בטוחים בתחומי כימיה, פיזיקה וביולוגיה, עם חומרים וכלים נלווים וחוברת הדרכה מאוירת בעברית. מלמדת עקרונות מדעיים בסיסיים דרך התנסות מעשית ומעודדת סקרנות. מתאימה לילדי בית ספר יסודי המתעניינים בעולם המדע.","מספר ניסויים: 25 | גיל מומלץ: 8-14 | תכולה: מבחנות, אבקות בטוחות, חוברת הדרכה",https://placehold.co/600x600/f4f4f5/27272a/png?text=science%20kit
P0920,מיקרוסקופ ילדים עם תאורה מובנית ומגדלים,LabKid,תינוקות וילדים,מדע ויצירה לילדים,"מיקרוסקופ לימודי עם הגדלה של עד 400 פעמים, תאורת לד תחתונה ועליונה ומשטח מתכוונן. מגיע עם דגימות מוכנות ושקופיות ריקות להכנת דגימות עצמאיות. פותח סקרנות לעולם הזעיר שמסביבנו.",הגדלה: עד פי 400 | תאורה: LED כפולה | גיל מומלץ: 8 ומעלה,https://placehold.co/600x600/f4f4f5/27272a/png?text=microscope
P0921,רובוט תכנות לילדים הנשלט מאפליקציה,LEGO,תינוקות וילדים,מדע ויצירה לילדים,"רובוט הרכבה עצמית הנשלט באמצעות אפליקציה ידידותית המלמדת יסודות תכנות בגרירה ושחרור של פקודות. מזהה מכשולים, מגיב לצליל ונע בכיוונים שונים לפי התכנות. כלי מצוין להכרות ראשונית עם עולם הרובוטיקה והקוד.",חלקי הרכבה: 847 | חיבור: Bluetooth | גיל מומלץ: 8-14,https://placehold.co/600x600/f4f4f5/27272a/png?text=coding%20robot
P0922,ערכת יצירה בקרמיקה צבעונית לילדים,CraftBox,תינוקות וילדים,מדע ויצירה לילדים,"ערכת יצירה הכוללת חימר קרמי מתקשה באוויר, תבניות וצבעים לגימור. מאפשרת יצירת כלים וקישוטים קטנים ללא צורך בתנור. מתנה מהנה לילדים אוהבי יצירה ואמנות.","תכולה: חימר, תבניות, צבעים | גיל מומלץ: 6-12 | ייבוש: אוויר, ללא תנור",https://placehold.co/600x600/f4f4f5/27272a/png?text=craft%20kit
P0923,קופסת בנייה מכנית עם גלגלי שיניים,MechaBuild,תינוקות וילדים,מדע ויצירה לילדים,"ערכת בנייה מכנית עם מוט הינע, גלגלי שיניים וחלקי מסגרת המאפשרים הרכבת מנופים, כלי רכב ומכונות פשוטות. מלמדת עקרונות בסיסיים בהנדסה מכנית דרך משחק מעשי.",חלקים: 200 | גיל מומלץ: 7-13 | כולל מנוע: כן,https://placehold.co/600x600/f4f4f5/27272a/png?text=mechanical%20building%20set
P0924,ערכת חשמל בטוחה ללימוד מעגלים,CircuitKid,תינוקות וילדים,מדע ויצירה לילדים,"ערכת ניסויי חשמל עם רכיבים בטוחים במתח נמוך המאפשרים בניית מעגלים פשוטים כגון נורות מהבהבות, מאווררים קטנים וזמזמים. חוברת פרויקטים מודרגת מהקל למורכב.",פרויקטים כלולים: 30 | מתח הפעלה: סוללות בלבד | גיל מומלץ: 8 ומעלה,https://placehold.co/600x600/f4f4f5/27272a/png?text=electronics%20kit
P0925,קיט לגידול גביש בבית,CrystalLab,תינוקות וילדים,מדע ויצירה לילדים,"ערכה קטנה לגידול גבישים צבעוניים בבית תוך מספר ימים, כולל אבקת גידול, כלי תצוגה וחוברת הסבר קצרה. ניסוי פשוט ומרשים לילדים סקרנים.",זמן גידול: 3-7 ימים | גיל מומלץ: 6-12 | תכולה: אבקת גידול וכלי תצוגה,https://placehold.co/600x600/f4f4f5/27272a/png?text=crystal%20growing%20kit
P0926,ציוד ציור ופיסול לילדים בארגז נשיאה,ArtCase,תינוקות וילדים,מדע ויצירה לילדים,"ארגז נשיאה הכולל צבעי גואש, פסטלים, חימר צבעוני ומברשות במגוון גדלים. מתאים לפעילויות יצירה בבית ובחוץ, עם ידית נשיאה נוחה וחלוקה פנימית מסודרת.","תכולה: צבעים, חימר, מברשות | גיל מומלץ: 4-10 | נשיאה: ארגז עם ידית",https://placehold.co/600x600/f4f4f5/27272a/png?text=art%20supplies
P0927,טרמפולינה לגינה עם רשת הגנה,JumpZone,תינוקות וילדים,משחקי חוץ,"טרמפולינה ביתית בקוטר שני מטרים עם רשת הגנה היקפית ומוט תמיכה מרופד. מסגרת פלדה מגולוונת עמידה בתנאי חוץ, ומזרן קפיצה עשוי בד עמיד למים ולשמש. מתאימה למשפחות עם ילדים בגילאי בית ספר.",קוטר: 200 ס״מ | רשת הגנה: כן | עומס מרבי: 100 ק״ג,https://placehold.co/600x600/f4f4f5/27272a/png?text=trampoline
P0928,אופני איזון לפעוטות ללא הילוכים,Micro,תינוקות וילדים,משחקי חוץ,"אופני איזון קלים ללא פדלים המסייעים לפעוטות ללמוד שיווי משקל לפני מעבר לאופניים רגילים. מושב מתכוונן לגובה, גלגלים רחבים ליציבות וגוף עשוי מגנזיום קל.",משקל: 2.9 ק״ג | גיל מומלץ: 2-5 | גובה מושב: מתכוונן,https://placehold.co/600x600/f4f4f5/27272a/png?text=balance%20bike
P0929,קורקינט שלושה גלגלים לילדים,Micro,תינוקות וילדים,משחקי חוץ,"קורקינט יציב עם שני גלגלים קדמיים ואחד אחורי, פניה מבוססת הטיית גוף ולא כידון סיבובי. ידית מתכווננת לגובה הגדל עם הילד, וגלגלים שקטים ורכים.",גלגלים: 3 | גיל מומלץ: 3-6 | ידית: מתכווננת לגובה,https://placehold.co/600x600/f4f4f5/27272a/png?text=kids%20scooter
P0930,ארגז חול עם מכסה מגן מקרינת שמש,SunPlay,תינוקות וילדים,משחקי חוץ,"ארגז חול מרובע עם מכסה קשיח ההופך לגגון צל בפתיחה, שומר על החול נקי ויבש בין המשחקים. פינות מעוגלות ובטוחות ורגליים יציבות למניעת החלקה.",מידות: 100x100 ס״מ | מכסה: הופך לגגון | גיל מומלץ: 2-8,https://placehold.co/600x600/f4f4f5/27272a/png?text=sandbox
P0931,נדנדה תלויה לגינה לילדים,GardenSwing,תינוקות וילדים,משחקי חוץ,"נדנדת ישיבה יחידה עם חבלים מתכווננים לגובה, מתאימה לתלייה על ענף עץ חזק או מתקן משחק. מושב פלסטיק עמיד לתנאי מזג אוויר עם משענת גב.",עומס מרבי: 50 ק״ג | חבלים: מתכווננים | גיל מומלץ: 3-10,https://placehold.co/600x600/f4f4f5/27272a/png?text=swing
P0932,בריכת כדורים מתנפחת לפעוטות,BounceFun,תינוקות וילדים,משחקי חוץ,"בריכה מתנפחת קטנה למילוי בכדורי פלסטיק צבעוניים, מספקת שעות משחק חושי בטוח לפעוטות. מתנפחת ומתרוקנת במהירות באמצעות משאבה ידנית, ומתקפלת לאחסון קל.",מידות מנופחת: 90x90 ס״מ | כולל כדורים: לא | גיל מומלץ: 1-4,https://placehold.co/600x600/f4f4f5/27272a/png?text=ball%20pit
P0933,מגלשה פלסטיק לגינה עם סולם,SlideKing,תינוקות וילדים,משחקי חוץ,"מגלשה חד-מדרגתית עם סולם רחב ומעקות אחיזה משני צדדיו, פלטפורמת עמידה מרווחת בראש המגלשה וקשת יציבה בבסיס. עשויה פלסטיק עמיד לקרינת UV ולתנאי חוץ לאורך שנים.",גובה כולל: 120 ס״מ | חומר: פוליאתילן עמיד UV | גיל מומלץ: 2-6,https://placehold.co/600x600/f4f4f5/27272a/png?text=slide
P0934,קסדת אופניים לילדים מאווררת,Micro,תינוקות וילדים,משחקי חוץ,קסדת בטיחות קלה עם פתחי אוורור מרובים ורצועת סגירה מתכווננת בחגורה מהירה. עומדת בתקן הבטיחות האירופי ומתאימה גם לגלגליות וקורקינט.,משקל: 230 גרם | פתחי אוורור: 11 | היקף ראש: 48-54 ס״מ,https://placehold.co/600x600/f4f4f5/27272a/png?text=bike%20helmet
P0935,מתקן משחק רב תכליתי לחצר עם מגלשה ונדנדה,YardMax,תינוקות וילדים,משחקי חוץ,"מתקן משחק גדול לחצר המשלב מגדל טיפוס, מגלשה, שתי נדנדות וקיר טיפוס, עשוי עץ אורן מחוסן. פרויקט מרכזי לחצר הבית המספק פעילות גופנית מגוונת לילדים לאורך שנים, כולל הוראות הרכבה מפורטות.","חומר: עץ אורן מחוסן | מרכיבים: מגלשה, 2 נדנדות, קיר טיפוס | גיל מומלץ: 3-12",https://placehold.co/600x600/f4f4f5/27272a/png?text=playground%20set
P0936,מיטת אורתופדית לכלב בגדלים שונים,ComfortPet,חיות מחמד,כלבים,"מיטת כלב עם ליבת קצף זיכרון התומכת במפרקים ובעמוד השדרה, מומלצת לכלבים מבוגרים או עם בעיות מפרקים. ציפוי חיצוני ניתן לכביסה ובסיס תחתון מונע החלקה על רצפות חלקות.",מידות: S/M/L/XL | ליבה: קצף זיכרון | ציפוי: ניתן להסרה וכביסה,https://placehold.co/600x600/f4f4f5/27272a/png?text=dog%20bed
P0937,רצועת הליכה נשלפת לכלב,PetSafe,חיות מחמד,כלבים,"רצועה נשלפת עד חמישה מטרים עם בלימה מיידית בלחיצת כפתור, ידית אחיזה אנטי-החלקה ופנס לד מובנה להליכות ערב. מתאימה לכלבים בגדלים שונים.",אורך מרבי: 5 מטרים | בלימה: כפתור מיידי | פנס לד: מובנה,https://placehold.co/600x600/f4f4f5/27272a/png?text=dog%20leash
P0938,מאכילון פאזל לכלב להאטת אכילה,Kong,חיות מחמד,כלבים,כלי האכלה אינטראקטיבי המאט את קצב האכילה ומעודד גירוי מנטלי. הכלב צריך לגלגל ולתמרן את הכלי כדי לשחרר את הגרגירים. מסייע לכלבים אוכלים מהר ומפחית שעמום.,חומר: גומי עמיד | קיבולת: כ-2 כוסות מזון | מתאים ל: כל הגדלים,https://placehold.co/600x600/f4f4f5/27272a/png?text=dog%20puzzle%20feeder
P0939,עוקב מיקום GPS לכלב עם קליפ לרצועה,Garmin,חיות מחמד,כלבים,מתקן איתור GPS קטן המתחבר לרצועת הכלב ומשדר מיקום בזמן אמת לאפליקציה בטלפון. מגדיר גבול וירטואלי ושולח התראה אם הכלב חורג ממנו. עמיד למים וסוללה המחזיקה מספר ימים בטעינה אחת.,משקל: 20 גרם | עמידות: IP67 | סוללה: עד 3 ימים,https://placehold.co/600x600/f4f4f5/27272a/png?text=dog%20gps%20tracker
P0940,מצלמת בית לכלב עם זריקת חטיפים מרחוק,Furbo,חיות מחמד,כלבים,"מצלמה חכמה המאפשרת צפייה בכלב מרחוק, שיחה דו-כיוונית וזריקת חטיפים בלחיצת כפתור באפליקציה. שולחת התראה בזיהוי נביחה, ומתאימה לבעלים שרוצים להישאר בקשר עם הכלב גם כשאינם בבית.",חיבור: Wi-Fi | זריקת חטיפים: מרחוק | זיהוי נביחה: כן,https://placehold.co/600x600/f4f4f5/27272a/png?text=dog%20camera
P0941,צעצוע לעיסה עמיד לכלבים גדולים,Kong,חיות מחמד,כלבים,"צעצוע גומי עמיד לעיסה אינטנסיבית, ניתן למילוי בממרח או חטיפים להעשרה ממושכת. מתאים לכלבים בעלי לסת חזקה ומספק פורקן אנרגיה בטוח.",חומר: גומי טבעי | מתאים ל: גזעים גדולים | ניתן למילוי: כן,https://placehold.co/600x600/f4f4f5/27272a/png?text=dog%20chew%20toy
P0942,עמוד גירוד לחתול מצופה חבל סיזל,ScratchPro,חיות מחמד,חתולים,"עמוד גירוד יציב מצופה חבל סיזל טבעי, בגובה המאפשר לחתול להתמתח במלוא אורכו. בסיס רחב ומשוקלל למניעת התהפכות, מסייע להגן על הרהיטים בבית מפני גירוד.",גובה: 70 ס״מ | ציפוי: חבל סיזל | בסיס: משוקלל,https://placehold.co/600x600/f4f4f5/27272a/png?text=cat%20scratching%20post
P0943,ארגז חול לחתול עם ניקוי עצמי,Catit,חיות מחמד,חתולים,ארגז חול אוטומטי הסורק את החול ומפריד צואה מגובשת למגירה נפרדת ללא מגע יד. מפחית ריח ומייתר ניקוי יומיומי ידני. מתאים לבית עם חתול אחד או יותר.,ניקוי: אוטומטי בחיישן | קיבולת פסולת: מגירה נפרדת | מתאים ל: עד 2 חתולים,https://placehold.co/600x600/f4f4f5/27272a/png?text=self%20cleaning%20litter%20box
P0944,מזרקת מים לחתול עם זרימה מתמדת,Catit,חיות מחמד,חתולים,"מזרקת מים חשמלית לחתולים המעודדת שתייה מוגברת באמצעות זרימת מים מתמדת, עם מסנן פחם המסיר טעמים וריחות. שקטה ופשוטה לניקוי ולפירוק לצורך תחזוקה.",קיבולת: 2.5 ליטר | מסנן: פחם פעיל | רמת רעש: נמוכה,https://placehold.co/600x600/f4f4f5/27272a/png?text=cat%20water%20fountain
P0945,עץ טיפוס לחתולים רב קומתי,ClimbCat,חיות מחמד,חתולים,"עץ טיפוס גדול עם מספר קומות, פלטפורמות מרופדות ומחילת מנוחה סגורה, מספק מקום מנוחה, טיפוס וגירוד לחתול. יציב במיוחד הודות לבסיס רחב ומשוקלל.",גובה: 140 ס״מ | קומות: 4 | כולל מחילה: כן,https://placehold.co/600x600/f4f4f5/27272a/png?text=cat%20tree
P0946,קופסת נשיאה מאווררת לחתול לנסיעות,,חיות מחמד,חתולים,"קופסת נשיאה קשיחה עם פתחי אוורור מרובים ודלת קדמית נעולה, מתאימה לנסיעות לווטרינר ולטיסות, וניתנת לפירוק לניקוי קל עם ידית נשיאה מרופדת.",מידות: 48x32x30 ס״מ | פתחי אוורור: היקפיים | דלת: נעילה כפולה,https://placehold.co/600x600/f4f4f5/27272a/png?text=pet%20carrier
P0947,מזין אוטומטי למזון יבש עם טיימר,PetSafe,חיות מחמד,כללי לחיות מחמד,"מתקן האכלה אוטומטי המחלק מנות מזון יבש בשעות קבועות לפי תזמון מראש, מתאים לכלבים וחתולים כאחד. מסך תצוגה פשוט להגדרת עד ארבע ארוחות ביום ותא אחסון אטום ללחות.",קיבולת: 4 ליטר | ארוחות מתוזמנות: עד 4 ביום | הפעלה: סוללות או חשמל,https://placehold.co/600x600/f4f4f5/27272a/png?text=automatic%20pet%20feeder
P0948,מכונת טיפוח ותספורת לבעלי חיים,GroomEasy,חיות מחמד,כללי לחיות מחמד,"מכונת תספורת חשמלית שקטה ללא רעש מבהיל, מתאימה לכלבים וחתולים. ראש חיתוך מתחלף ומספר אבזרי אורך, כולל סוללה נטענת לשימוש נייד ללא כבל.",הפעלה: סוללה נטענת | רמת רעש: נמוכה | אבזרי אורך: 4,https://placehold.co/600x600/f4f4f5/27272a/png?text=pet%20grooming%20clippers
P0949,תיק נשיאה לחיות מחמד קטנות,PetGo,חיות מחמד,כללי לחיות מחמד,"תיק נשיאה רך על הכתף עם רשת אוורור וחלון תצפית, מתאים לכלבים וחתולים קטנים עד כשמונה קילוגרם, עם ריפוד פנימי נשלף לכביסה ורצועת ביטחון פנימית לחיבור לרתמה.",משקל מרבי: 8 ק״ג | ריפוד: נשלף לכביסה | נשיאה: כתף/יד,https://placehold.co/600x600/f4f4f5/27272a/png?text=pet%20carrier%20bag
P0950,מברשת הסרת שיער לכלבים וחתולים,FurAway,חיות מחמד,כללי לחיות מחמד,"מברשת דו-צדדית להסרת פרווה תחתונה ושיער נושר, מפחיתה נשירה ברחבי הבית ומסייעת במניעת פקעות. ידית אחיזה ארגונומית נוחה למברשות ממושכות.",סוג: דו-צדדית | מתאים ל: פרווה קצרה וארוכה | ידית: ארגונומית,https://placehold.co/600x600/f4f4f5/27272a/png?text=pet%20grooming%20brush
P0951,מנגל גז נייד עם שלושה מבערים,Weber,גינה ומנגל,מנגלים ועל האש,"מנגל גז ביתי עם שלושה מבערי פלדת אל-חלד עוצמתיים ומשטח בישול מצופה אמאייל בגודל המתאים לארוחה משפחתית שלמה. כולל מד חום מובנה במכסה, מדף עבודה צידי מתקפל וגלגלים לניוד נוח בחצר.",מבערים: 3 | שטח בישול: 5200 סמ״ר | הצתה: אלקטרונית,https://placehold.co/600x600/f4f4f5/27272a/png?text=gas%20grill
P0952,מנגל פחמים עגול קלאסי,Char-Broil,גינה ומנגל,מנגלים ועל האש,מנגל פחמים עגול בעיצוב קלאסי עם פתחי אוורור מתכווננים לשליטה בעוצמת האש ומכסה מתאים לצלייה עקיפה. רגליים יציבות וסל אפר נשלף לניקוי קל בסיום השימוש.,קוטר משטח: 57 ס״מ | חומר: פלדה מצופה אמאייל | אוורור: מתכוונן,https://placehold.co/600x600/f4f4f5/27272a/png?text=charcoal%20grill
P0953,מעשנת פלטס חשמלית לבשר,Traeger,גינה ומנגל,מנגלים ועל האש,"מעשנת פלטס עצי המשלבת בישול, עישון וצלייה במכשיר אחד, עם בקרת טמפרטורה דיגיטלית מדויקת ואפשרות שליטה מהאפליקציה. מתאימה לבשרים גדולים הדורשים עישון ממושך בטמפרטורה קבועה, ומספקת טעם עשן טבעי ללא צורך בפחמים.",טווח טמפרטורה: 80-260 מעלות | דלק: פלטס עץ | חיבור: Wi-Fi,https://placehold.co/600x600/f4f4f5/27272a/png?text=pellet%20smoker
P0954,ערכת כלי מנגל מנירוסטה 5 חלקים,GrillMate,גינה ומנגל,מנגלים ועל האש,"ערכת אביזרים לצלייה הכוללת מלקחיים, מרית, מזלג, מברשת ניקוי ומברשת מריחת רטבים, כולם מנירוסטה עמידה בחלודה עם ידיות עץ. מגיעה בתיק נשיאה מתאים לאחסון מסודר.",חלקים: 5 | חומר: נירוסטה וידית עץ | תיק נשיאה: כלול,https://placehold.co/600x600/f4f4f5/27272a/png?text=bbq%20tool%20set
P0955,תנור פיצה חיצוני לגז,Ooni,גינה ומנגל,מנגלים ועל האש,"תנור פיצה קומפקטי המגיע לטמפרטורות גבוהות תוך דקות ואופה פיצה איטלקית אמיתית בפחות משתי דקות. מופעל בגז ומתאים לשימוש בחצר או במרפסת, עם אבן אפייה מובנית לתוצאה פריכה.",טמפרטורה מרבית: 500 מעלות | דלק: גז | זמן חימום: כ-15 דקות,https://placehold.co/600x600/f4f4f5/27272a/png?text=pizza%20oven
P0956,מנגל גז קומפקטי לטיולים,Char-Broil,גינה ומנגל,מנגלים ועל האש,"מנגל גז מתקפל וקל משקל, מתאים לטיולי שטח, פיקניקים וחצרות קטנות. מתחבר לבלון גז קמפינג סטנדרטי ומגיע עם תיק נשיאה.",משקל: 4.2 ק״ג | מבערים: 1 | קיפול: לתיק נשיאה,https://placehold.co/600x600/f4f4f5/27272a/png?text=portable%20gas%20grill
P0957,רשת מנגל נשלפת מנירוסטה להחלפה,GratePro,גינה ומנגל,מנגלים ועל האש,"רשת חלופית לצלייה מנירוסטה עמידה בחום גבוה, מתאימה למגוון דגמי מנגל פחמים וגז נפוצים, קלה לניקוי ואינה מחלידה עם השימוש.",חומר: נירוסטה | מידות: 46x33 ס״מ | עמידות חום: גבוהה,https://placehold.co/600x600/f4f4f5/27272a/png?text=grill%20grate
P0958,מערכת ישיבה מרופדת לגינה ארבעה מושבים,Keter,גינה ומנגל,ריהוט גן,"מערכת ישיבה מודולרית לגינה עשויה ראטן סינטטי עמיד לתנאי חוץ, עם כריות מרופדות הניתנות להסרה ולכביסה. ניתן לסדר את המודולים במגוון תצורות בהתאם לגודל המרפסת או הגינה.",חומר: ראטן סינטטי | מושבים: 4 | כריות: ניתנות להסרה,https://placehold.co/600x600/f4f4f5/27272a/png?text=outdoor%20lounge%20set
P0959,כורסת תלייה עם מסגרת עץ,HangRest,גינה ומנגל,ריהוט גן,"כורסה תלויה עשויה בד מקורה עמיד למים עם מסגרת עץ יציבה, מספקת פינת ישיבה נעימה בגינה או במרפסת. מתנדנדת בעדינות ותומכת בעד מבוגר אחד.",משקל מרבי: 120 ק״ג | מסגרת: עץ אורן | בד: עמיד למים,https://placehold.co/600x600/f4f4f5/27272a/png?text=hammock%20chair
P0960,שמשיה לגינה עם בסיס יציב,ShadeMax,גינה ומנגל,ריהוט גן,שמשיה בקוטר שלושה מטרים עם מנגנון פתיחה בארכובה ואפשרות הטיה לכיוון השמש. בד עמיד בפני קרינת UV ובסיס יציב הממולא בחול או במים.,קוטר: 300 ס״מ | פתיחה: ארכובה | הטיה: מתכווננת,https://placehold.co/600x600/f4f4f5/27272a/png?text=patio%20umbrella
P0961,שולחן גינה מפלסטיק עמיד למזג אוויר,Keter,גינה ומנגל,ריהוט גן,"שולחן גינה עשוי פלסטיק מחוזק שאינו נסדק בשמש ואינו סופג מים, קל לניקוי ולניוד. מתאים לשש סועדים ומגיע במספר גוונים.",מתאים ל: 6 סועדים | חומר: פוליפרופילן | תחזוקה: ללא צביעה,https://placehold.co/600x600/f4f4f5/27272a/png?text=patio%20table
P0962,ארגז אחסון גן עמיד למים,Keter,גינה ומנגל,ריהוט גן,"ארגז אחסון חיצוני גדול לכריות, כלי גינון וצעצועי חצר, אטום למים ועמיד לקרינת UV. מכסה נועל למניעת גישת ילדים וגלגלים נסתרים לניוד קל.",נפח: 350 ליטר | עמידות: UV ומים | נעילה: כן,https://placehold.co/600x600/f4f4f5/27272a/png?text=garden%20storage%20box
P0963,כיסא נוח מתקפל לגינה,FoldEasy,גינה ומנגל,ריהוט גן,"כיסא נוח קל משקל עם משענת מתכווננת בכמה זוויות, מתקפל לאחסון קומפקטי ומתאים לגינה, לחוף הים ולטיולי קמפינג.",משקל: 3.5 ק״ג | זוויות הטיה: 5 | קיפול: שטוח,https://placehold.co/600x600/f4f4f5/27272a/png?text=folding%20lounge%20chair
P0964,מערכת השקיה בטפטוף לגינה ביתית,Gardena,גינה ומנגל,גינון והשקיה,"ערכת השקיה בטפטוף המתחברת ישירות לברז הגינה, כוללת צינורות, מטפטפים מתכווננים ומחברים להתקנה ללא כלים. מאפשרת חלוקת מים מדויקת לכל צמח ומפחיתה בזבוז מים בהשוואה להשקיה בממטרה.",אורך צינור: 15 מטרים | מטפטפים: מתכווננים | התקנה: ללא כלים,https://placehold.co/600x600/f4f4f5/27272a/png?text=drip%20irrigation%20kit
P0965,גלגלון צינור השקיה עם ידית הרכבה,Gardena,גינה ומנגל,גינון והשקיה,"גלגלון קיר לגלילת צינור השקיה במהירות וללא הסתבכות, עם ידית סיבוב וברקט הרכבה לקיר או לגדר. מתאים לצינורות באורך של עד 30 מטרים.",קיבולת צינור: עד 30 מטרים | הרכבה: קיר/גדר | ידית: מתקפלת,https://placehold.co/600x600/f4f4f5/27272a/png?text=hose%20reel
P0966,שעון השקיה דיגיטלי אוטומטי,Gardena,גינה ומנגל,גינון והשקיה,"שעון השקיה המתחבר לברז ומאפשר תזמון השקיה אוטומטי במספר מחזורים ביום, גם כשאין איש בבית. תצוגה דיגיטלית פשוטה ותא סוללות אטום למים.",מחזורי השקיה: עד 4 ביום | תצוגה: דיגיטלית | עמידות: אטום למים,https://placehold.co/600x600/f4f4f5/27272a/png?text=irrigation%20timer
P0967,מזמרה חשמלית אלחוטית לגיזום,Bosch,גינה ומנגל,גינון והשקיה,"מזמרה קלת משקל המופעלת בסוללת ליתיום, מתאימה לגיזום ענפים דקים ושיחים בגינה הביתית. להב פלדה חד המבטיח חיתוך נקי ומופעלת בלחיצת כפתור בודדת.",קוטר חיתוך מרבי: 25 מ״מ | סוללה: ליתיום נטענת | משקל: 0.6 ק״ג,https://placehold.co/600x600/f4f4f5/27272a/png?text=pruning%20shears
P0968,מטאטא עלים חשמלי נייד,Worx,גינה ומנגל,גינון והשקיה,"מטאטא עלים אלחוטי המשלב שאיבה וניפוח במכשיר אחד, קל לתמרון סביב ערוגות ופינות גינה. שקית איסוף גדולה מפחיתה את הצורך בריקון תכוף.",הפעלה: סוללה נטענת | מצבים: שאיבה/ניפוח | קיבולת שקית: 45 ליטר,https://placehold.co/600x600/f4f4f5/27272a/png?text=leaf%20blower
P0969,מכסחת דשא רובוטית אוטונומית,Husqvarna,גינה ומנגל,גינון והשקיה,"מכסחת דשא רובוטית הפועלת באופן אוטונומי לפי תוכנית שבועית, מזהה גבולות באמצעות חוט הדרכה שמותקן בהיקף הגינה. חוזרת לתחנת הטעינה בעצמה כשהסוללה נחלשת ופועלת בשקט המאפשר הפעלה גם בשעות הערב.",שטח כיסוי: עד 800 מ״ר | הפעלה: אוטונומית לפי לו״ז | רמת רעש: נמוכה,https://placehold.co/600x600/f4f4f5/27272a/png?text=robotic%20lawn%20mower
P0970,עציצים מעוצבים לגינה בסט שלושה גדלים,,גינה ומנגל,גינון והשקיה,"סט שלושה עציצי חוץ בגדלים מדורגים, עשויים חומר עמיד לקרינת UV ולקור, עם פתחי ניקוז בתחתית המונעים הצטברות מים עודפים סביב השורשים.",מספר יחידות: 3 | חומר: פוליאתילן עמיד UV | ניקוז: פתחי תחתית,https://placehold.co/600x600/f4f4f5/27272a/png?text=garden%20planters
P0971,מקדחה אלחוטית עם שתי סוללות ליתיום,Makita,כלי עבודה ורכב,כלי עבודה,"מקדחה-מברגה אלחוטית עוצמתית עם מנוע ללא מברשות המאריך את חיי המכשיר, מגיעה עם שתי סוללות להחלפה ללא הפסקת עבודה. מתאימה לקדיחה בעץ, מתכת ובטון עם אביזר מתאים, וכוללת שנתות מומנט מרובות למניעת הברגת יתר.",מתח: 18V | סוללות כלולות: 2 | שנתות מומנט: 21,https://placehold.co/600x600/f4f4f5/27272a/png?text=cordless%20drill
P0972,ערכת כלי עבודה ביתית 108 חלקים,Stanley,כלי עבודה ורכב,כלי עבודה,"ארגז כלים ביתי מקיף עם פטיש, מברגים, מפתחות ברגים, פלייר ומגוון אביזרים נלווים, מאורגן בתוך תיבה קשיחה עם תאים מסודרים. מתאים לתיקונים שוטפים בבית ולעבודות תחזוקה בסיסיות.",מספר חלקים: 108 | תיבה: קשיחה עם תאים | חומר עיקרי: פלדת כרום ואנדיום,https://placehold.co/600x600/f4f4f5/27272a/png?text=tool%20set
P0973,ראשי ברגים מגנטיים בסט מגוון,Bosch,כלי עבודה ורכב,כלי עבודה,"סט ראשי ברגה מגנטיים במגוון גדלים וסוגים, מתאים לרוב המברגות והמקדחות בשוק. ראשים מחוזקים העמידים בבלאי ומאורגנים במחזיק פלסטיק נוח לנשיאה.",מספר ראשים: 32 | חיבור: שישבריח 6.35 מ״מ | מארז: מחזיק פלסטיק,https://placehold.co/600x600/f4f4f5/27272a/png?text=screwdriver%20bits
P0974,פלס לייזר קווי לעבודות שיפוץ,Bosch,כלי עבודה ורכב,כלי עבודה,"פלס לייזר המקרין שני קווים מאונכים לישור מדויק בעבודות תלייה, ריצוף ושיפוץ. מתאזן אוטומטית ומתריע כשהמכשיר מוטה מעבר לזווית התיקון. כולל מעמד הצמדה מגנטי.",קווי לייזר: 2 | טווח עבודה: עד 10 מטרים | איזון: אוטומטי,https://placehold.co/600x600/f4f4f5/27272a/png?text=laser%20level
P0975,סולם אלומיניום מתקפל רב תכליתי,ClimbSafe,כלי עבודה ורכב,כלי עבודה,"סולם אלומיניום המתקפל למספר תצורות: סולם A, סולם קיר וגשר עבודה, מתאים למגוון עבודות גובה בבית ובחצר. קליפים בטיחותיים נועלים את המפרקים במצב פתוח, ורגליים מצופות גומי מונעות החלקה.",תצורות: 4 | גובה מרבי: 380 ס״מ | עומס מרבי: 150 ק״ג,https://placehold.co/600x600/f4f4f5/27272a/png?text=ladder
P0976,כלי רב תכליתי מתקפל עם להבים מתחלפים,Leatherman,כלי עבודה ורכב,כלי עבודה,"כלי רב תכליתי קומפקטי המשלב פלייר, סכין, מספריים, פותחן ומברגים במכשיר אחד המתקפל לגודל כיס. עשוי נירוסטה עמידה ומגיע עם נרתיק נשיאה לחגורה, שימושי לטיולים ולעבודות שטח.",כלים כלולים: 18 | חומר: נירוסטה | נרתיק נשיאה: כלול,https://placehold.co/600x600/f4f4f5/27272a/png?text=multi-tool
P0977,פנס עבודה נטען עם תאורת LED חזקה,BrightBeam,כלי עבודה ורכב,כלי עבודה,"פנס עבודה נטען עם וו תלייה ומגנט בגב, מספק תאורה חזקה לעבודה באזורים חשוכים כגון מתחת לרכב או בעליית גג. סוללה פנימית הנטענת בכבל USB.",עוצמת אור: 1000 לומן | הפעלה: סוללה נטענת | תלייה: וו ומגנט,https://placehold.co/600x600/f4f4f5/27272a/png?text=work%20light
P0978,מברגה אלחוטית קומפקטית,Black+Decker,כלי עבודה ורכב,כלי עבודה,"מברגה קלה וקומפקטית מתאימה למשימות הברגה קלות בבית, עם ידית ארגונומית ותאורת לד המאירה את אזור העבודה. קלה לאחסון במגירה בזכות גודלה הקטן.",מתח: 4V | משקל: 0.4 ק״ג | תאורת עבודה: LED,https://placehold.co/600x600/f4f4f5/27272a/png?text=screwdriver
P0979,מסור ידני חשמלי לעץ ומתכת,DeWalt,כלי עבודה ורכב,כלי עבודה,"מסור הזזה חשמלי המתאים לחיתוך עץ, פלסטיק ומתכת דקה עם החלפת להב פשוטה ללא כלים. ידית אחיזה יציבה ומנגנון בולם רעידות המפחית עייפות ביד בעבודה ממושכת.",מהירות חיתוך: מתכווננת | החלפת להב: ללא כלים | כבל: 220V,https://placehold.co/600x600/f4f4f5/27272a/png?text=reciprocating%20saw
P0980,ארגז כלים נייד עם תאים מתחלפים,Stanley,כלי עבודה ורכב,כלי עבודה,ארגז כלים פלסטיק עמיד עם מגש עליון נשלף ותאים פנימיים הניתנים לסידור מחדש לפי הצורך. ידית נשיאה מחוזקת ונעילה כפולה למניעת פתיחה בלתי רצויה.,חומר: פוליפרופילן | תאים: מתכווננים | נעילה: כפולה,https://placehold.co/600x600/f4f4f5/27272a/png?text=tool%20box
P0981,מגלף לייזר מדידת מרחק דיגיטלי,Bosch,כלי עבודה ורכב,כלי עבודה,"מד מרחק לייזר המודד אורך, שטח ונפח בלחיצת כפתור אחת, מציג את התוצאה על מסך דיגיטלי ברור. שימושי למדידות שיפוץ, רכישת ריצוף וחישובי צביעה.",טווח מדידה: עד 30 מטרים | דיוק: 2 מ״מ | תצוגה: דיגיטלית,https://placehold.co/600x600/f4f4f5/27272a/png?text=laser%20measure
P0982,משדכה חשמלית לעבודות ריפוד ונגרות,StaplePro,כלי עבודה ורכב,כלי עבודה,"משדכה חשמלית לירי מהדקים ומסמרות דקות, מתאימה לריפוד רהיטים, נגרות קלה ועבודות דקורציה. עוצמת ירי מתכווננת ומחסנית שקופה המראה את כמות המהדקים שנותרה.",הפעלה: חשמלית 220V | עוצמת ירי: מתכווננת | תצוגת מחסנית: שקופה,https://placehold.co/600x600/f4f4f5/27272a/png?text=staple%20gun
P0983,מברגה שולחנית עם מהדק עבודה,Makita,כלי עבודה ורכב,כלי עבודה,"מברגה עמוד קבועה לשולחן העבודה עם מהדק להחזקת חלקי עבודה, מיועדת לקדיחות מדויקות וחוזרות בעץ ובמתכת. מנוע חזק ומספר מהירויות סיבוב להתאמה לחומר הנקדח.",מהירויות: 5 | עומק קדיחה מרבי: 50 מ״מ | הרכבה: שולחנית קבועה,https://placehold.co/600x600/f4f4f5/27272a/png?text=drill%20press
P0984,מטען סוללות מהיר לכלי עבודה אלחוטיים,DeWalt,כלי עבודה ורכב,כלי עבודה,"מטען מהיר התואם למגוון סוללות ליתיום מסדרת הכלים האלחוטיים של היצרן, מקצר משמעותית את זמן הטעינה בהשוואה למטען הסטנדרטי. כולל הגנה מפני התחממות יתר.",זמן טעינה: כ-40 דקות | תאימות: סוללות 18V-20V | הגנת חום: כן,https://placehold.co/600x600/f4f4f5/27272a/png?text=battery%20charger
P0985,כפפות עבודה עמידות עם ציפוי גומי,,כלי עבודה ורכב,כלי עבודה,"כפפות עבודה עם ציפוי גומי בכף היד לאחיזה משופרת וגב מאוורר, המגנות מפני שפשופים וחתכים קלים בעבודות גינון, בנייה ותחזוקה.",מידות: S-XL | ציפוי כף יד: גומי | אוורור: גב הכפפה,https://placehold.co/600x600/f4f4f5/27272a/png?text=work%20gloves
P0986,מצלמת דרך קדמית עם הקלטת לולאה,70mai,כלי עבודה ורכב,רכב,"מצלמת דרך קומפקטית המתקינה מאחורי המראה הפנימית, מקליטה בלולאה מתמשכת ושומרת אוטומטית קטעים בעת זיהוי תאונה. איכות הקלטה גבוהה גם בתנאי תאורה חלשים ואפליקציה נלווית לצפייה בקטעים בטלפון.",רזולוציה: Full HD | הקלטת לולאה: כן | חיבור: Wi-Fi/אפליקציה,https://placehold.co/600x600/f4f4f5/27272a/png?text=dash%20cam
P0987,שואב אבק אלחוטי לרכב,Xiaomi,כלי עבודה ורכב,רכב,"שואב אבק קטן וקל לניקוי פנים הרכב, עם סוללה נטענת המספיקה למספר ניקויים ברצף. ראש יניקה גמיש המגיע לפינות מושבים ולתאי אחסון צרים.",הפעלה: סוללה נטענת | משקל: 0.5 ק״ג | אביזרים נלווים: 3,https://placehold.co/600x600/f4f4f5/27272a/png?text=car%20vacuum
P0988,מתנע חירום נייד לרכב עם כבלי הצתה,Noco,כלי עבודה ורכב,רכב,"מתנע חירום קומפקטי המסייע להתניע רכב עם מצבר חלש ללא צורך ברכב נוסף, כולל כבלי הצתה עם הגנה מפני חיבור הפוך. משמש גם כסוללת גיבוי לטעינת מכשירים ניידים ומגיע עם פנס לד מובנה.",זרם התנעה: 1000A | סוללה פנימית: ליתיום | פנס LED: מובנה,https://placehold.co/600x600/f4f4f5/27272a/png?text=jump%20starter
P0989,מדחס אוויר נייד לניפוח צמיגים,Xiaomi,כלי עבודה ורכב,רכב,"מדחס אוויר קטן המתחבר לשקע 12 וולט ברכב, מנפח צמיגים למידת לחץ אוויר מוגדרת מראש ומכבה אוטומטית בהגיעו ליעד. מסך דיגיטלי מציג את לחץ האוויר בזמן אמת.",לחץ מרבי: 150 PSI | חיבור: שקע 12V | כיבוי אוטומטי: כן,https://placehold.co/600x600/f4f4f5/27272a/png?text=tire%20inflator
P0990,מארגן תא מטען מתקפל לרכב,TrunkFix,כלי עבודה ורכב,רכב,"מארגן בד קשיח לתא המטען המחלק את השטח למדורים נפרדים למניעת התגלגלות חפצים בנסיעה, מתקפל שטוח לאחסון וניתן לניקוי בקלות.",תאים: 3 מדורים | קיפול: שטוח | חומר: בד עמיד,https://placehold.co/600x600/f4f4f5/27272a/png?text=trunk%20organizer
P0991,מעמד טלפון מגנטי לרכב,GripMount,כלי עבודה ורכב,רכב,"מעמד טלפון קטן עם ליבת מגנט חזקה המתחבר לפתחי מזגן הרכב, מחזיק את הטלפון יציב גם בנסיעה על כביש משובש. מתקין בקלות ללא כלים.",התקנה: פתח מזגן | חוזק החזקה: מגנטי | תאימות: כל דגמי הסמארטפון,https://placehold.co/600x600/f4f4f5/27272a/png?text=phone%20holder
P0992,מקרר קטן נייד לרכב על מתח 12 וולט,CoolDrive,כלי עבודה ורכב,רכב,"מקרר נייד קומפקטי לרכב המחובר לשקע 12 וולט, שומר על משקאות ומזון קרים בנסיעות ארוכות וטיולי שטח. בידוד תרמי איכותי ודלת פותחת מהצד עם מנעול תפיסה.",קיבולת: 15 ליטר | חיבור: 12V/230V | טווח קירור: עד 18 מעלות מתחת לסביבה,https://placehold.co/600x600/f4f4f5/27272a/png?text=car%20fridge
P0993,מצלמת דרך אחורית עם ראיית לילה,70mai,כלי עבודה ורכב,רכב,"מצלמת דרך אחורית המתחברת למצלמה הקדמית ליצירת הקלטה כפולה, עם חיישן ראיית לילה המשפר את האיכות בנהיגה בחשיכה. עמידה במים לשימוש חיצוני על השמשה האחורית.",ראיית לילה: כן | חיבור: למצלמה קדמית תואמת | עמידות: IP67,https://placehold.co/600x600/f4f4f5/27272a/png?text=rear%20dash%20cam
P0994,מנקה שמשות אוטומטי לרכב,,כלי עבודה ורכב,רכב,"מברשת ניקוי שמשות מסתובבת המופעלת בסוללה, מסירה אבק ולכלוך מהשמשה הקדמית ומהמראות בלחיצת כפתור, וקומפקטית לאחסון בתא הכפפות.",הפעלה: סוללות AA | סוג ראש: מסתובב | ייעוד: שמשות ומראות,https://placehold.co/600x600/f4f4f5/27272a/png?text=windshield%20cleaner
P0995,מד לחץ אוויר דיגיטלי לצמיגים,GaugePro,כלי עבודה ורכב,רכב,"מד לחץ אוויר כף יד עם תצוגה דיגיטלית ברורה, מודד לחץ צמיגים במדויק תוך שניות. גודל קטן המתאים לאחסון בתא הכפפות ותאורת רקע לשימוש בלילה.",דיוק: 0.1 PSI | תצוגה: דיגיטלית מוארת | הפעלה: סוללה כלולה,https://placehold.co/600x600/f4f4f5/27272a/png?text=tire%20pressure%20gauge
P0996,כיסוי הגה מרופד לרכב,DriveComfort,כלי עבודה ורכב,רכב,"כיסוי הגה מרופד המשפר אחיזה ונוחות נהיגה ומתאים להיקפי הגה סטנדרטיים, מונע החלקה בידיים מזיעות ומחליף היגוי ישן ושחוק במראה מחודשת.",היקף מתאים: 37-39 ס״מ | חומר: עור סינטטי | התקנה: ללא כלים,https://placehold.co/600x600/f4f4f5/27272a/png?text=steering%20wheel%20cover
P0997,מתקן טעינה אלחוטי לרכב עם התקנה מהירה,Xiaomi,כלי עבודה ורכב,רכב,"מעמד טעינה אלחוטי המתחבר לפתח המזגן ותומך בטעינה מהירה לטלפונים תואמים, ללא צורך בחיבור כבל בכל כניסה לרכב. זרועות אחיזה מתכווננות המתאימות למגוון גדלי מכשירים.",הספק טעינה: עד 15W | התקנה: פתח מזגן | תאימות: טעינה אלחוטית Qi,https://placehold.co/600x600/f4f4f5/27272a/png?text=wireless%20car%20charger
P0998,שטיחון רכב עמיד למים בסט מלא,FloorGuard,כלי עבודה ורכב,רכב,"סט שטיחוני גומי המכסה את רצפת הרכב במלואה, כולל תעלות ניקוז המונעות הצטברות מים וגשם על הרצפה. קל לניקוי בשטיפה במים ואינו מחליק בזכות בסיס נצמד.",חומר: גומי TPE | מספר יחידות: 4-5 | תעלות ניקוז: היקפיות,https://placehold.co/600x600/f4f4f5/27272a/png?text=car%20floor%20mats
P0999,מערכת ניווט GPS נייחת לרכב,Garmin,כלי עבודה ורכב,רכב,"מכשיר ניווט GPS עם מסך מגע גדול, מפות מעודכנות ואזהרות מכמונות מהירות ופקקים בזמן אמת. מתקין בקלות על השמשה או לוח המחוונים ועובד גם ללא חיבור סלולרי.",מסך: 6 אינץ׳ | עדכוני תנועה: בזמן אמת | חיבור סלולרי: לא נדרש,https://placehold.co/600x600/f4f4f5/27272a/png?text=gps%20navigation
P1000,תא אחסון תלוי למושב אחורי ברכב,BackSeatPro,כלי עבודה ורכב,רכב,"תא אחסון בד הנתלה על גב המושב הקדמי, כולל כיסים בגדלים שונים לטאבלט, בקבוק שתייה ואביזרים קטנים. שומר על הרכב מסודר בנסיעות עם ילדים.",התקנה: תלייה על משענת | כיסים: 6 | חומר: בד עמיד,https://placehold.co/600x600/f4f4f5/27272a/png?text=backseat%20organizer
